[    4192ms] [INFO] %cDownload the React DevTools for a better development experience: https://reactjs.org/link/react-devtools font-weight:bold @ http://localhost:5173/node_modules/.vite/deps/chunk-2EG2ZD3U.js?v=6057410a:21550
[    4926ms] [WARNING] [DEPRECATED] Default export is deprecated. Instead use `import { create } from 'zustand'`. @ http://localhost:5173/node_modules/.vite/deps/zustand.js?v=6057410a:233
[    6008ms] [ERROR] Failed to load resource: the server responded with a status of 404 (Not Found) @ http://localhost:5173/favicon.ico:0
[    8969ms] [LOG] [BackendBanner] backendStatus: null type: object startupComplete: false @ http://localhost:5173/src/pages/ConversationPanel.tsx?t=1785126586241:704
[    8970ms] [LOG] [BackendBanner] backendStatus: null type: object startupComplete: false @ http://localhost:5173/src/pages/ConversationPanel.tsx?t=1785126586241:704
[    9121ms] [LOG] [Frontend] Health check attempt 0 @ http://localhost:5173/src/pages/ConversationPanel.tsx?t=1785126586241:151
[    9124ms] [LOG] [Frontend] Health check attempt 0 @ http://localhost:5173/src/pages/ConversationPanel.tsx?t=1785126586241:151
[    9126ms] [LOG] [Frontend] Health response: null @ http://localhost:5173/src/pages/ConversationPanel.tsx?t=1785126586241:153
[    9126ms] [LOG] [Frontend] Health response: null @ http://localhost:5173/src/pages/ConversationPanel.tsx?t=1785126586241:153
[    9152ms] [LOG] [BackendBanner] backendStatus: null type: object startupComplete: false @ http://localhost:5173/src/pages/ConversationPanel.tsx?t=1785126586241:704
[    9152ms] [LOG] [BackendBanner] backendStatus: null type: object startupComplete: false @ http://localhost:5173/src/pages/ConversationPanel.tsx?t=1785126586241:704
[    9165ms] [LOG] [BackendBanner] backendStatus: null type: object startupComplete: false @ http://localhost:5173/src/pages/ConversationPanel.tsx?t=1785126586241:704
[    9166ms] [LOG] [BackendBanner] backendStatus: null type: object startupComplete: false @ http://localhost:5173/src/pages/ConversationPanel.tsx?t=1785126586241:704
[    9175ms] [LOG] [BackendBanner] backendStatus: null type: object startupComplete: false @ http://localhost:5173/src/pages/ConversationPanel.tsx?t=1785126586241:704
[    9176ms] [LOG] [BackendBanner] backendStatus: null type: object startupComplete: false @ http://localhost:5173/src/pages/ConversationPanel.tsx?t=1785126586241:704
[   10440ms] [LOG] [BackendBanner] backendStatus: null type: object startupComplete: false @ http://localhost:5173/src/pages/ConversationPanel.tsx?t=1785126586241:704
[   10440ms] [LOG] [BackendBanner] backendStatus: null type: object startupComplete: false @ http://localhost:5173/src/pages/ConversationPanel.tsx?t=1785126586241:704
[   10448ms] [LOG] [BackendBanner] backendStatus: null type: object startupComplete: false @ http://localhost:5173/src/pages/ConversationPanel.tsx?t=1785126586241:704
[   10449ms] [LOG] [BackendBanner] backendStatus: null type: object startupComplete: false @ http://localhost:5173/src/pages/ConversationPanel.tsx?t=1785126586241:704
[   10464ms] [LOG] [BackendBanner] backendStatus: null type: object startupComplete: false @ http://localhost:5173/src/pages/ConversationPanel.tsx?t=1785126586241:704
[   10464ms] [LOG] [BackendBanner] backendStatus: null type: object startupComplete: false @ http://localhost:5173/src/pages/ConversationPanel.tsx?t=1785126586241:704
[   10481ms] [LOG] [BackendBanner] backendStatus: null type: object startupComplete: false @ http://localhost:5173/src/pages/ConversationPanel.tsx?t=1785126586241:704
[   10481ms] [LOG] [BackendBanner] backendStatus: null type: object startupComplete: false @ http://localhost:5173/src/pages/ConversationPanel.tsx?t=1785126586241:704
[   10500ms] [LOG] [BackendBanner] backendStatus: null type: object startupComplete: false @ http://localhost:5173/src/pages/ConversationPanel.tsx?t=1785126586241:704
[   10500ms] [LOG] [BackendBanner] backendStatus: null type: object startupComplete: false @ http://localhost:5173/src/pages/ConversationPanel.tsx?t=1785126586241:704
[   10515ms] [LOG] [BackendBanner] backendStatus: null type: object startupComplete: false @ http://localhost:5173/src/pages/ConversationPanel.tsx?t=1785126586241:704
[   10515ms] [LOG] [BackendBanner] backendStatus: null type: object startupComplete: false @ http://localhost:5173/src/pages/ConversationPanel.tsx?t=1785126586241:704
[   10531ms] [LOG] [BackendBanner] backendStatus: null type: object startupComplete: false @ http://localhost:5173/src/pages/ConversationPanel.tsx?t=1785126586241:704
[   10531ms] [LOG] [BackendBanner] backendStatus: null type: object startupComplete: false @ http://localhost:5173/src/pages/ConversationPanel.tsx?t=1785126586241:704
[   10548ms] [LOG] [BackendBanner] backendStatus: null type: object startupComplete: false @ http://localhost:5173/src/pages/ConversationPanel.tsx?t=1785126586241:704
[   10548ms] [LOG] [BackendBanner] backendStatus: null type: object startupComplete: false @ http://localhost:5173/src/pages/ConversationPanel.tsx?t=1785126586241:704
[   10564ms] [LOG] [BackendBanner] backendStatus: null type: object startupComplete: false @ http://localhost:5173/src/pages/ConversationPanel.tsx?t=1785126586241:704
[   10564ms] [LOG] [BackendBanner] backendStatus: null type: object startupComplete: false @ http://localhost:5173/src/pages/ConversationPanel.tsx?t=1785126586241:704
[   10581ms] [LOG] [BackendBanner] backendStatus: null type: object startupComplete: false @ http://localhost:5173/src/pages/ConversationPanel.tsx?t=1785126586241:704
[   10582ms] [LOG] [BackendBanner] backendStatus: null type: object startupComplete: false @ http://localhost:5173/src/pages/ConversationPanel.tsx?t=1785126586241:704
[   10597ms] [LOG] [BackendBanner] backendStatus: null type: object startupComplete: false @ http://localhost:5173/src/pages/ConversationPanel.tsx?t=1785126586241:704
[   10597ms] [LOG] [BackendBanner] backendStatus: null type: object startupComplete: false @ http://localhost:5173/src/pages/ConversationPanel.tsx?t=1785126586241:704
[   10614ms] [LOG] [BackendBanner] backendStatus: null type: object startupComplete: false @ http://localhost:5173/src/pages/ConversationPanel.tsx?t=1785126586241:704
[   10614ms] [LOG] [BackendBanner] backendStatus: null type: object startupComplete: false @ http://localhost:5173/src/pages/ConversationPanel.tsx?t=1785126586241:704
[   10631ms] [LOG] [BackendBanner] backendStatus: null type: object startupComplete: false @ http://localhost:5173/src/pages/ConversationPanel.tsx?t=1785126586241:704
[   10632ms] [LOG] [BackendBanner] backendStatus: null type: object startupComplete: false @ http://localhost:5173/src/pages/ConversationPanel.tsx?t=1785126586241:704
[   10646ms] [LOG] [BackendBanner] backendStatus: null type: object startupComplete: false @ http://localhost:5173/src/pages/ConversationPanel.tsx?t=1785126586241:704
[   10647ms] [LOG] [BackendBanner] backendStatus: null type: object startupComplete: false @ http://localhost:5173/src/pages/ConversationPanel.tsx?t=1785126586241:704
[   10663ms] [LOG] [BackendBanner] backendStatus: null type: object startupComplete: false @ http://localhost:5173/src/pages/ConversationPanel.tsx?t=1785126586241:704
[   10664ms] [LOG] [BackendBanner] backendStatus: null type: object startupComplete: false @ http://localhost:5173/src/pages/ConversationPanel.tsx?t=1785126586241:704
[   10680ms] [LOG] [BackendBanner] backendStatus: null type: object startupComplete: false @ http://localhost:5173/src/pages/ConversationPanel.tsx?t=1785126586241:704
[   10680ms] [LOG] [BackendBanner] backendStatus: null type: object startupComplete: false @ http://localhost:5173/src/pages/ConversationPanel.tsx?t=1785126586241:704
[   10696ms] [LOG] [BackendBanner] backendStatus: null type: object startupComplete: false @ http://localhost:5173/src/pages/ConversationPanel.tsx?t=1785126586241:704
[   10696ms] [LOG] [BackendBanner] backendStatus: null type: object startupComplete: false @ http://localhost:5173/src/pages/ConversationPanel.tsx?t=1785126586241:704
[   10713ms] [LOG] [BackendBanner] backendStatus: null type: object startupComplete: false @ http://localhost:5173/src/pages/ConversationPanel.tsx?t=1785126586241:704
[   10713ms] [LOG] [BackendBanner] backendStatus: null type: object startupComplete: false @ http://localhost:5173/src/pages/ConversationPanel.tsx?t=1785126586241:704
[   10730ms] [LOG] [BackendBanner] backendStatus: null type: object startupComplete: false @ http://localhost:5173/src/pages/ConversationPanel.tsx?t=1785126586241:704
[   10730ms] [LOG] [BackendBanner] backendStatus: null type: object startupComplete: false @ http://localhost:5173/src/pages/ConversationPanel.tsx?t=1785126586241:704
[   10746ms] [LOG] [BackendBanner] backendStatus: null type: object startupComplete: false @ http://localhost:5173/src/pages/ConversationPanel.tsx?t=1785126586241:704
[   10747ms] [LOG] [BackendBanner] backendStatus: null type: object startupComplete: false @ http://localhost:5173/src/pages/ConversationPanel.tsx?t=1785126586241:704
[   10763ms] [LOG] [BackendBanner] backendStatus: null type: object startupComplete: false @ http://localhost:5173/src/pages/ConversationPanel.tsx?t=1785126586241:704
[   10763ms] [LOG] [BackendBanner] backendStatus: null type: object startupComplete: false @ http://localhost:5173/src/pages/ConversationPanel.tsx?t=1785126586241:704
[   10780ms] [LOG] [BackendBanner] backendStatus: null type: object startupComplete: false @ http://localhost:5173/src/pages/ConversationPanel.tsx?t=1785126586241:704
[   10780ms] [LOG] [BackendBanner] backendStatus: null type: object startupComplete: false @ http://localhost:5173/src/pages/ConversationPanel.tsx?t=1785126586241:704
[   10797ms] [LOG] [BackendBanner] backendStatus: null type: object startupComplete: false @ http://localhost:5173/src/pages/ConversationPanel.tsx?t=1785126586241:704
[   10798ms] [LOG] [BackendBanner] backendStatus: null type: object startupComplete: false @ http://localhost:5173/src/pages/ConversationPanel.tsx?t=1785126586241:704
[   10814ms] [LOG] [BackendBanner] backendStatus: null type: object startupComplete: false @ http://localhost:5173/src/pages/ConversationPanel.tsx?t=1785126586241:704
[   10814ms] [LOG] [BackendBanner] backendStatus: null type: object startupComplete: false @ http://localhost:5173/src/pages/ConversationPanel.tsx?t=1785126586241:704
[   10830ms] [LOG] [BackendBanner] backendStatus: null type: object startupComplete: false @ http://localhost:5173/src/pages/ConversationPanel.tsx?t=1785126586241:704
[   10830ms] [LOG] [BackendBanner] backendStatus: null type: object startupComplete: false @ http://localhost:5173/src/pages/ConversationPanel.tsx?t=1785126586241:704
[   10847ms] [LOG] [BackendBanner] backendStatus: null type: object startupComplete: false @ http://localhost:5173/src/pages/ConversationPanel.tsx?t=1785126586241:704
[   10849ms] [LOG] [BackendBanner] backendStatus: null type: object startupComplete: false @ http://localhost:5173/src/pages/ConversationPanel.tsx?t=1785126586241:704
[   10863ms] [LOG] [BackendBanner] backendStatus: null type: object startupComplete: false @ http://localhost:5173/src/pages/ConversationPanel.tsx?t=1785126586241:704
[   10863ms] [LOG] [BackendBanner] backendStatus: null type: object startupComplete: false @ http://localhost:5173/src/pages/ConversationPanel.tsx?t=1785126586241:704
[   10880ms] [LOG] [BackendBanner] backendStatus: null type: object startupComplete: false @ http://localhost:5173/src/pages/ConversationPanel.tsx?t=1785126586241:704
[   10881ms] [LOG] [BackendBanner] backendStatus: null type: object startupComplete: false @ http://localhost:5173/src/pages/ConversationPanel.tsx?t=1785126586241:704
[   10897ms] [LOG] [BackendBanner] backendStatus: null type: object startupComplete: false @ http://localhost:5173/src/pages/ConversationPanel.tsx?t=1785126586241:704
[   10897ms] [LOG] [BackendBanner] backendStatus: null type: object startupComplete: false @ http://localhost:5173/src/pages/ConversationPanel.tsx?t=1785126586241:704
[   10914ms] [LOG] [BackendBanner] backendStatus: null type: object startupComplete: false @ http://localhost:5173/src/pages/ConversationPanel.tsx?t=1785126586241:704
[   10914ms] [LOG] [BackendBanner] backendStatus: null type: object startupComplete: false @ http://localhost:5173/src/pages/ConversationPanel.tsx?t=1785126586241:704
[   10929ms] [LOG] [BackendBanner] backendStatus: null type: object startupComplete: false @ http://localhost:5173/src/pages/ConversationPanel.tsx?t=1785126586241:704
[   10930ms] [LOG] [BackendBanner] backendStatus: null type: object startupComplete: false @ http://localhost:5173/src/pages/ConversationPanel.tsx?t=1785126586241:704
[   10947ms] [LOG] [BackendBanner] backendStatus: null type: object startupComplete: false @ http://localhost:5173/src/pages/ConversationPanel.tsx?t=1785126586241:704
[   10947ms] [LOG] [BackendBanner] backendStatus: null type: object startupComplete: false @ http://localhost:5173/src/pages/ConversationPanel.tsx?t=1785126586241:704
[   10963ms] [LOG] [BackendBanner] backendStatus: null type: object startupComplete: false @ http://localhost:5173/src/pages/ConversationPanel.tsx?t=1785126586241:704
[   10963ms] [LOG] [BackendBanner] backendStatus: null type: object startupComplete: false @ http://localhost:5173/src/pages/ConversationPanel.tsx?t=1785126586241:704
[   10982ms] [LOG] [BackendBanner] backendStatus: null type: object startupComplete: false @ http://localhost:5173/src/pages/ConversationPanel.tsx?t=1785126586241:704
[   10982ms] [LOG] [BackendBanner] backendStatus: null type: object startupComplete: false @ http://localhost:5173/src/pages/ConversationPanel.tsx?t=1785126586241:704
[   10996ms] [LOG] [BackendBanner] backendStatus: null type: object startupComplete: false @ http://localhost:5173/src/pages/ConversationPanel.tsx?t=1785126586241:704
[   10997ms] [LOG] [BackendBanner] backendStatus: null type: object startupComplete: false @ http://localhost:5173/src/pages/ConversationPanel.tsx?t=1785126586241:704
[   11013ms] [LOG] [BackendBanner] backendStatus: null type: object startupComplete: false @ http://localhost:5173/src/pages/ConversationPanel.tsx?t=1785126586241:704
[   11014ms] [LOG] [BackendBanner] backendStatus: null type: object startupComplete: false @ http://localhost:5173/src/pages/ConversationPanel.tsx?t=1785126586241:704
[   11030ms] [LOG] [BackendBanner] backendStatus: null type: object startupComplete: false @ http://localhost:5173/src/pages/ConversationPanel.tsx?t=1785126586241:704
[   11030ms] [LOG] [BackendBanner] backendStatus: null type: object startupComplete: false @ http://localhost:5173/src/pages/ConversationPanel.tsx?t=1785126586241:704
[   11047ms] [LOG] [BackendBanner] backendStatus: null type: object startupComplete: false @ http://localhost:5173/src/pages/ConversationPanel.tsx?t=1785126586241:704
[   11047ms] [LOG] [BackendBanner] backendStatus: null type: object startupComplete: false @ http://localhost:5173/src/pages/ConversationPanel.tsx?t=1785126586241:704
[   11063ms] [LOG] [BackendBanner] backendStatus: null type: object startupComplete: false @ http://localhost:5173/src/pages/ConversationPanel.tsx?t=1785126586241:704
[   11064ms] [LOG] [BackendBanner] backendStatus: null type: object startupComplete: false @ http://localhost:5173/src/pages/ConversationPanel.tsx?t=1785126586241:704
[   11080ms] [LOG] [BackendBanner] backendStatus: null type: object startupComplete: false @ http://localhost:5173/src/pages/ConversationPanel.tsx?t=1785126586241:704
[   11081ms] [LOG] [BackendBanner] backendStatus: null type: object startupComplete: false @ http://localhost:5173/src/pages/ConversationPanel.tsx?t=1785126586241:704
[   11097ms] [LOG] [BackendBanner] backendStatus: null type: object startupComplete: false @ http://localhost:5173/src/pages/ConversationPanel.tsx?t=1785126586241:704
[   11097ms] [LOG] [BackendBanner] backendStatus: null type: object startupComplete: false @ http://localhost:5173/src/pages/ConversationPanel.tsx?t=1785126586241:704
[   11114ms] [LOG] [BackendBanner] backendStatus: null type: object startupComplete: false @ http://localhost:5173/src/pages/ConversationPanel.tsx?t=1785126586241:704
[   11114ms] [LOG] [BackendBanner] backendStatus: null type: object startupComplete: false @ http://localhost:5173/src/pages/ConversationPanel.tsx?t=1785126586241:704
[   11130ms] [LOG] [BackendBanner] backendStatus: null type: object startupComplete: false @ http://localhost:5173/src/pages/ConversationPanel.tsx?t=1785126586241:704
[   11130ms] [LOG] [BackendBanner] backendStatus: null type: object startupComplete: false @ http://localhost:5173/src/pages/ConversationPanel.tsx?t=1785126586241:704
[   11147ms] [LOG] [BackendBanner] backendStatus: null type: object startupComplete: false @ http://localhost:5173/src/pages/ConversationPanel.tsx?t=1785126586241:704
[   11147ms] [LOG] [BackendBanner] backendStatus: null type: object startupComplete: false @ http://localhost:5173/src/pages/ConversationPanel.tsx?t=1785126586241:704
[   11163ms] [LOG] [BackendBanner] backendStatus: null type: object startupComplete: false @ http://localhost:5173/src/pages/ConversationPanel.tsx?t=1785126586241:704
[   11164ms] [LOG] [BackendBanner] backendStatus: null type: object startupComplete: false @ http://localhost:5173/src/pages/ConversationPanel.tsx?t=1785126586241:704
[   11180ms] [LOG] [BackendBanner] backendStatus: null type: object startupComplete: false @ http://localhost:5173/src/pages/ConversationPanel.tsx?t=1785126586241:704
[   11180ms] [LOG] [BackendBanner] backendStatus: null type: object startupComplete: false @ http://localhost:5173/src/pages/ConversationPanel.tsx?t=1785126586241:704
[   11196ms] [LOG] [BackendBanner] backendStatus: null type: object startupComplete: false @ http://localhost:5173/src/pages/ConversationPanel.tsx?t=1785126586241:704
[   11197ms] [LOG] [BackendBanner] backendStatus: null type: object startupComplete: false @ http://localhost:5173/src/pages/ConversationPanel.tsx?t=1785126586241:704
[   11214ms] [LOG] [BackendBanner] backendStatus: null type: object startupComplete: false @ http://localhost:5173/src/pages/ConversationPanel.tsx?t=1785126586241:704
[   11214ms] [LOG] [BackendBanner] backendStatus: null type: object startupComplete: false @ http://localhost:5173/src/pages/ConversationPanel.tsx?t=1785126586241:704
[   11231ms] [LOG] [BackendBanner] backendStatus: null type: object startupComplete: false @ http://localhost:5173/src/pages/ConversationPanel.tsx?t=1785126586241:704
[   11231ms] [LOG] [BackendBanner] backendStatus: null type: object startupComplete: false @ http://localhost:5173/src/pages/ConversationPanel.tsx?t=1785126586241:704
[   11248ms] [LOG] [BackendBanner] backendStatus: null type: object startupComplete: false @ http://localhost:5173/src/pages/ConversationPanel.tsx?t=1785126586241:704
[   11248ms] [LOG] [BackendBanner] backendStatus: null type: object startupComplete: false @ http://localhost:5173/src/pages/ConversationPanel.tsx?t=1785126586241:704
[   11264ms] [LOG] [BackendBanner] backendStatus: null type: object startupComplete: false @ http://localhost:5173/src/pages/ConversationPanel.tsx?t=1785126586241:704
[   11264ms] [LOG] [BackendBanner] backendStatus: null type: object startupComplete: false @ http://localhost:5173/src/pages/ConversationPanel.tsx?t=1785126586241:704
[   11280ms] [LOG] [BackendBanner] backendStatus: null type: object startupComplete: false @ http://localhost:5173/src/pages/ConversationPanel.tsx?t=1785126586241:704
[   11281ms] [LOG] [BackendBanner] backendStatus: null type: object startupComplete: false @ http://localhost:5173/src/pages/ConversationPanel.tsx?t=1785126586241:704
[   11297ms] [LOG] [BackendBanner] backendStatus: null type: object startupComplete: false @ http://localhost:5173/src/pages/ConversationPanel.tsx?t=1785126586241:704
[   11297ms] [LOG] [BackendBanner] backendStatus: null type: object startupComplete: false @ http://localhost:5173/src/pages/ConversationPanel.tsx?t=1785126586241:704
[   11315ms] [LOG] [BackendBanner] backendStatus: null type: object startupComplete: false @ http://localhost:5173/src/pages/ConversationPanel.tsx?t=1785126586241:704
[   11315ms] [LOG] [BackendBanner] backendStatus: null type: object startupComplete: false @ http://localhost:5173/src/pages/ConversationPanel.tsx?t=1785126586241:704
[   11330ms] [LOG] [BackendBanner] backendStatus: null type: object startupComplete: false @ http://localhost:5173/src/pages/ConversationPanel.tsx?t=1785126586241:704
[   11330ms] [LOG] [BackendBanner] backendStatus: null type: object startupComplete: false @ http://localhost:5173/src/pages/ConversationPanel.tsx?t=1785126586241:704
[   11346ms] [LOG] [BackendBanner] backendStatus: null type: object startupComplete: false @ http://localhost:5173/src/pages/ConversationPanel.tsx?t=1785126586241:704
[   11347ms] [LOG] [BackendBanner] backendStatus: null type: object startupComplete: false @ http://localhost:5173/src/pages/ConversationPanel.tsx?t=1785126586241:704
[   11363ms] [LOG] [BackendBanner] backendStatus: null type: object startupComplete: false @ http://localhost:5173/src/pages/ConversationPanel.tsx?t=1785126586241:704
[   11363ms] [LOG] [BackendBanner] backendStatus: null type: object startupComplete: false @ http://localhost:5173/src/pages/ConversationPanel.tsx?t=1785126586241:704
[   11380ms] [LOG] [BackendBanner] backendStatus: null type: object startupComplete: false @ http://localhost:5173/src/pages/ConversationPanel.tsx?t=1785126586241:704
[   11381ms] [LOG] [BackendBanner] backendStatus: null type: object startupComplete: false @ http://localhost:5173/src/pages/ConversationPanel.tsx?t=1785126586241:704
[   11396ms] [LOG] [BackendBanner] backendStatus: null type: object startupComplete: false @ http://localhost:5173/src/pages/ConversationPanel.tsx?t=1785126586241:704
[   11396ms] [LOG] [BackendBanner] backendStatus: null type: object startupComplete: false @ http://localhost:5173/src/pages/ConversationPanel.tsx?t=1785126586241:704
[   11413ms] [LOG] [BackendBanner] backendStatus: null type: object startupComplete: false @ http://localhost:5173/src/pages/ConversationPanel.tsx?t=1785126586241:704
[   11414ms] [LOG] [BackendBanner] backendStatus: null type: object startupComplete: false @ http://localhost:5173/src/pages/ConversationPanel.tsx?t=1785126586241:704
[   11431ms] [LOG] [BackendBanner] backendStatus: null type: object startupComplete: false @ http://localhost:5173/src/pages/ConversationPanel.tsx?t=1785126586241:704
[   11431ms] [LOG] [BackendBanner] backendStatus: null type: object startupComplete: false @ http://localhost:5173/src/pages/ConversationPanel.tsx?t=1785126586241:704
[   11446ms] [LOG] [BackendBanner] backendStatus: null type: object startupComplete: false @ http://localhost:5173/src/pages/ConversationPanel.tsx?t=1785126586241:704
[   11447ms] [LOG] [BackendBanner] backendStatus: null type: object startupComplete: false @ http://localhost:5173/src/pages/ConversationPanel.tsx?t=1785126586241:704
[   11465ms] [LOG] [BackendBanner] backendStatus: null type: object startupComplete: false @ http://localhost:5173/src/pages/ConversationPanel.tsx?t=1785126586241:704
[   11465ms] [LOG] [BackendBanner] backendStatus: null type: object startupComplete: false @ http://localhost:5173/src/pages/ConversationPanel.tsx?t=1785126586241:704
[   11481ms] [LOG] [BackendBanner] backendStatus: null type: object startupComplete: false @ http://localhost:5173/src/pages/ConversationPanel.tsx?t=1785126586241:704
[   11481ms] [LOG] [BackendBanner] backendStatus: null type: object startupComplete: false @ http://localhost:5173/src/pages/ConversationPanel.tsx?t=1785126586241:704
[   11498ms] [LOG] [BackendBanner] backendStatus: null type: object startupComplete: false @ http://localhost:5173/src/pages/ConversationPanel.tsx?t=1785126586241:704
[   11499ms] [LOG] [BackendBanner] backendStatus: null type: object startupComplete: false @ http://localhost:5173/src/pages/ConversationPanel.tsx?t=1785126586241:704
[   11514ms] [LOG] [BackendBanner] backendStatus: null type: object startupComplete: false @ http://localhost:5173/src/pages/ConversationPanel.tsx?t=1785126586241:704
[   11515ms] [LOG] [BackendBanner] backendStatus: null type: object startupComplete: false @ http://localhost:5173/src/pages/ConversationPanel.tsx?t=1785126586241:704
[   11531ms] [LOG] [BackendBanner] backendStatus: null type: object startupComplete: false @ http://localhost:5173/src/pages/ConversationPanel.tsx?t=1785126586241:704
[   11531ms] [LOG] [BackendBanner] backendStatus: null type: object startupComplete: false @ http://localhost:5173/src/pages/ConversationPanel.tsx?t=1785126586241:704
[   11548ms] [LOG] [BackendBanner] backendStatus: null type: object startupComplete: false @ http://localhost:5173/src/pages/ConversationPanel.tsx?t=1785126586241:704
[   11548ms] [LOG] [BackendBanner] backendStatus: null type: object startupComplete: false @ http://localhost:5173/src/pages/ConversationPanel.tsx?t=1785126586241:704
[   11564ms] [LOG] [BackendBanner] backendStatus: null type: object startupComplete: false @ http://localhost:5173/src/pages/ConversationPanel.tsx?t=1785126586241:704
[   11565ms] [LOG] [BackendBanner] backendStatus: null type: object startupComplete: false @ http://localhost:5173/src/pages/ConversationPanel.tsx?t=1785126586241:704
[   11579ms] [LOG] [BackendBanner] backendStatus: null type: object startupComplete: false @ http://localhost:5173/src/pages/ConversationPanel.tsx?t=1785126586241:704
[   11579ms] [LOG] [BackendBanner] backendStatus: null type: object startupComplete: false @ http://localhost:5173/src/pages/ConversationPanel.tsx?t=1785126586241:704
[   11597ms] [LOG] [BackendBanner] backendStatus: null type: object startupComplete: false @ http://localhost:5173/src/pages/ConversationPanel.tsx?t=1785126586241:704
[   11598ms] [LOG] [BackendBanner] backendStatus: null type: object startupComplete: false @ http://localhost:5173/src/pages/ConversationPanel.tsx?t=1785126586241:704
[   11613ms] [LOG] [BackendBanner] backendStatus: null type: object startupComplete: false @ http://localhost:5173/src/pages/ConversationPanel.tsx?t=1785126586241:704
[   11614ms] [LOG] [BackendBanner] backendStatus: null type: object startupComplete: false @ http://localhost:5173/src/pages/ConversationPanel.tsx?t=1785126586241:704
[   11631ms] [LOG] [BackendBanner] backendStatus: null type: object startupComplete: false @ http://localhost:5173/src/pages/ConversationPanel.tsx?t=1785126586241:704
[   11631ms] [LOG] [BackendBanner] backendStatus: null type: object startupComplete: false @ http://localhost:5173/src/pages/ConversationPanel.tsx?t=1785126586241:704
[   11647ms] [LOG] [BackendBanner] backendStatus: null type: object startupComplete: false @ http://localhost:5173/src/pages/ConversationPanel.tsx?t=1785126586241:704
[   11647ms] [LOG] [BackendBanner] backendStatus: null type: object startupComplete: false @ http://localhost:5173/src/pages/ConversationPanel.tsx?t=1785126586241:704
[   11663ms] [LOG] [BackendBanner] backendStatus: null type: object startupComplete: false @ http://localhost:5173/src/pages/ConversationPanel.tsx?t=1785126586241:704
[   11663ms] [LOG] [BackendBanner] backendStatus: null type: object startupComplete: false @ http://localhost:5173/src/pages/ConversationPanel.tsx?t=1785126586241:704
[   11680ms] [LOG] [BackendBanner] backendStatus: null type: object startupComplete: false @ http://localhost:5173/src/pages/ConversationPanel.tsx?t=1785126586241:704
[   11680ms] [LOG] [BackendBanner] backendStatus: null type: object startupComplete: false @ http://localhost:5173/src/pages/ConversationPanel.tsx?t=1785126586241:704
[   11696ms] [LOG] [BackendBanner] backendStatus: null type: object startupComplete: false @ http://localhost:5173/src/pages/ConversationPanel.tsx?t=1785126586241:704
[   11696ms] [LOG] [BackendBanner] backendStatus: null type: object startupComplete: false @ http://localhost:5173/src/pages/ConversationPanel.tsx?t=1785126586241:704
[   11714ms] [LOG] [BackendBanner] backendStatus: null type: object startupComplete: false @ http://localhost:5173/src/pages/ConversationPanel.tsx?t=1785126586241:704
[   11714ms] [LOG] [BackendBanner] backendStatus: null type: object startupComplete: false @ http://localhost:5173/src/pages/ConversationPanel.tsx?t=1785126586241:704
[   11730ms] [LOG] [BackendBanner] backendStatus: null type: object startupComplete: false @ http://localhost:5173/src/pages/ConversationPanel.tsx?t=1785126586241:704
[   11730ms] [LOG] [BackendBanner] backendStatus: null type: object startupComplete: false @ http://localhost:5173/src/pages/ConversationPanel.tsx?t=1785126586241:704
[   11747ms] [LOG] [BackendBanner] backendStatus: null type: object startupComplete: false @ http://localhost:5173/src/pages/ConversationPanel.tsx?t=1785126586241:704
[   11748ms] [LOG] [BackendBanner] backendStatus: null type: object startupComplete: false @ http://localhost:5173/src/pages/ConversationPanel.tsx?t=1785126586241:704
[   11764ms] [LOG] [BackendBanner] backendStatus: null type: object startupComplete: false @ http://localhost:5173/src/pages/ConversationPanel.tsx?t=1785126586241:704
[   11764ms] [LOG] [BackendBanner] backendStatus: null type: object startupComplete: false @ http://localhost:5173/src/pages/ConversationPanel.tsx?t=1785126586241:704
[   11780ms] [LOG] [BackendBanner] backendStatus: null type: object startupComplete: false @ http://localhost:5173/src/pages/ConversationPanel.tsx?t=1785126586241:704
[   11780ms] [LOG] [BackendBanner] backendStatus: null type: object startupComplete: false @ http://localhost:5173/src/pages/ConversationPanel.tsx?t=1785126586241:704
[   11796ms] [LOG] [BackendBanner] backendStatus: null type: object startupComplete: false @ http://localhost:5173/src/pages/ConversationPanel.tsx?t=1785126586241:704
[   11797ms] [LOG] [BackendBanner] backendStatus: null type: object startupComplete: false @ http://localhost:5173/src/pages/ConversationPanel.tsx?t=1785126586241:704
[   11814ms] [LOG] [BackendBanner] backendStatus: null type: object startupComplete: false @ http://localhost:5173/src/pages/ConversationPanel.tsx?t=1785126586241:704
[   11814ms] [LOG] [BackendBanner] backendStatus: null type: object startupComplete: false @ http://localhost:5173/src/pages/ConversationPanel.tsx?t=1785126586241:704
[   11830ms] [LOG] [BackendBanner] backendStatus: null type: object startupComplete: false @ http://localhost:5173/src/pages/ConversationPanel.tsx?t=1785126586241:704
[   11830ms] [LOG] [BackendBanner] backendStatus: null type: object startupComplete: false @ http://localhost:5173/src/pages/ConversationPanel.tsx?t=1785126586241:704
[   11847ms] [LOG] [BackendBanner] backendStatus: null type: object startupComplete: false @ http://localhost:5173/src/pages/ConversationPanel.tsx?t=1785126586241:704
[   11848ms] [LOG] [BackendBanner] backendStatus: null type: object startupComplete: false @ http://localhost:5173/src/pages/ConversationPanel.tsx?t=1785126586241:704
[   11863ms] [LOG] [BackendBanner] backendStatus: null type: object startupComplete: false @ http://localhost:5173/src/pages/ConversationPanel.tsx?t=1785126586241:704
[   11863ms] [LOG] [BackendBanner] backendStatus: null type: object startupComplete: false @ http://localhost:5173/src/pages/ConversationPanel.tsx?t=1785126586241:704
[   11879ms] [LOG] [BackendBanner] backendStatus: null type: object startupComplete: false @ http://localhost:5173/src/pages/ConversationPanel.tsx?t=1785126586241:704
[   11879ms] [LOG] [BackendBanner] backendStatus: null type: object startupComplete: false @ http://localhost:5173/src/pages/ConversationPanel.tsx?t=1785126586241:704
[   11896ms] [LOG] [BackendBanner] backendStatus: null type: object startupComplete: false @ http://localhost:5173/src/pages/ConversationPanel.tsx?t=1785126586241:704
[   11897ms] [LOG] [BackendBanner] backendStatus: null type: object startupComplete: false @ http://localhost:5173/src/pages/ConversationPanel.tsx?t=1785126586241:704
[   11913ms] [LOG] [BackendBanner] backendStatus: null type: object startupComplete: false @ http://localhost:5173/src/pages/ConversationPanel.tsx?t=1785126586241:704
[   11913ms] [LOG] [BackendBanner] backendStatus: null type: object startupComplete: false @ http://localhost:5173/src/pages/ConversationPanel.tsx?t=1785126586241:704
[   11930ms] [LOG] [BackendBanner] backendStatus: null type: object startupComplete: false @ http://localhost:5173/src/pages/ConversationPanel.tsx?t=1785126586241:704
[   11931ms] [LOG] [BackendBanner] backendStatus: null type: object startupComplete: false @ http://localhost:5173/src/pages/ConversationPanel.tsx?t=1785126586241:704
[   11947ms] [LOG] [BackendBanner] backendStatus: null type: object startupComplete: false @ http://localhost:5173/src/pages/ConversationPanel.tsx?t=1785126586241:704
[   11947ms] [LOG] [BackendBanner] backendStatus: null type: object startupComplete: false @ http://localhost:5173/src/pages/ConversationPanel.tsx?t=1785126586241:704
[   11964ms] [LOG] [BackendBanner] backendStatus: null type: object startupComplete: false @ http://localhost:5173/src/pages/ConversationPanel.tsx?t=1785126586241:704
[   11964ms] [LOG] [BackendBanner] backendStatus: null type: object startupComplete: false @ http://localhost:5173/src/pages/ConversationPanel.tsx?t=1785126586241:704
[   11980ms] [LOG] [BackendBanner] backendStatus: null type: object startupComplete: false @ http://localhost:5173/src/pages/ConversationPanel.tsx?t=1785126586241:704
[   11980ms] [LOG] [BackendBanner] backendStatus: null type: object startupComplete: false @ http://localhost:5173/src/pages/ConversationPanel.tsx?t=1785126586241:704
[   11997ms] [LOG] [BackendBanner] backendStatus: null type: object startupComplete: false @ http://localhost:5173/src/pages/ConversationPanel.tsx?t=1785126586241:704
[   11997ms] [LOG] [BackendBanner] backendStatus: null type: object startupComplete: false @ http://localhost:5173/src/pages/ConversationPanel.tsx?t=1785126586241:704
[   12013ms] [LOG] [BackendBanner] backendStatus: null type: object startupComplete: false @ http://localhost:5173/src/pages/ConversationPanel.tsx?t=1785126586241:704
[   12014ms] [LOG] [BackendBanner] backendStatus: null type: object startupComplete: false @ http://localhost:5173/src/pages/ConversationPanel.tsx?t=1785126586241:704
[   12031ms] [LOG] [BackendBanner] backendStatus: null type: object startupComplete: false @ http://localhost:5173/src/pages/ConversationPanel.tsx?t=1785126586241:704
[   12032ms] [LOG] [BackendBanner] backendStatus: null type: object startupComplete: false @ http://localhost:5173/src/pages/ConversationPanel.tsx?t=1785126586241:704
[   12070ms] [LOG] [BackendBanner] backendStatus: null type: object startupComplete: false @ http://localhost:5173/src/pages/ConversationPanel.tsx?t=1785126586241:704
[   12070ms] [LOG] [BackendBanner] backendStatus: null type: object startupComplete: false @ http://localhost:5173/src/pages/ConversationPanel.tsx?t=1785126586241:704
[   12081ms] [LOG] [BackendBanner] backendStatus: null type: object startupComplete: false @ http://localhost:5173/src/pages/ConversationPanel.tsx?t=1785126586241:704
[   12081ms] [LOG] [BackendBanner] backendStatus: null type: object startupComplete: false @ http://localhost:5173/src/pages/ConversationPanel.tsx?t=1785126586241:704
[   12098ms] [LOG] [BackendBanner] backendStatus: null type: object startupComplete: false @ http://localhost:5173/src/pages/ConversationPanel.tsx?t=1785126586241:704
[   12098ms] [LOG] [BackendBanner] backendStatus: null type: object startupComplete: false @ http://localhost:5173/src/pages/ConversationPanel.tsx?t=1785126586241:704
[   12114ms] [LOG] [BackendBanner] backendStatus: null type: object startupComplete: false @ http://localhost:5173/src/pages/ConversationPanel.tsx?t=1785126586241:704
[   12115ms] [LOG] [BackendBanner] backendStatus: null type: object startupComplete: false @ http://localhost:5173/src/pages/ConversationPanel.tsx?t=1785126586241:704
[   12130ms] [LOG] [Frontend] Health check attempt 1 @ http://localhost:5173/src/pages/ConversationPanel.tsx?t=1785126586241:151
[   12130ms] [LOG] [Frontend] Health response: null @ http://localhost:5173/src/pages/ConversationPanel.tsx?t=1785126586241:153
[   12131ms] [LOG] [BackendBanner] backendStatus: null type: object startupComplete: false @ http://localhost:5173/src/pages/ConversationPanel.tsx?t=1785126586241:704
[   12131ms] [LOG] [BackendBanner] backendStatus: null type: object startupComplete: false @ http://localhost:5173/src/pages/ConversationPanel.tsx?t=1785126586241:704
[   12148ms] [LOG] [BackendBanner] backendStatus: null type: object startupComplete: false @ http://localhost:5173/src/pages/ConversationPanel.tsx?t=1785126586241:704
[   12148ms] [LOG] [BackendBanner] backendStatus: null type: object startupComplete: false @ http://localhost:5173/src/pages/ConversationPanel.tsx?t=1785126586241:704
[   12163ms] [LOG] [BackendBanner] backendStatus: null type: object startupComplete: false @ http://localhost:5173/src/pages/ConversationPanel.tsx?t=1785126586241:704
[   12163ms] [LOG] [BackendBanner] backendStatus: null type: object startupComplete: false @ http://localhost:5173/src/pages/ConversationPanel.tsx?t=1785126586241:704
[   12180ms] [LOG] [BackendBanner] backendStatus: null type: object startupComplete: false @ http://localhost:5173/src/pages/ConversationPanel.tsx?t=1785126586241:704
[   12180ms] [LOG] [BackendBanner] backendStatus: null type: object startupComplete: false @ http://localhost:5173/src/pages/ConversationPanel.tsx?t=1785126586241:704
[   12197ms] [LOG] [BackendBanner] backendStatus: null type: object startupComplete: false @ http://localhost:5173/src/pages/ConversationPanel.tsx?t=1785126586241:704
[   12197ms] [LOG] [BackendBanner] backendStatus: null type: object startupComplete: false @ http://localhost:5173/src/pages/ConversationPanel.tsx?t=1785126586241:704
[   12214ms] [LOG] [BackendBanner] backendStatus: null type: object startupComplete: false @ http://localhost:5173/src/pages/ConversationPanel.tsx?t=1785126586241:704
[   12214ms] [LOG] [BackendBanner] backendStatus: null type: object startupComplete: false @ http://localhost:5173/src/pages/ConversationPanel.tsx?t=1785126586241:704
[   12230ms] [LOG] [BackendBanner] backendStatus: null type: object startupComplete: false @ http://localhost:5173/src/pages/ConversationPanel.tsx?t=1785126586241:704
[   12230ms] [LOG] [BackendBanner] backendStatus: null type: object startupComplete: false @ http://localhost:5173/src/pages/ConversationPanel.tsx?t=1785126586241:704
[   12247ms] [LOG] [BackendBanner] backendStatus: null type: object startupComplete: false @ http://localhost:5173/src/pages/ConversationPanel.tsx?t=1785126586241:704
[   12247ms] [LOG] [BackendBanner] backendStatus: null type: object startupComplete: false @ http://localhost:5173/src/pages/ConversationPanel.tsx?t=1785126586241:704
[   12263ms] [LOG] [BackendBanner] backendStatus: null type: object startupComplete: false @ http://localhost:5173/src/pages/ConversationPanel.tsx?t=1785126586241:704
[   12264ms] [LOG] [BackendBanner] backendStatus: null type: object startupComplete: false @ http://localhost:5173/src/pages/ConversationPanel.tsx?t=1785126586241:704
[   12281ms] [LOG] [BackendBanner] backendStatus: null type: object startupComplete: false @ http://localhost:5173/src/pages/ConversationPanel.tsx?t=1785126586241:704
[   12281ms] [LOG] [BackendBanner] backendStatus: null type: object startupComplete: false @ http://localhost:5173/src/pages/ConversationPanel.tsx?t=1785126586241:704
[   12298ms] [LOG] [BackendBanner] backendStatus: null type: object startupComplete: false @ http://localhost:5173/src/pages/ConversationPanel.tsx?t=1785126586241:704
[   12298ms] [LOG] [BackendBanner] backendStatus: null type: object startupComplete: false @ http://localhost:5173/src/pages/ConversationPanel.tsx?t=1785126586241:704
[   12314ms] [LOG] [BackendBanner] backendStatus: null type: object startupComplete: false @ http://localhost:5173/src/pages/ConversationPanel.tsx?t=1785126586241:704
[   12314ms] [LOG] [BackendBanner] backendStatus: null type: object startupComplete: false @ http://localhost:5173/src/pages/ConversationPanel.tsx?t=1785126586241:704
[   12336ms] [LOG] [BackendBanner] backendStatus: null type: object startupComplete: false @ http://localhost:5173/src/pages/ConversationPanel.tsx?t=1785126586241:704
[   12336ms] [LOG] [BackendBanner] backendStatus: null type: object startupComplete: false @ http://localhost:5173/src/pages/ConversationPanel.tsx?t=1785126586241:704
[   12346ms] [LOG] [BackendBanner] backendStatus: null type: object startupComplete: false @ http://localhost:5173/src/pages/ConversationPanel.tsx?t=1785126586241:704
[   12347ms] [LOG] [BackendBanner] backendStatus: null type: object startupComplete: false @ http://localhost:5173/src/pages/ConversationPanel.tsx?t=1785126586241:704
[   12364ms] [LOG] [BackendBanner] backendStatus: null type: object startupComplete: false @ http://localhost:5173/src/pages/ConversationPanel.tsx?t=1785126586241:704
[   12364ms] [LOG] [BackendBanner] backendStatus: null type: object startupComplete: false @ http://localhost:5173/src/pages/ConversationPanel.tsx?t=1785126586241:704
[   12381ms] [LOG] [BackendBanner] backendStatus: null type: object startupComplete: false @ http://localhost:5173/src/pages/ConversationPanel.tsx?t=1785126586241:704
[   12381ms] [LOG] [BackendBanner] backendStatus: null type: object startupComplete: false @ http://localhost:5173/src/pages/ConversationPanel.tsx?t=1785126586241:704
[   12396ms] [LOG] [BackendBanner] backendStatus: null type: object startupComplete: false @ http://localhost:5173/src/pages/ConversationPanel.tsx?t=1785126586241:704
[   12397ms] [LOG] [BackendBanner] backendStatus: null type: object startupComplete: false @ http://localhost:5173/src/pages/ConversationPanel.tsx?t=1785126586241:704
[   12413ms] [LOG] [BackendBanner] backendStatus: null type: object startupComplete: false @ http://localhost:5173/src/pages/ConversationPanel.tsx?t=1785126586241:704
[   12414ms] [LOG] [BackendBanner] backendStatus: null type: object startupComplete: false @ http://localhost:5173/src/pages/ConversationPanel.tsx?t=1785126586241:704
[   12430ms] [LOG] [BackendBanner] backendStatus: null type: object startupComplete: false @ http://localhost:5173/src/pages/ConversationPanel.tsx?t=1785126586241:704
[   12431ms] [LOG] [BackendBanner] backendStatus: null type: object startupComplete: false @ http://localhost:5173/src/pages/ConversationPanel.tsx?t=1785126586241:704
[   12446ms] [LOG] [BackendBanner] backendStatus: null type: object startupComplete: false @ http://localhost:5173/src/pages/ConversationPanel.tsx?t=1785126586241:704
[   12446ms] [LOG] [BackendBanner] backendStatus: null type: object startupComplete: false @ http://localhost:5173/src/pages/ConversationPanel.tsx?t=1785126586241:704
[   12465ms] [LOG] [BackendBanner] backendStatus: null type: object startupComplete: false @ http://localhost:5173/src/pages/ConversationPanel.tsx?t=1785126586241:704
[   12465ms] [LOG] [BackendBanner] backendStatus: null type: object startupComplete: false @ http://localhost:5173/src/pages/ConversationPanel.tsx?t=1785126586241:704
[   12480ms] [LOG] [BackendBanner] backendStatus: null type: object startupComplete: false @ http://localhost:5173/src/pages/ConversationPanel.tsx?t=1785126586241:704
[   12480ms] [LOG] [BackendBanner] backendStatus: null type: object startupComplete: false @ http://localhost:5173/src/pages/ConversationPanel.tsx?t=1785126586241:704
[   12496ms] [LOG] [BackendBanner] backendStatus: null type: object startupComplete: false @ http://localhost:5173/src/pages/ConversationPanel.tsx?t=1785126586241:704
[   12496ms] [LOG] [BackendBanner] backendStatus: null type: object startupComplete: false @ http://localhost:5173/src/pages/ConversationPanel.tsx?t=1785126586241:704
[   12515ms] [LOG] [BackendBanner] backendStatus: null type: object startupComplete: false @ http://localhost:5173/src/pages/ConversationPanel.tsx?t=1785126586241:704
[   12516ms] [LOG] [BackendBanner] backendStatus: null type: object startupComplete: false @ http://localhost:5173/src/pages/ConversationPanel.tsx?t=1785126586241:704
[   12531ms] [LOG] [BackendBanner] backendStatus: null type: object startupComplete: false @ http://localhost:5173/src/pages/ConversationPanel.tsx?t=1785126586241:704
[   12531ms] [LOG] [BackendBanner] backendStatus: null type: object startupComplete: false @ http://localhost:5173/src/pages/ConversationPanel.tsx?t=1785126586241:704
[   12548ms] [LOG] [BackendBanner] backendStatus: null type: object startupComplete: false @ http://localhost:5173/src/pages/ConversationPanel.tsx?t=1785126586241:704
[   12549ms] [LOG] [BackendBanner] backendStatus: null type: object startupComplete: false @ http://localhost:5173/src/pages/ConversationPanel.tsx?t=1785126586241:704
[   12564ms] [LOG] [BackendBanner] backendStatus: null type: object startupComplete: false @ http://localhost:5173/src/pages/ConversationPanel.tsx?t=1785126586241:704
[   12565ms] [LOG] [BackendBanner] backendStatus: null type: object startupComplete: false @ http://localhost:5173/src/pages/ConversationPanel.tsx?t=1785126586241:704
[   12581ms] [LOG] [BackendBanner] backendStatus: null type: object startupComplete: false @ http://localhost:5173/src/pages/ConversationPanel.tsx?t=1785126586241:704
[   12582ms] [LOG] [BackendBanner] backendStatus: null type: object startupComplete: false @ http://localhost:5173/src/pages/ConversationPanel.tsx?t=1785126586241:704
[   12597ms] [LOG] [BackendBanner] backendStatus: null type: object startupComplete: false @ http://localhost:5173/src/pages/ConversationPanel.tsx?t=1785126586241:704
[   12597ms] [LOG] [BackendBanner] backendStatus: null type: object startupComplete: false @ http://localhost:5173/src/pages/ConversationPanel.tsx?t=1785126586241:704
[   12613ms] [LOG] [BackendBanner] backendStatus: null type: object startupComplete: false @ http://localhost:5173/src/pages/ConversationPanel.tsx?t=1785126586241:704
[   12614ms] [LOG] [BackendBanner] backendStatus: null type: object startupComplete: false @ http://localhost:5173/src/pages/ConversationPanel.tsx?t=1785126586241:704
[   12633ms] [LOG] [BackendBanner] backendStatus: null type: object startupComplete: false @ http://localhost:5173/src/pages/ConversationPanel.tsx?t=1785126586241:704
[   12634ms] [LOG] [BackendBanner] backendStatus: null type: object startupComplete: false @ http://localhost:5173/src/pages/ConversationPanel.tsx?t=1785126586241:704
[   12647ms] [LOG] [BackendBanner] backendStatus: null type: object startupComplete: false @ http://localhost:5173/src/pages/ConversationPanel.tsx?t=1785126586241:704
[   12648ms] [LOG] [BackendBanner] backendStatus: null type: object startupComplete: false @ http://localhost:5173/src/pages/ConversationPanel.tsx?t=1785126586241:704
[   12664ms] [LOG] [BackendBanner] backendStatus: null type: object startupComplete: false @ http://localhost:5173/src/pages/ConversationPanel.tsx?t=1785126586241:704
[   12664ms] [LOG] [BackendBanner] backendStatus: null type: object startupComplete: false @ http://localhost:5173/src/pages/ConversationPanel.tsx?t=1785126586241:704
[   12681ms] [LOG] [BackendBanner] backendStatus: null type: object startupComplete: false @ http://localhost:5173/src/pages/ConversationPanel.tsx?t=1785126586241:704
[   12681ms] [LOG] [BackendBanner] backendStatus: null type: object startupComplete: false @ http://localhost:5173/src/pages/ConversationPanel.tsx?t=1785126586241:704
[   12697ms] [LOG] [BackendBanner] backendStatus: null type: object startupComplete: false @ http://localhost:5173/src/pages/ConversationPanel.tsx?t=1785126586241:704
[   12697ms] [LOG] [BackendBanner] backendStatus: null type: object startupComplete: false @ http://localhost:5173/src/pages/ConversationPanel.tsx?t=1785126586241:704
[   12714ms] [LOG] [BackendBanner] backendStatus: null type: object startupComplete: false @ http://localhost:5173/src/pages/ConversationPanel.tsx?t=1785126586241:704
[   12715ms] [LOG] [BackendBanner] backendStatus: null type: object startupComplete: false @ http://localhost:5173/src/pages/ConversationPanel.tsx?t=1785126586241:704
[   12730ms] [LOG] [BackendBanner] backendStatus: null type: object startupComplete: false @ http://localhost:5173/src/pages/ConversationPanel.tsx?t=1785126586241:704
[   12730ms] [LOG] [BackendBanner] backendStatus: null type: object startupComplete: false @ http://localhost:5173/src/pages/ConversationPanel.tsx?t=1785126586241:704
[   12747ms] [LOG] [BackendBanner] backendStatus: null type: object startupComplete: false @ http://localhost:5173/src/pages/ConversationPanel.tsx?t=1785126586241:704
[   12748ms] [LOG] [BackendBanner] backendStatus: null type: object startupComplete: false @ http://localhost:5173/src/pages/ConversationPanel.tsx?t=1785126586241:704
[   12763ms] [LOG] [BackendBanner] backendStatus: null type: object startupComplete: false @ http://localhost:5173/src/pages/ConversationPanel.tsx?t=1785126586241:704
[   12764ms] [LOG] [BackendBanner] backendStatus: null type: object startupComplete: false @ http://localhost:5173/src/pages/ConversationPanel.tsx?t=1785126586241:704
[   12781ms] [LOG] [BackendBanner] backendStatus: null type: object startupComplete: false @ http://localhost:5173/src/pages/ConversationPanel.tsx?t=1785126586241:704
[   12781ms] [LOG] [BackendBanner] backendStatus: null type: object startupComplete: false @ http://localhost:5173/src/pages/ConversationPanel.tsx?t=1785126586241:704
[   12797ms] [LOG] [BackendBanner] backendStatus: null type: object startupComplete: false @ http://localhost:5173/src/pages/ConversationPanel.tsx?t=1785126586241:704
[   12798ms] [LOG] [BackendBanner] backendStatus: null type: object startupComplete: false @ http://localhost:5173/src/pages/ConversationPanel.tsx?t=1785126586241:704
[   12814ms] [LOG] [BackendBanner] backendStatus: null type: object startupComplete: false @ http://localhost:5173/src/pages/ConversationPanel.tsx?t=1785126586241:704
[   12814ms] [LOG] [BackendBanner] backendStatus: null type: object startupComplete: false @ http://localhost:5173/src/pages/ConversationPanel.tsx?t=1785126586241:704
[   12831ms] [LOG] [BackendBanner] backendStatus: null type: object startupComplete: false @ http://localhost:5173/src/pages/ConversationPanel.tsx?t=1785126586241:704
[   12831ms] [LOG] [BackendBanner] backendStatus: null type: object startupComplete: false @ http://localhost:5173/src/pages/ConversationPanel.tsx?t=1785126586241:704
[   12848ms] [LOG] [BackendBanner] backendStatus: null type: object startupComplete: false @ http://localhost:5173/src/pages/ConversationPanel.tsx?t=1785126586241:704
[   12849ms] [LOG] [BackendBanner] backendStatus: null type: object startupComplete: false @ http://localhost:5173/src/pages/ConversationPanel.tsx?t=1785126586241:704
[   12863ms] [LOG] [BackendBanner] backendStatus: null type: object startupComplete: false @ http://localhost:5173/src/pages/ConversationPanel.tsx?t=1785126586241:704
[   12864ms] [LOG] [BackendBanner] backendStatus: null type: object startupComplete: false @ http://localhost:5173/src/pages/ConversationPanel.tsx?t=1785126586241:704
[   12879ms] [LOG] [BackendBanner] backendStatus: null type: object startupComplete: false @ http://localhost:5173/src/pages/ConversationPanel.tsx?t=1785126586241:704
[   12880ms] [LOG] [BackendBanner] backendStatus: null type: object startupComplete: false @ http://localhost:5173/src/pages/ConversationPanel.tsx?t=1785126586241:704
[   12896ms] [LOG] [BackendBanner] backendStatus: null type: object startupComplete: false @ http://localhost:5173/src/pages/ConversationPanel.tsx?t=1785126586241:704
[   12896ms] [LOG] [BackendBanner] backendStatus: null type: object startupComplete: false @ http://localhost:5173/src/pages/ConversationPanel.tsx?t=1785126586241:704
[   12913ms] [LOG] [BackendBanner] backendStatus: null type: object startupComplete: false @ http://localhost:5173/src/pages/ConversationPanel.tsx?t=1785126586241:704
[   12913ms] [LOG] [BackendBanner] backendStatus: null type: object startupComplete: false @ http://localhost:5173/src/pages/ConversationPanel.tsx?t=1785126586241:704
[   12930ms] [LOG] [BackendBanner] backendStatus: null type: object startupComplete: false @ http://localhost:5173/src/pages/ConversationPanel.tsx?t=1785126586241:704
[   12930ms] [LOG] [BackendBanner] backendStatus: null type: object startupComplete: false @ http://localhost:5173/src/pages/ConversationPanel.tsx?t=1785126586241:704
[   12946ms] [LOG] [BackendBanner] backendStatus: null type: object startupComplete: false @ http://localhost:5173/src/pages/ConversationPanel.tsx?t=1785126586241:704
[   12947ms] [LOG] [BackendBanner] backendStatus: null type: object startupComplete: false @ http://localhost:5173/src/pages/ConversationPanel.tsx?t=1785126586241:704
[   12963ms] [LOG] [BackendBanner] backendStatus: null type: object startupComplete: false @ http://localhost:5173/src/pages/ConversationPanel.tsx?t=1785126586241:704
[   12963ms] [LOG] [BackendBanner] backendStatus: null type: object startupComplete: false @ http://localhost:5173/src/pages/ConversationPanel.tsx?t=1785126586241:704
[   12980ms] [LOG] [BackendBanner] backendStatus: null type: object startupComplete: false @ http://localhost:5173/src/pages/ConversationPanel.tsx?t=1785126586241:704
[   12980ms] [LOG] [BackendBanner] backendStatus: null type: object startupComplete: false @ http://localhost:5173/src/pages/ConversationPanel.tsx?t=1785126586241:704
[   12996ms] [LOG] [BackendBanner] backendStatus: null type: object startupComplete: false @ http://localhost:5173/src/pages/ConversationPanel.tsx?t=1785126586241:704
[   12997ms] [LOG] [BackendBanner] backendStatus: null type: object startupComplete: false @ http://localhost:5173/src/pages/ConversationPanel.tsx?t=1785126586241:704
[   13014ms] [LOG] [BackendBanner] backendStatus: null type: object startupComplete: false @ http://localhost:5173/src/pages/ConversationPanel.tsx?t=1785126586241:704
[   13014ms] [LOG] [BackendBanner] backendStatus: null type: object startupComplete: false @ http://localhost:5173/src/pages/ConversationPanel.tsx?t=1785126586241:704
[   13029ms] [LOG] [BackendBanner] backendStatus: null type: object startupComplete: false @ http://localhost:5173/src/pages/ConversationPanel.tsx?t=1785126586241:704
[   13030ms] [LOG] [BackendBanner] backendStatus: null type: object startupComplete: false @ http://localhost:5173/src/pages/ConversationPanel.tsx?t=1785126586241:704
[   13046ms] [LOG] [BackendBanner] backendStatus: null type: object startupComplete: false @ http://localhost:5173/src/pages/ConversationPanel.tsx?t=1785126586241:704
[   13047ms] [LOG] [BackendBanner] backendStatus: null type: object startupComplete: false @ http://localhost:5173/src/pages/ConversationPanel.tsx?t=1785126586241:704
[   13065ms] [LOG] [BackendBanner] backendStatus: null type: object startupComplete: false @ http://localhost:5173/src/pages/ConversationPanel.tsx?t=1785126586241:704
[   13065ms] [LOG] [BackendBanner] backendStatus: null type: object startupComplete: false @ http://localhost:5173/src/pages/ConversationPanel.tsx?t=1785126586241:704
[   13081ms] [LOG] [BackendBanner] backendStatus: null type: object startupComplete: false @ http://localhost:5173/src/pages/ConversationPanel.tsx?t=1785126586241:704
[   13081ms] [LOG] [BackendBanner] backendStatus: null type: object startupComplete: false @ http://localhost:5173/src/pages/ConversationPanel.tsx?t=1785126586241:704
[   13097ms] [LOG] [BackendBanner] backendStatus: null type: object startupComplete: false @ http://localhost:5173/src/pages/ConversationPanel.tsx?t=1785126586241:704
[   13098ms] [LOG] [BackendBanner] backendStatus: null type: object startupComplete: false @ http://localhost:5173/src/pages/ConversationPanel.tsx?t=1785126586241:704
[   13114ms] [LOG] [BackendBanner] backendStatus: null type: object startupComplete: false @ http://localhost:5173/src/pages/ConversationPanel.tsx?t=1785126586241:704
[   13114ms] [LOG] [BackendBanner] backendStatus: null type: object startupComplete: false @ http://localhost:5173/src/pages/ConversationPanel.tsx?t=1785126586241:704
[   13130ms] [LOG] [BackendBanner] backendStatus: null type: object startupComplete: false @ http://localhost:5173/src/pages/ConversationPanel.tsx?t=1785126586241:704
[   13131ms] [LOG] [BackendBanner] backendStatus: null type: object startupComplete: false @ http://localhost:5173/src/pages/ConversationPanel.tsx?t=1785126586241:704
[   13147ms] [LOG] [BackendBanner] backendStatus: null type: object startupComplete: false @ http://localhost:5173/src/pages/ConversationPanel.tsx?t=1785126586241:704
[   13147ms] [LOG] [BackendBanner] backendStatus: null type: object startupComplete: false @ http://localhost:5173/src/pages/ConversationPanel.tsx?t=1785126586241:704
[   13163ms] [LOG] [BackendBanner] backendStatus: null type: object startupComplete: false @ http://localhost:5173/src/pages/ConversationPanel.tsx?t=1785126586241:704
[   13164ms] [LOG] [BackendBanner] backendStatus: null type: object startupComplete: false @ http://localhost:5173/src/pages/ConversationPanel.tsx?t=1785126586241:704
[   13180ms] [LOG] [BackendBanner] backendStatus: null type: object startupComplete: false @ http://localhost:5173/src/pages/ConversationPanel.tsx?t=1785126586241:704
[   13181ms] [LOG] [BackendBanner] backendStatus: null type: object startupComplete: false @ http://localhost:5173/src/pages/ConversationPanel.tsx?t=1785126586241:704
[   13196ms] [LOG] [BackendBanner] backendStatus: null type: object startupComplete: false @ http://localhost:5173/src/pages/ConversationPanel.tsx?t=1785126586241:704
[   13197ms] [LOG] [BackendBanner] backendStatus: null type: object startupComplete: false @ http://localhost:5173/src/pages/ConversationPanel.tsx?t=1785126586241:704
[   13213ms] [LOG] [BackendBanner] backendStatus: null type: object startupComplete: false @ http://localhost:5173/src/pages/ConversationPanel.tsx?t=1785126586241:704
[   13214ms] [LOG] [BackendBanner] backendStatus: null type: object startupComplete: false @ http://localhost:5173/src/pages/ConversationPanel.tsx?t=1785126586241:704
[   13230ms] [LOG] [BackendBanner] backendStatus: null type: object startupComplete: false @ http://localhost:5173/src/pages/ConversationPanel.tsx?t=1785126586241:704
[   13231ms] [LOG] [BackendBanner] backendStatus: null type: object startupComplete: false @ http://localhost:5173/src/pages/ConversationPanel.tsx?t=1785126586241:704
[   13247ms] [LOG] [BackendBanner] backendStatus: null type: object startupComplete: false @ http://localhost:5173/src/pages/ConversationPanel.tsx?t=1785126586241:704
[   13247ms] [LOG] [BackendBanner] backendStatus: null type: object startupComplete: false @ http://localhost:5173/src/pages/ConversationPanel.tsx?t=1785126586241:704
[   13263ms] [LOG] [BackendBanner] backendStatus: null type: object startupComplete: false @ http://localhost:5173/src/pages/ConversationPanel.tsx?t=1785126586241:704
[   13263ms] [LOG] [BackendBanner] backendStatus: null type: object startupComplete: false @ http://localhost:5173/src/pages/ConversationPanel.tsx?t=1785126586241:704
[   13280ms] [LOG] [BackendBanner] backendStatus: null type: object startupComplete: false @ http://localhost:5173/src/pages/ConversationPanel.tsx?t=1785126586241:704
[   13280ms] [LOG] [BackendBanner] backendStatus: null type: object startupComplete: false @ http://localhost:5173/src/pages/ConversationPanel.tsx?t=1785126586241:704
[   13297ms] [LOG] [BackendBanner] backendStatus: null type: object startupComplete: false @ http://localhost:5173/src/pages/ConversationPanel.tsx?t=1785126586241:704
[   13297ms] [LOG] [BackendBanner] backendStatus: null type: object startupComplete: false @ http://localhost:5173/src/pages/ConversationPanel.tsx?t=1785126586241:704
[   13314ms] [LOG] [BackendBanner] backendStatus: null type: object startupComplete: false @ http://localhost:5173/src/pages/ConversationPanel.tsx?t=1785126586241:704
[   13314ms] [LOG] [BackendBanner] backendStatus: null type: object startupComplete: false @ http://localhost:5173/src/pages/ConversationPanel.tsx?t=1785126586241:704
[   13329ms] [LOG] [BackendBanner] backendStatus: null type: object startupComplete: false @ http://localhost:5173/src/pages/ConversationPanel.tsx?t=1785126586241:704
[   13330ms] [LOG] [BackendBanner] backendStatus: null type: object startupComplete: false @ http://localhost:5173/src/pages/ConversationPanel.tsx?t=1785126586241:704
[   13346ms] [LOG] [BackendBanner] backendStatus: null type: object startupComplete: false @ http://localhost:5173/src/pages/ConversationPanel.tsx?t=1785126586241:704
[   13346ms] [LOG] [BackendBanner] backendStatus: null type: object startupComplete: false @ http://localhost:5173/src/pages/ConversationPanel.tsx?t=1785126586241:704
[   13363ms] [LOG] [BackendBanner] backendStatus: null type: object startupComplete: false @ http://localhost:5173/src/pages/ConversationPanel.tsx?t=1785126586241:704
[   13363ms] [LOG] [BackendBanner] backendStatus: null type: object startupComplete: false @ http://localhost:5173/src/pages/ConversationPanel.tsx?t=1785126586241:704
[   13380ms] [LOG] [BackendBanner] backendStatus: null type: object startupComplete: false @ http://localhost:5173/src/pages/ConversationPanel.tsx?t=1785126586241:704
[   13380ms] [LOG] [BackendBanner] backendStatus: null type: object startupComplete: false @ http://localhost:5173/src/pages/ConversationPanel.tsx?t=1785126586241:704
[   13396ms] [LOG] [BackendBanner] backendStatus: null type: object startupComplete: false @ http://localhost:5173/src/pages/ConversationPanel.tsx?t=1785126586241:704
[   13397ms] [LOG] [BackendBanner] backendStatus: null type: object startupComplete: false @ http://localhost:5173/src/pages/ConversationPanel.tsx?t=1785126586241:704
[   13413ms] [LOG] [BackendBanner] backendStatus: null type: object startupComplete: false @ http://localhost:5173/src/pages/ConversationPanel.tsx?t=1785126586241:704
[   13413ms] [LOG] [BackendBanner] backendStatus: null type: object startupComplete: false @ http://localhost:5173/src/pages/ConversationPanel.tsx?t=1785126586241:704
[   13429ms] [LOG] [BackendBanner] backendStatus: null type: object startupComplete: false @ http://localhost:5173/src/pages/ConversationPanel.tsx?t=1785126586241:704
[   13430ms] [LOG] [BackendBanner] backendStatus: null type: object startupComplete: false @ http://localhost:5173/src/pages/ConversationPanel.tsx?t=1785126586241:704
[   13447ms] [LOG] [BackendBanner] backendStatus: null type: object startupComplete: false @ http://localhost:5173/src/pages/ConversationPanel.tsx?t=1785126586241:704
[   13448ms] [LOG] [BackendBanner] backendStatus: null type: object startupComplete: false @ http://localhost:5173/src/pages/ConversationPanel.tsx?t=1785126586241:704
[   13463ms] [LOG] [BackendBanner] backendStatus: null type: object startupComplete: false @ http://localhost:5173/src/pages/ConversationPanel.tsx?t=1785126586241:704
[   13464ms] [LOG] [BackendBanner] backendStatus: null type: object startupComplete: false @ http://localhost:5173/src/pages/ConversationPanel.tsx?t=1785126586241:704
[   13480ms] [LOG] [BackendBanner] backendStatus: null type: object startupComplete: false @ http://localhost:5173/src/pages/ConversationPanel.tsx?t=1785126586241:704
[   13480ms] [LOG] [BackendBanner] backendStatus: null type: object startupComplete: false @ http://localhost:5173/src/pages/ConversationPanel.tsx?t=1785126586241:704
[   13497ms] [LOG] [BackendBanner] backendStatus: null type: object startupComplete: false @ http://localhost:5173/src/pages/ConversationPanel.tsx?t=1785126586241:704
[   13497ms] [LOG] [BackendBanner] backendStatus: null type: object startupComplete: false @ http://localhost:5173/src/pages/ConversationPanel.tsx?t=1785126586241:704
[   13514ms] [LOG] [BackendBanner] backendStatus: null type: object startupComplete: false @ http://localhost:5173/src/pages/ConversationPanel.tsx?t=1785126586241:704
[   13514ms] [LOG] [BackendBanner] backendStatus: null type: object startupComplete: false @ http://localhost:5173/src/pages/ConversationPanel.tsx?t=1785126586241:704
[   13530ms] [LOG] [BackendBanner] backendStatus: null type: object startupComplete: false @ http://localhost:5173/src/pages/ConversationPanel.tsx?t=1785126586241:704
[   13530ms] [LOG] [BackendBanner] backendStatus: null type: object startupComplete: false @ http://localhost:5173/src/pages/ConversationPanel.tsx?t=1785126586241:704
[   13546ms] [LOG] [BackendBanner] backendStatus: null type: object startupComplete: false @ http://localhost:5173/src/pages/ConversationPanel.tsx?t=1785126586241:704
[   13547ms] [LOG] [BackendBanner] backendStatus: null type: object startupComplete: false @ http://localhost:5173/src/pages/ConversationPanel.tsx?t=1785126586241:704
[   13563ms] [LOG] [BackendBanner] backendStatus: null type: object startupComplete: false @ http://localhost:5173/src/pages/ConversationPanel.tsx?t=1785126586241:704
[   13563ms] [LOG] [BackendBanner] backendStatus: null type: object startupComplete: false @ http://localhost:5173/src/pages/ConversationPanel.tsx?t=1785126586241:704
[   13580ms] [LOG] [BackendBanner] backendStatus: null type: object startupComplete: false @ http://localhost:5173/src/pages/ConversationPanel.tsx?t=1785126586241:704
[   13580ms] [LOG] [BackendBanner] backendStatus: null type: object startupComplete: false @ http://localhost:5173/src/pages/ConversationPanel.tsx?t=1785126586241:704
[   13596ms] [LOG] [BackendBanner] backendStatus: null type: object startupComplete: false @ http://localhost:5173/src/pages/ConversationPanel.tsx?t=1785126586241:704
[   13597ms] [LOG] [BackendBanner] backendStatus: null type: object startupComplete: false @ http://localhost:5173/src/pages/ConversationPanel.tsx?t=1785126586241:704
[   13613ms] [LOG] [BackendBanner] backendStatus: null type: object startupComplete: false @ http://localhost:5173/src/pages/ConversationPanel.tsx?t=1785126586241:704
[   13614ms] [LOG] [BackendBanner] backendStatus: null type: object startupComplete: false @ http://localhost:5173/src/pages/ConversationPanel.tsx?t=1785126586241:704
[   13630ms] [LOG] [BackendBanner] backendStatus: null type: object startupComplete: false @ http://localhost:5173/src/pages/ConversationPanel.tsx?t=1785126586241:704
[   13630ms] [LOG] [BackendBanner] backendStatus: null type: object startupComplete: false @ http://localhost:5173/src/pages/ConversationPanel.tsx?t=1785126586241:704
[   13647ms] [LOG] [BackendBanner] backendStatus: null type: object startupComplete: false @ http://localhost:5173/src/pages/ConversationPanel.tsx?t=1785126586241:704
[   13647ms] [LOG] [BackendBanner] backendStatus: null type: object startupComplete: false @ http://localhost:5173/src/pages/ConversationPanel.tsx?t=1785126586241:704
[   13663ms] [LOG] [BackendBanner] backendStatus: null type: object startupComplete: false @ http://localhost:5173/src/pages/ConversationPanel.tsx?t=1785126586241:704
[   13664ms] [LOG] [BackendBanner] backendStatus: null type: object startupComplete: false @ http://localhost:5173/src/pages/ConversationPanel.tsx?t=1785126586241:704
[   13681ms] [LOG] [BackendBanner] backendStatus: null type: object startupComplete: false @ http://localhost:5173/src/pages/ConversationPanel.tsx?t=1785126586241:704
[   13681ms] [LOG] [BackendBanner] backendStatus: null type: object startupComplete: false @ http://localhost:5173/src/pages/ConversationPanel.tsx?t=1785126586241:704
[   13697ms] [LOG] [BackendBanner] backendStatus: null type: object startupComplete: false @ http://localhost:5173/src/pages/ConversationPanel.tsx?t=1785126586241:704
[   13697ms] [LOG] [BackendBanner] backendStatus: null type: object startupComplete: false @ http://localhost:5173/src/pages/ConversationPanel.tsx?t=1785126586241:704
[   13714ms] [LOG] [BackendBanner] backendStatus: null type: object startupComplete: false @ http://localhost:5173/src/pages/ConversationPanel.tsx?t=1785126586241:704
[   13714ms] [LOG] [BackendBanner] backendStatus: null type: object startupComplete: false @ http://localhost:5173/src/pages/ConversationPanel.tsx?t=1785126586241:704
[   13730ms] [LOG] [BackendBanner] backendStatus: null type: object startupComplete: false @ http://localhost:5173/src/pages/ConversationPanel.tsx?t=1785126586241:704
[   13731ms] [LOG] [BackendBanner] backendStatus: null type: object startupComplete: false @ http://localhost:5173/src/pages/ConversationPanel.tsx?t=1785126586241:704
[   13746ms] [LOG] [BackendBanner] backendStatus: null type: object startupComplete: false @ http://localhost:5173/src/pages/ConversationPanel.tsx?t=1785126586241:704
[   13747ms] [LOG] [BackendBanner] backendStatus: null type: object startupComplete: false @ http://localhost:5173/src/pages/ConversationPanel.tsx?t=1785126586241:704
[   13764ms] [LOG] [BackendBanner] backendStatus: null type: object startupComplete: false @ http://localhost:5173/src/pages/ConversationPanel.tsx?t=1785126586241:704
[   13764ms] [LOG] [BackendBanner] backendStatus: null type: object startupComplete: false @ http://localhost:5173/src/pages/ConversationPanel.tsx?t=1785126586241:704
[   13780ms] [LOG] [BackendBanner] backendStatus: null type: object startupComplete: false @ http://localhost:5173/src/pages/ConversationPanel.tsx?t=1785126586241:704
[   13780ms] [LOG] [BackendBanner] backendStatus: null type: object startupComplete: false @ http://localhost:5173/src/pages/ConversationPanel.tsx?t=1785126586241:704
[   13796ms] [LOG] [BackendBanner] backendStatus: null type: object startupComplete: false @ http://localhost:5173/src/pages/ConversationPanel.tsx?t=1785126586241:704
[   13797ms] [LOG] [BackendBanner] backendStatus: null type: object startupComplete: false @ http://localhost:5173/src/pages/ConversationPanel.tsx?t=1785126586241:704
[   13813ms] [LOG] [BackendBanner] backendStatus: null type: object startupComplete: false @ http://localhost:5173/src/pages/ConversationPanel.tsx?t=1785126586241:704
[   13813ms] [LOG] [BackendBanner] backendStatus: null type: object startupComplete: false @ http://localhost:5173/src/pages/ConversationPanel.tsx?t=1785126586241:704
[   13830ms] [LOG] [BackendBanner] backendStatus: null type: object startupComplete: false @ http://localhost:5173/src/pages/ConversationPanel.tsx?t=1785126586241:704
[   13830ms] [LOG] [BackendBanner] backendStatus: null type: object startupComplete: false @ http://localhost:5173/src/pages/ConversationPanel.tsx?t=1785126586241:704
[   13847ms] [LOG] [BackendBanner] backendStatus: null type: object startupComplete: false @ http://localhost:5173/src/pages/ConversationPanel.tsx?t=1785126586241:704
[   13847ms] [LOG] [BackendBanner] backendStatus: null type: object startupComplete: false @ http://localhost:5173/src/pages/ConversationPanel.tsx?t=1785126586241:704
[   13864ms] [LOG] [BackendBanner] backendStatus: null type: object startupComplete: false @ http://localhost:5173/src/pages/ConversationPanel.tsx?t=1785126586241:704
[   13864ms] [LOG] [BackendBanner] backendStatus: null type: object startupComplete: false @ http://localhost:5173/src/pages/ConversationPanel.tsx?t=1785126586241:704
[   13880ms] [LOG] [BackendBanner] backendStatus: null type: object startupComplete: false @ http://localhost:5173/src/pages/ConversationPanel.tsx?t=1785126586241:704
[   13881ms] [LOG] [BackendBanner] backendStatus: null type: object startupComplete: false @ http://localhost:5173/src/pages/ConversationPanel.tsx?t=1785126586241:704
[   13898ms] [LOG] [BackendBanner] backendStatus: null type: object startupComplete: false @ http://localhost:5173/src/pages/ConversationPanel.tsx?t=1785126586241:704
[   13898ms] [LOG] [BackendBanner] backendStatus: null type: object startupComplete: false @ http://localhost:5173/src/pages/ConversationPanel.tsx?t=1785126586241:704
[   13914ms] [LOG] [BackendBanner] backendStatus: null type: object startupComplete: false @ http://localhost:5173/src/pages/ConversationPanel.tsx?t=1785126586241:704
[   13914ms] [LOG] [BackendBanner] backendStatus: null type: object startupComplete: false @ http://localhost:5173/src/pages/ConversationPanel.tsx?t=1785126586241:704
[   13932ms] [LOG] [BackendBanner] backendStatus: null type: object startupComplete: false @ http://localhost:5173/src/pages/ConversationPanel.tsx?t=1785126586241:704
[   13932ms] [LOG] [BackendBanner] backendStatus: null type: object startupComplete: false @ http://localhost:5173/src/pages/ConversationPanel.tsx?t=1785126586241:704
[   13947ms] [LOG] [BackendBanner] backendStatus: null type: object startupComplete: false @ http://localhost:5173/src/pages/ConversationPanel.tsx?t=1785126586241:704
[   13947ms] [LOG] [BackendBanner] backendStatus: null type: object startupComplete: false @ http://localhost:5173/src/pages/ConversationPanel.tsx?t=1785126586241:704
[   13964ms] [LOG] [BackendBanner] backendStatus: null type: object startupComplete: false @ http://localhost:5173/src/pages/ConversationPanel.tsx?t=1785126586241:704
[   13965ms] [LOG] [BackendBanner] backendStatus: null type: object startupComplete: false @ http://localhost:5173/src/pages/ConversationPanel.tsx?t=1785126586241:704
[   13980ms] [LOG] [BackendBanner] backendStatus: null type: object startupComplete: false @ http://localhost:5173/src/pages/ConversationPanel.tsx?t=1785126586241:704
[   13980ms] [LOG] [BackendBanner] backendStatus: null type: object startupComplete: false @ http://localhost:5173/src/pages/ConversationPanel.tsx?t=1785126586241:704
[   13996ms] [LOG] [BackendBanner] backendStatus: null type: object startupComplete: false @ http://localhost:5173/src/pages/ConversationPanel.tsx?t=1785126586241:704
[   13997ms] [LOG] [BackendBanner] backendStatus: null type: object startupComplete: false @ http://localhost:5173/src/pages/ConversationPanel.tsx?t=1785126586241:704
[   14013ms] [LOG] [BackendBanner] backendStatus: null type: object startupComplete: false @ http://localhost:5173/src/pages/ConversationPanel.tsx?t=1785126586241:704
[   14013ms] [LOG] [BackendBanner] backendStatus: null type: object startupComplete: false @ http://localhost:5173/src/pages/ConversationPanel.tsx?t=1785126586241:704
[   14030ms] [LOG] [BackendBanner] backendStatus: null type: object startupComplete: false @ http://localhost:5173/src/pages/ConversationPanel.tsx?t=1785126586241:704
[   14030ms] [LOG] [BackendBanner] backendStatus: null type: object startupComplete: false @ http://localhost:5173/src/pages/ConversationPanel.tsx?t=1785126586241:704
[   14046ms] [LOG] [BackendBanner] backendStatus: null type: object startupComplete: false @ http://localhost:5173/src/pages/ConversationPanel.tsx?t=1785126586241:704
[   14047ms] [LOG] [BackendBanner] backendStatus: null type: object startupComplete: false @ http://localhost:5173/src/pages/ConversationPanel.tsx?t=1785126586241:704
[   14064ms] [LOG] [BackendBanner] backendStatus: null type: object startupComplete: false @ http://localhost:5173/src/pages/ConversationPanel.tsx?t=1785126586241:704
[   14064ms] [LOG] [BackendBanner] backendStatus: null type: object startupComplete: false @ http://localhost:5173/src/pages/ConversationPanel.tsx?t=1785126586241:704
[   14080ms] [LOG] [BackendBanner] backendStatus: null type: object startupComplete: false @ http://localhost:5173/src/pages/ConversationPanel.tsx?t=1785126586241:704
[   14081ms] [LOG] [BackendBanner] backendStatus: null type: object startupComplete: false @ http://localhost:5173/src/pages/ConversationPanel.tsx?t=1785126586241:704
[   14096ms] [LOG] [BackendBanner] backendStatus: null type: object startupComplete: false @ http://localhost:5173/src/pages/ConversationPanel.tsx?t=1785126586241:704
[   14097ms] [LOG] [BackendBanner] backendStatus: null type: object startupComplete: false @ http://localhost:5173/src/pages/ConversationPanel.tsx?t=1785126586241:704
[   14113ms] [LOG] [BackendBanner] backendStatus: null type: object startupComplete: false @ http://localhost:5173/src/pages/ConversationPanel.tsx?t=1785126586241:704
[   14114ms] [LOG] [BackendBanner] backendStatus: null type: object startupComplete: false @ http://localhost:5173/src/pages/ConversationPanel.tsx?t=1785126586241:704
[   14130ms] [LOG] [BackendBanner] backendStatus: null type: object startupComplete: false @ http://localhost:5173/src/pages/ConversationPanel.tsx?t=1785126586241:704
[   14130ms] [LOG] [BackendBanner] backendStatus: null type: object startupComplete: false @ http://localhost:5173/src/pages/ConversationPanel.tsx?t=1785126586241:704
[   14147ms] [LOG] [BackendBanner] backendStatus: null type: object startupComplete: false @ http://localhost:5173/src/pages/ConversationPanel.tsx?t=1785126586241:704
[   14147ms] [LOG] [BackendBanner] backendStatus: null type: object startupComplete: false @ http://localhost:5173/src/pages/ConversationPanel.tsx?t=1785126586241:704
[   14163ms] [LOG] [BackendBanner] backendStatus: null type: object startupComplete: false @ http://localhost:5173/src/pages/ConversationPanel.tsx?t=1785126586241:704
[   14164ms] [LOG] [BackendBanner] backendStatus: null type: object startupComplete: false @ http://localhost:5173/src/pages/ConversationPanel.tsx?t=1785126586241:704
[   14180ms] [LOG] [BackendBanner] backendStatus: null type: object startupComplete: false @ http://localhost:5173/src/pages/ConversationPanel.tsx?t=1785126586241:704
[   14180ms] [LOG] [BackendBanner] backendStatus: null type: object startupComplete: false @ http://localhost:5173/src/pages/ConversationPanel.tsx?t=1785126586241:704
[   14196ms] [LOG] [BackendBanner] backendStatus: null type: object startupComplete: false @ http://localhost:5173/src/pages/ConversationPanel.tsx?t=1785126586241:704
[   14196ms] [LOG] [BackendBanner] backendStatus: null type: object startupComplete: false @ http://localhost:5173/src/pages/ConversationPanel.tsx?t=1785126586241:704
[   14213ms] [LOG] [BackendBanner] backendStatus: null type: object startupComplete: false @ http://localhost:5173/src/pages/ConversationPanel.tsx?t=1785126586241:704
[   14213ms] [LOG] [BackendBanner] backendStatus: null type: object startupComplete: false @ http://localhost:5173/src/pages/ConversationPanel.tsx?t=1785126586241:704
[   14230ms] [LOG] [BackendBanner] backendStatus: null type: object startupComplete: false @ http://localhost:5173/src/pages/ConversationPanel.tsx?t=1785126586241:704
[   14231ms] [LOG] [BackendBanner] backendStatus: null type: object startupComplete: false @ http://localhost:5173/src/pages/ConversationPanel.tsx?t=1785126586241:704
[   14246ms] [LOG] [BackendBanner] backendStatus: null type: object startupComplete: false @ http://localhost:5173/src/pages/ConversationPanel.tsx?t=1785126586241:704
[   14247ms] [LOG] [BackendBanner] backendStatus: null type: object startupComplete: false @ http://localhost:5173/src/pages/ConversationPanel.tsx?t=1785126586241:704
[   14264ms] [LOG] [BackendBanner] backendStatus: null type: object startupComplete: false @ http://localhost:5173/src/pages/ConversationPanel.tsx?t=1785126586241:704
[   14265ms] [LOG] [BackendBanner] backendStatus: null type: object startupComplete: false @ http://localhost:5173/src/pages/ConversationPanel.tsx?t=1785126586241:704
[   14281ms] [LOG] [BackendBanner] backendStatus: null type: object startupComplete: false @ http://localhost:5173/src/pages/ConversationPanel.tsx?t=1785126586241:704
[   14282ms] [LOG] [BackendBanner] backendStatus: null type: object startupComplete: false @ http://localhost:5173/src/pages/ConversationPanel.tsx?t=1785126586241:704
[   14297ms] [LOG] [BackendBanner] backendStatus: null type: object startupComplete: false @ http://localhost:5173/src/pages/ConversationPanel.tsx?t=1785126586241:704
[   14298ms] [LOG] [BackendBanner] backendStatus: null type: object startupComplete: false @ http://localhost:5173/src/pages/ConversationPanel.tsx?t=1785126586241:704
[   14314ms] [LOG] [BackendBanner] backendStatus: null type: object startupComplete: false @ http://localhost:5173/src/pages/ConversationPanel.tsx?t=1785126586241:704
[   14315ms] [LOG] [BackendBanner] backendStatus: null type: object startupComplete: false @ http://localhost:5173/src/pages/ConversationPanel.tsx?t=1785126586241:704
[   14330ms] [LOG] [BackendBanner] backendStatus: null type: object startupComplete: false @ http://localhost:5173/src/pages/ConversationPanel.tsx?t=1785126586241:704
[   14330ms] [LOG] [BackendBanner] backendStatus: null type: object startupComplete: false @ http://localhost:5173/src/pages/ConversationPanel.tsx?t=1785126586241:704
[   14346ms] [LOG] [BackendBanner] backendStatus: null type: object startupComplete: false @ http://localhost:5173/src/pages/ConversationPanel.tsx?t=1785126586241:704
[   14346ms] [LOG] [BackendBanner] backendStatus: null type: object startupComplete: false @ http://localhost:5173/src/pages/ConversationPanel.tsx?t=1785126586241:704
[   14363ms] [LOG] [BackendBanner] backendStatus: null type: object startupComplete: false @ http://localhost:5173/src/pages/ConversationPanel.tsx?t=1785126586241:704
[   14364ms] [LOG] [BackendBanner] backendStatus: null type: object startupComplete: false @ http://localhost:5173/src/pages/ConversationPanel.tsx?t=1785126586241:704
[   14380ms] [LOG] [BackendBanner] backendStatus: null type: object startupComplete: false @ http://localhost:5173/src/pages/ConversationPanel.tsx?t=1785126586241:704
[   14380ms] [LOG] [BackendBanner] backendStatus: null type: object startupComplete: false @ http://localhost:5173/src/pages/ConversationPanel.tsx?t=1785126586241:704
[   14396ms] [LOG] [BackendBanner] backendStatus: null type: object startupComplete: false @ http://localhost:5173/src/pages/ConversationPanel.tsx?t=1785126586241:704
[   14396ms] [LOG] [BackendBanner] backendStatus: null type: object startupComplete: false @ http://localhost:5173/src/pages/ConversationPanel.tsx?t=1785126586241:704
[   14414ms] [LOG] [BackendBanner] backendStatus: null type: object startupComplete: false @ http://localhost:5173/src/pages/ConversationPanel.tsx?t=1785126586241:704
[   14414ms] [LOG] [BackendBanner] backendStatus: null type: object startupComplete: false @ http://localhost:5173/src/pages/ConversationPanel.tsx?t=1785126586241:704
[   14430ms] [LOG] [BackendBanner] backendStatus: null type: object startupComplete: false @ http://localhost:5173/src/pages/ConversationPanel.tsx?t=1785126586241:704
[   14431ms] [LOG] [BackendBanner] backendStatus: null type: object startupComplete: false @ http://localhost:5173/src/pages/ConversationPanel.tsx?t=1785126586241:704
[   14448ms] [LOG] [BackendBanner] backendStatus: null type: object startupComplete: false @ http://localhost:5173/src/pages/ConversationPanel.tsx?t=1785126586241:704
[   14448ms] [LOG] [BackendBanner] backendStatus: null type: object startupComplete: false @ http://localhost:5173/src/pages/ConversationPanel.tsx?t=1785126586241:704
[   14464ms] [LOG] [BackendBanner] backendStatus: null type: object startupComplete: false @ http://localhost:5173/src/pages/ConversationPanel.tsx?t=1785126586241:704
[   14464ms] [LOG] [BackendBanner] backendStatus: null type: object startupComplete: false @ http://localhost:5173/src/pages/ConversationPanel.tsx?t=1785126586241:704
[   14481ms] [LOG] [BackendBanner] backendStatus: null type: object startupComplete: false @ http://localhost:5173/src/pages/ConversationPanel.tsx?t=1785126586241:704
[   14481ms] [LOG] [BackendBanner] backendStatus: null type: object startupComplete: false @ http://localhost:5173/src/pages/ConversationPanel.tsx?t=1785126586241:704
[   14498ms] [LOG] [BackendBanner] backendStatus: null type: object startupComplete: false @ http://localhost:5173/src/pages/ConversationPanel.tsx?t=1785126586241:704
[   14498ms] [LOG] [BackendBanner] backendStatus: null type: object startupComplete: false @ http://localhost:5173/src/pages/ConversationPanel.tsx?t=1785126586241:704
[   14513ms] [LOG] [BackendBanner] backendStatus: null type: object startupComplete: false @ http://localhost:5173/src/pages/ConversationPanel.tsx?t=1785126586241:704
[   14514ms] [LOG] [BackendBanner] backendStatus: null type: object startupComplete: false @ http://localhost:5173/src/pages/ConversationPanel.tsx?t=1785126586241:704
[   14530ms] [LOG] [BackendBanner] backendStatus: null type: object startupComplete: false @ http://localhost:5173/src/pages/ConversationPanel.tsx?t=1785126586241:704
[   14530ms] [LOG] [BackendBanner] backendStatus: null type: object startupComplete: false @ http://localhost:5173/src/pages/ConversationPanel.tsx?t=1785126586241:704
[   14547ms] [LOG] [BackendBanner] backendStatus: null type: object startupComplete: false @ http://localhost:5173/src/pages/ConversationPanel.tsx?t=1785126586241:704
[   14547ms] [LOG] [BackendBanner] backendStatus: null type: object startupComplete: false @ http://localhost:5173/src/pages/ConversationPanel.tsx?t=1785126586241:704
[   14564ms] [LOG] [BackendBanner] backendStatus: null type: object startupComplete: false @ http://localhost:5173/src/pages/ConversationPanel.tsx?t=1785126586241:704
[   14564ms] [LOG] [BackendBanner] backendStatus: null type: object startupComplete: false @ http://localhost:5173/src/pages/ConversationPanel.tsx?t=1785126586241:704
[   14580ms] [LOG] [BackendBanner] backendStatus: null type: object startupComplete: false @ http://localhost:5173/src/pages/ConversationPanel.tsx?t=1785126586241:704
[   14581ms] [LOG] [BackendBanner] backendStatus: null type: object startupComplete: false @ http://localhost:5173/src/pages/ConversationPanel.tsx?t=1785126586241:704
[   14596ms] [LOG] [BackendBanner] backendStatus: null type: object startupComplete: false @ http://localhost:5173/src/pages/ConversationPanel.tsx?t=1785126586241:704
[   14597ms] [LOG] [BackendBanner] backendStatus: null type: object startupComplete: false @ http://localhost:5173/src/pages/ConversationPanel.tsx?t=1785126586241:704
[   14615ms] [LOG] [BackendBanner] backendStatus: null type: object startupComplete: false @ http://localhost:5173/src/pages/ConversationPanel.tsx?t=1785126586241:704
[   14615ms] [LOG] [BackendBanner] backendStatus: null type: object startupComplete: false @ http://localhost:5173/src/pages/ConversationPanel.tsx?t=1785126586241:704
[   14632ms] [LOG] [BackendBanner] backendStatus: null type: object startupComplete: false @ http://localhost:5173/src/pages/ConversationPanel.tsx?t=1785126586241:704
[   14632ms] [LOG] [BackendBanner] backendStatus: null type: object startupComplete: false @ http://localhost:5173/src/pages/ConversationPanel.tsx?t=1785126586241:704
[   14649ms] [LOG] [BackendBanner] backendStatus: null type: object startupComplete: false @ http://localhost:5173/src/pages/ConversationPanel.tsx?t=1785126586241:704
[   14650ms] [LOG] [BackendBanner] backendStatus: null type: object startupComplete: false @ http://localhost:5173/src/pages/ConversationPanel.tsx?t=1785126586241:704
[   14664ms] [LOG] [BackendBanner] backendStatus: null type: object startupComplete: false @ http://localhost:5173/src/pages/ConversationPanel.tsx?t=1785126586241:704
[   14665ms] [LOG] [BackendBanner] backendStatus: null type: object startupComplete: false @ http://localhost:5173/src/pages/ConversationPanel.tsx?t=1785126586241:704
[   14681ms] [LOG] [BackendBanner] backendStatus: null type: object startupComplete: false @ http://localhost:5173/src/pages/ConversationPanel.tsx?t=1785126586241:704
[   14681ms] [LOG] [BackendBanner] backendStatus: null type: object startupComplete: false @ http://localhost:5173/src/pages/ConversationPanel.tsx?t=1785126586241:704
[   14696ms] [LOG] [BackendBanner] backendStatus: null type: object startupComplete: false @ http://localhost:5173/src/pages/ConversationPanel.tsx?t=1785126586241:704
[   14696ms] [LOG] [BackendBanner] backendStatus: null type: object startupComplete: false @ http://localhost:5173/src/pages/ConversationPanel.tsx?t=1785126586241:704
[   14713ms] [LOG] [BackendBanner] backendStatus: null type: object startupComplete: false @ http://localhost:5173/src/pages/ConversationPanel.tsx?t=1785126586241:704
[   14713ms] [LOG] [BackendBanner] backendStatus: null type: object startupComplete: false @ http://localhost:5173/src/pages/ConversationPanel.tsx?t=1785126586241:704
[   14730ms] [LOG] [BackendBanner] backendStatus: null type: object startupComplete: false @ http://localhost:5173/src/pages/ConversationPanel.tsx?t=1785126586241:704
[   14730ms] [LOG] [BackendBanner] backendStatus: null type: object startupComplete: false @ http://localhost:5173/src/pages/ConversationPanel.tsx?t=1785126586241:704
[   14747ms] [LOG] [BackendBanner] backendStatus: null type: object startupComplete: false @ http://localhost:5173/src/pages/ConversationPanel.tsx?t=1785126586241:704
[   14747ms] [LOG] [BackendBanner] backendStatus: null type: object startupComplete: false @ http://localhost:5173/src/pages/ConversationPanel.tsx?t=1785126586241:704
[   14763ms] [LOG] [BackendBanner] backendStatus: null type: object startupComplete: false @ http://localhost:5173/src/pages/ConversationPanel.tsx?t=1785126586241:704
[   14764ms] [LOG] [BackendBanner] backendStatus: null type: object startupComplete: false @ http://localhost:5173/src/pages/ConversationPanel.tsx?t=1785126586241:704
[   14780ms] [LOG] [BackendBanner] backendStatus: null type: object startupComplete: false @ http://localhost:5173/src/pages/ConversationPanel.tsx?t=1785126586241:704
[   14781ms] [LOG] [BackendBanner] backendStatus: null type: object startupComplete: false @ http://localhost:5173/src/pages/ConversationPanel.tsx?t=1785126586241:704
[   14797ms] [LOG] [BackendBanner] backendStatus: null type: object startupComplete: false @ http://localhost:5173/src/pages/ConversationPanel.tsx?t=1785126586241:704
[   14797ms] [LOG] [BackendBanner] backendStatus: null type: object startupComplete: false @ http://localhost:5173/src/pages/ConversationPanel.tsx?t=1785126586241:704
[   14814ms] [LOG] [BackendBanner] backendStatus: null type: object startupComplete: false @ http://localhost:5173/src/pages/ConversationPanel.tsx?t=1785126586241:704
[   14814ms] [LOG] [BackendBanner] backendStatus: null type: object startupComplete: false @ http://localhost:5173/src/pages/ConversationPanel.tsx?t=1785126586241:704
[   14831ms] [LOG] [BackendBanner] backendStatus: null type: object startupComplete: false @ http://localhost:5173/src/pages/ConversationPanel.tsx?t=1785126586241:704
[   14832ms] [LOG] [BackendBanner] backendStatus: null type: object startupComplete: false @ http://localhost:5173/src/pages/ConversationPanel.tsx?t=1785126586241:704
[   14847ms] [LOG] [BackendBanner] backendStatus: null type: object startupComplete: false @ http://localhost:5173/src/pages/ConversationPanel.tsx?t=1785126586241:704
[   14847ms] [LOG] [BackendBanner] backendStatus: null type: object startupComplete: false @ http://localhost:5173/src/pages/ConversationPanel.tsx?t=1785126586241:704
[   14863ms] [LOG] [BackendBanner] backendStatus: null type: object startupComplete: false @ http://localhost:5173/src/pages/ConversationPanel.tsx?t=1785126586241:704
[   14864ms] [LOG] [BackendBanner] backendStatus: null type: object startupComplete: false @ http://localhost:5173/src/pages/ConversationPanel.tsx?t=1785126586241:704
[   14880ms] [LOG] [BackendBanner] backendStatus: null type: object startupComplete: false @ http://localhost:5173/src/pages/ConversationPanel.tsx?t=1785126586241:704
[   14880ms] [LOG] [BackendBanner] backendStatus: null type: object startupComplete: false @ http://localhost:5173/src/pages/ConversationPanel.tsx?t=1785126586241:704
[   14897ms] [LOG] [BackendBanner] backendStatus: null type: object startupComplete: false @ http://localhost:5173/src/pages/ConversationPanel.tsx?t=1785126586241:704
[   14898ms] [LOG] [BackendBanner] backendStatus: null type: object startupComplete: false @ http://localhost:5173/src/pages/ConversationPanel.tsx?t=1785126586241:704
[   14914ms] [LOG] [BackendBanner] backendStatus: null type: object startupComplete: false @ http://localhost:5173/src/pages/ConversationPanel.tsx?t=1785126586241:704
[   14914ms] [LOG] [BackendBanner] backendStatus: null type: object startupComplete: false @ http://localhost:5173/src/pages/ConversationPanel.tsx?t=1785126586241:704
[   14929ms] [LOG] [BackendBanner] backendStatus: null type: object startupComplete: false @ http://localhost:5173/src/pages/ConversationPanel.tsx?t=1785126586241:704
[   14930ms] [LOG] [BackendBanner] backendStatus: null type: object startupComplete: false @ http://localhost:5173/src/pages/ConversationPanel.tsx?t=1785126586241:704
[   14946ms] [LOG] [BackendBanner] backendStatus: null type: object startupComplete: false @ http://localhost:5173/src/pages/ConversationPanel.tsx?t=1785126586241:704
[   14946ms] [LOG] [BackendBanner] backendStatus: null type: object startupComplete: false @ http://localhost:5173/src/pages/ConversationPanel.tsx?t=1785126586241:704
[   14963ms] [LOG] [BackendBanner] backendStatus: null type: object startupComplete: false @ http://localhost:5173/src/pages/ConversationPanel.tsx?t=1785126586241:704
[   14963ms] [LOG] [BackendBanner] backendStatus: null type: object startupComplete: false @ http://localhost:5173/src/pages/ConversationPanel.tsx?t=1785126586241:704
[   14979ms] [LOG] [BackendBanner] backendStatus: null type: object startupComplete: false @ http://localhost:5173/src/pages/ConversationPanel.tsx?t=1785126586241:704
[   14980ms] [LOG] [BackendBanner] backendStatus: null type: object startupComplete: false @ http://localhost:5173/src/pages/ConversationPanel.tsx?t=1785126586241:704
[   14996ms] [LOG] [BackendBanner] backendStatus: null type: object startupComplete: false @ http://localhost:5173/src/pages/ConversationPanel.tsx?t=1785126586241:704
[   14997ms] [LOG] [BackendBanner] backendStatus: null type: object startupComplete: false @ http://localhost:5173/src/pages/ConversationPanel.tsx?t=1785126586241:704
[   15014ms] [LOG] [BackendBanner] backendStatus: null type: object startupComplete: false @ http://localhost:5173/src/pages/ConversationPanel.tsx?t=1785126586241:704
[   15014ms] [LOG] [BackendBanner] backendStatus: null type: object startupComplete: false @ http://localhost:5173/src/pages/ConversationPanel.tsx?t=1785126586241:704
[   15030ms] [LOG] [BackendBanner] backendStatus: null type: object startupComplete: false @ http://localhost:5173/src/pages/ConversationPanel.tsx?t=1785126586241:704
[   15031ms] [LOG] [BackendBanner] backendStatus: null type: object startupComplete: false @ http://localhost:5173/src/pages/ConversationPanel.tsx?t=1785126586241:704
[   15047ms] [LOG] [BackendBanner] backendStatus: null type: object startupComplete: false @ http://localhost:5173/src/pages/ConversationPanel.tsx?t=1785126586241:704
[   15047ms] [LOG] [BackendBanner] backendStatus: null type: object startupComplete: false @ http://localhost:5173/src/pages/ConversationPanel.tsx?t=1785126586241:704
[   15064ms] [LOG] [BackendBanner] backendStatus: null type: object startupComplete: false @ http://localhost:5173/src/pages/ConversationPanel.tsx?t=1785126586241:704
[   15064ms] [LOG] [BackendBanner] backendStatus: null type: object startupComplete: false @ http://localhost:5173/src/pages/ConversationPanel.tsx?t=1785126586241:704
[   15080ms] [LOG] [BackendBanner] backendStatus: null type: object startupComplete: false @ http://localhost:5173/src/pages/ConversationPanel.tsx?t=1785126586241:704
[   15081ms] [LOG] [BackendBanner] backendStatus: null type: object startupComplete: false @ http://localhost:5173/src/pages/ConversationPanel.tsx?t=1785126586241:704
[   15097ms] [LOG] [BackendBanner] backendStatus: null type: object startupComplete: false @ http://localhost:5173/src/pages/ConversationPanel.tsx?t=1785126586241:704
[   15097ms] [LOG] [BackendBanner] backendStatus: null type: object startupComplete: false @ http://localhost:5173/src/pages/ConversationPanel.tsx?t=1785126586241:704
[   15113ms] [LOG] [BackendBanner] backendStatus: null type: object startupComplete: false @ http://localhost:5173/src/pages/ConversationPanel.tsx?t=1785126586241:704
[   15113ms] [LOG] [BackendBanner] backendStatus: null type: object startupComplete: false @ http://localhost:5173/src/pages/ConversationPanel.tsx?t=1785126586241:704
[   15129ms] [LOG] [Frontend] Health check attempt 2 @ http://localhost:5173/src/pages/ConversationPanel.tsx?t=1785126586241:151
[   15130ms] [LOG] [Frontend] Health response: null @ http://localhost:5173/src/pages/ConversationPanel.tsx?t=1785126586241:153
[   15130ms] [LOG] [BackendBanner] backendStatus: null type: object startupComplete: false @ http://localhost:5173/src/pages/ConversationPanel.tsx?t=1785126586241:704
[   15130ms] [LOG] [BackendBanner] backendStatus: null type: object startupComplete: false @ http://localhost:5173/src/pages/ConversationPanel.tsx?t=1785126586241:704
[   15146ms] [LOG] [BackendBanner] backendStatus: null type: object startupComplete: false @ http://localhost:5173/src/pages/ConversationPanel.tsx?t=1785126586241:704
[   15146ms] [LOG] [BackendBanner] backendStatus: null type: object startupComplete: false @ http://localhost:5173/src/pages/ConversationPanel.tsx?t=1785126586241:704
[   15164ms] [LOG] [BackendBanner] backendStatus: null type: object startupComplete: false @ http://localhost:5173/src/pages/ConversationPanel.tsx?t=1785126586241:704
[   15164ms] [LOG] [BackendBanner] backendStatus: null type: object startupComplete: false @ http://localhost:5173/src/pages/ConversationPanel.tsx?t=1785126586241:704
[   15180ms] [LOG] [BackendBanner] backendStatus: null type: object startupComplete: false @ http://localhost:5173/src/pages/ConversationPanel.tsx?t=1785126586241:704
[   15181ms] [LOG] [BackendBanner] backendStatus: null type: object startupComplete: false @ http://localhost:5173/src/pages/ConversationPanel.tsx?t=1785126586241:704
[   15197ms] [LOG] [BackendBanner] backendStatus: null type: object startupComplete: false @ http://localhost:5173/src/pages/ConversationPanel.tsx?t=1785126586241:704
[   15198ms] [LOG] [BackendBanner] backendStatus: null type: object startupComplete: false @ http://localhost:5173/src/pages/ConversationPanel.tsx?t=1785126586241:704
[   15213ms] [LOG] [BackendBanner] backendStatus: null type: object startupComplete: false @ http://localhost:5173/src/pages/ConversationPanel.tsx?t=1785126586241:704
[   15214ms] [LOG] [BackendBanner] backendStatus: null type: object startupComplete: false @ http://localhost:5173/src/pages/ConversationPanel.tsx?t=1785126586241:704
[   15230ms] [LOG] [BackendBanner] backendStatus: null type: object startupComplete: false @ http://localhost:5173/src/pages/ConversationPanel.tsx?t=1785126586241:704
[   15230ms] [LOG] [BackendBanner] backendStatus: null type: object startupComplete: false @ http://localhost:5173/src/pages/ConversationPanel.tsx?t=1785126586241:704
[   15247ms] [LOG] [BackendBanner] backendStatus: null type: object startupComplete: false @ http://localhost:5173/src/pages/ConversationPanel.tsx?t=1785126586241:704
[   15247ms] [LOG] [BackendBanner] backendStatus: null type: object startupComplete: false @ http://localhost:5173/src/pages/ConversationPanel.tsx?t=1785126586241:704
[   15263ms] [LOG] [BackendBanner] backendStatus: null type: object startupComplete: false @ http://localhost:5173/src/pages/ConversationPanel.tsx?t=1785126586241:704
[   15263ms] [LOG] [BackendBanner] backendStatus: null type: object startupComplete: false @ http://localhost:5173/src/pages/ConversationPanel.tsx?t=1785126586241:704
[   15279ms] [LOG] [BackendBanner] backendStatus: null type: object startupComplete: false @ http://localhost:5173/src/pages/ConversationPanel.tsx?t=1785126586241:704
[   15280ms] [LOG] [BackendBanner] backendStatus: null type: object startupComplete: false @ http://localhost:5173/src/pages/ConversationPanel.tsx?t=1785126586241:704
[   15296ms] [LOG] [BackendBanner] backendStatus: null type: object startupComplete: false @ http://localhost:5173/src/pages/ConversationPanel.tsx?t=1785126586241:704
[   15296ms] [LOG] [BackendBanner] backendStatus: null type: object startupComplete: false @ http://localhost:5173/src/pages/ConversationPanel.tsx?t=1785126586241:704
[   15313ms] [LOG] [BackendBanner] backendStatus: null type: object startupComplete: false @ http://localhost:5173/src/pages/ConversationPanel.tsx?t=1785126586241:704
[   15313ms] [LOG] [BackendBanner] backendStatus: null type: object startupComplete: false @ http://localhost:5173/src/pages/ConversationPanel.tsx?t=1785126586241:704
[   15329ms] [LOG] [BackendBanner] backendStatus: null type: object startupComplete: false @ http://localhost:5173/src/pages/ConversationPanel.tsx?t=1785126586241:704
[   15330ms] [LOG] [BackendBanner] backendStatus: null type: object startupComplete: false @ http://localhost:5173/src/pages/ConversationPanel.tsx?t=1785126586241:704
[   15346ms] [LOG] [BackendBanner] backendStatus: null type: object startupComplete: false @ http://localhost:5173/src/pages/ConversationPanel.tsx?t=1785126586241:704
[   15346ms] [LOG] [BackendBanner] backendStatus: null type: object startupComplete: false @ http://localhost:5173/src/pages/ConversationPanel.tsx?t=1785126586241:704
[   15363ms] [LOG] [BackendBanner] backendStatus: null type: object startupComplete: false @ http://localhost:5173/src/pages/ConversationPanel.tsx?t=1785126586241:704
[   15364ms] [LOG] [BackendBanner] backendStatus: null type: object startupComplete: false @ http://localhost:5173/src/pages/ConversationPanel.tsx?t=1785126586241:704
[   15380ms] [LOG] [BackendBanner] backendStatus: null type: object startupComplete: false @ http://localhost:5173/src/pages/ConversationPanel.tsx?t=1785126586241:704
[   15380ms] [LOG] [BackendBanner] backendStatus: null type: object startupComplete: false @ http://localhost:5173/src/pages/ConversationPanel.tsx?t=1785126586241:704
[   15396ms] [LOG] [BackendBanner] backendStatus: null type: object startupComplete: false @ http://localhost:5173/src/pages/ConversationPanel.tsx?t=1785126586241:704
[   15396ms] [LOG] [BackendBanner] backendStatus: null type: object startupComplete: false @ http://localhost:5173/src/pages/ConversationPanel.tsx?t=1785126586241:704
[   15413ms] [LOG] [BackendBanner] backendStatus: null type: object startupComplete: false @ http://localhost:5173/src/pages/ConversationPanel.tsx?t=1785126586241:704
[   15413ms] [LOG] [BackendBanner] backendStatus: null type: object startupComplete: false @ http://localhost:5173/src/pages/ConversationPanel.tsx?t=1785126586241:704
[   15430ms] [LOG] [BackendBanner] backendStatus: null type: object startupComplete: false @ http://localhost:5173/src/pages/ConversationPanel.tsx?t=1785126586241:704
[   15430ms] [LOG] [BackendBanner] backendStatus: null type: object startupComplete: false @ http://localhost:5173/src/pages/ConversationPanel.tsx?t=1785126586241:704
[   15447ms] [LOG] [BackendBanner] backendStatus: null type: object startupComplete: false @ http://localhost:5173/src/pages/ConversationPanel.tsx?t=1785126586241:704
[   15448ms] [LOG] [BackendBanner] backendStatus: null type: object startupComplete: false @ http://localhost:5173/src/pages/ConversationPanel.tsx?t=1785126586241:704
[   15465ms] [LOG] [BackendBanner] backendStatus: null type: object startupComplete: false @ http://localhost:5173/src/pages/ConversationPanel.tsx?t=1785126586241:704
[   15465ms] [LOG] [BackendBanner] backendStatus: null type: object startupComplete: false @ http://localhost:5173/src/pages/ConversationPanel.tsx?t=1785126586241:704
[   15481ms] [LOG] [BackendBanner] backendStatus: null type: object startupComplete: false @ http://localhost:5173/src/pages/ConversationPanel.tsx?t=1785126586241:704
[   15482ms] [LOG] [BackendBanner] backendStatus: null type: object startupComplete: false @ http://localhost:5173/src/pages/ConversationPanel.tsx?t=1785126586241:704
[   15499ms] [LOG] [BackendBanner] backendStatus: null type: object startupComplete: false @ http://localhost:5173/src/pages/ConversationPanel.tsx?t=1785126586241:704
[   15499ms] [LOG] [BackendBanner] backendStatus: null type: object startupComplete: false @ http://localhost:5173/src/pages/ConversationPanel.tsx?t=1785126586241:704
[   15513ms] [LOG] [BackendBanner] backendStatus: null type: object startupComplete: false @ http://localhost:5173/src/pages/ConversationPanel.tsx?t=1785126586241:704
[   15514ms] [LOG] [BackendBanner] backendStatus: null type: object startupComplete: false @ http://localhost:5173/src/pages/ConversationPanel.tsx?t=1785126586241:704
[   15530ms] [LOG] [BackendBanner] backendStatus: null type: object startupComplete: false @ http://localhost:5173/src/pages/ConversationPanel.tsx?t=1785126586241:704
[   15531ms] [LOG] [BackendBanner] backendStatus: null type: object startupComplete: false @ http://localhost:5173/src/pages/ConversationPanel.tsx?t=1785126586241:704
[   15547ms] [LOG] [BackendBanner] backendStatus: null type: object startupComplete: false @ http://localhost:5173/src/pages/ConversationPanel.tsx?t=1785126586241:704
[   15547ms] [LOG] [BackendBanner] backendStatus: null type: object startupComplete: false @ http://localhost:5173/src/pages/ConversationPanel.tsx?t=1785126586241:704
[   15563ms] [LOG] [BackendBanner] backendStatus: null type: object startupComplete: false @ http://localhost:5173/src/pages/ConversationPanel.tsx?t=1785126586241:704
[   15564ms] [LOG] [BackendBanner] backendStatus: null type: object startupComplete: false @ http://localhost:5173/src/pages/ConversationPanel.tsx?t=1785126586241:704
[   15581ms] [LOG] [BackendBanner] backendStatus: null type: object startupComplete: false @ http://localhost:5173/src/pages/ConversationPanel.tsx?t=1785126586241:704
[   15581ms] [LOG] [BackendBanner] backendStatus: null type: object startupComplete: false @ http://localhost:5173/src/pages/ConversationPanel.tsx?t=1785126586241:704
[   15597ms] [LOG] [BackendBanner] backendStatus: null type: object startupComplete: false @ http://localhost:5173/src/pages/ConversationPanel.tsx?t=1785126586241:704
[   15598ms] [LOG] [BackendBanner] backendStatus: null type: object startupComplete: false @ http://localhost:5173/src/pages/ConversationPanel.tsx?t=1785126586241:704
[   15614ms] [LOG] [BackendBanner] backendStatus: null type: object startupComplete: false @ http://localhost:5173/src/pages/ConversationPanel.tsx?t=1785126586241:704
[   15614ms] [LOG] [BackendBanner] backendStatus: null type: object startupComplete: false @ http://localhost:5173/src/pages/ConversationPanel.tsx?t=1785126586241:704
[   15631ms] [LOG] [BackendBanner] backendStatus: null type: object startupComplete: false @ http://localhost:5173/src/pages/ConversationPanel.tsx?t=1785126586241:704
[   15631ms] [LOG] [BackendBanner] backendStatus: null type: object startupComplete: false @ http://localhost:5173/src/pages/ConversationPanel.tsx?t=1785126586241:704
[   15647ms] [LOG] [BackendBanner] backendStatus: null type: object startupComplete: false @ http://localhost:5173/src/pages/ConversationPanel.tsx?t=1785126586241:704
[   15648ms] [LOG] [BackendBanner] backendStatus: null type: object startupComplete: false @ http://localhost:5173/src/pages/ConversationPanel.tsx?t=1785126586241:704
[   15664ms] [LOG] [BackendBanner] backendStatus: null type: object startupComplete: false @ http://localhost:5173/src/pages/ConversationPanel.tsx?t=1785126586241:704
[   15664ms] [LOG] [BackendBanner] backendStatus: null type: object startupComplete: false @ http://localhost:5173/src/pages/ConversationPanel.tsx?t=1785126586241:704
[   15681ms] [LOG] [BackendBanner] backendStatus: null type: object startupComplete: false @ http://localhost:5173/src/pages/ConversationPanel.tsx?t=1785126586241:704
[   15681ms] [LOG] [BackendBanner] backendStatus: null type: object startupComplete: false @ http://localhost:5173/src/pages/ConversationPanel.tsx?t=1785126586241:704
[   15697ms] [LOG] [BackendBanner] backendStatus: null type: object startupComplete: false @ http://localhost:5173/src/pages/ConversationPanel.tsx?t=1785126586241:704
[   15697ms] [LOG] [BackendBanner] backendStatus: null type: object startupComplete: false @ http://localhost:5173/src/pages/ConversationPanel.tsx?t=1785126586241:704
[   15714ms] [LOG] [BackendBanner] backendStatus: null type: object startupComplete: false @ http://localhost:5173/src/pages/ConversationPanel.tsx?t=1785126586241:704
[   15714ms] [LOG] [BackendBanner] backendStatus: null type: object startupComplete: false @ http://localhost:5173/src/pages/ConversationPanel.tsx?t=1785126586241:704
[   15730ms] [LOG] [BackendBanner] backendStatus: null type: object startupComplete: false @ http://localhost:5173/src/pages/ConversationPanel.tsx?t=1785126586241:704
[   15731ms] [LOG] [BackendBanner] backendStatus: null type: object startupComplete: false @ http://localhost:5173/src/pages/ConversationPanel.tsx?t=1785126586241:704
[   15747ms] [LOG] [BackendBanner] backendStatus: null type: object startupComplete: false @ http://localhost:5173/src/pages/ConversationPanel.tsx?t=1785126586241:704
[   15747ms] [LOG] [BackendBanner] backendStatus: null type: object startupComplete: false @ http://localhost:5173/src/pages/ConversationPanel.tsx?t=1785126586241:704
[   15764ms] [LOG] [BackendBanner] backendStatus: null type: object startupComplete: false @ http://localhost:5173/src/pages/ConversationPanel.tsx?t=1785126586241:704
[   15764ms] [LOG] [BackendBanner] backendStatus: null type: object startupComplete: false @ http://localhost:5173/src/pages/ConversationPanel.tsx?t=1785126586241:704
[   15783ms] [LOG] [BackendBanner] backendStatus: null type: object startupComplete: false @ http://localhost:5173/src/pages/ConversationPanel.tsx?t=1785126586241:704
[   15783ms] [LOG] [BackendBanner] backendStatus: null type: object startupComplete: false @ http://localhost:5173/src/pages/ConversationPanel.tsx?t=1785126586241:704
[   15797ms] [LOG] [BackendBanner] backendStatus: null type: object startupComplete: false @ http://localhost:5173/src/pages/ConversationPanel.tsx?t=1785126586241:704
[   15797ms] [LOG] [BackendBanner] backendStatus: null type: object startupComplete: false @ http://localhost:5173/src/pages/ConversationPanel.tsx?t=1785126586241:704
[   15814ms] [LOG] [BackendBanner] backendStatus: null type: object startupComplete: false @ http://localhost:5173/src/pages/ConversationPanel.tsx?t=1785126586241:704
[   15814ms] [LOG] [BackendBanner] backendStatus: null type: object startupComplete: false @ http://localhost:5173/src/pages/ConversationPanel.tsx?t=1785126586241:704
[   15831ms] [LOG] [BackendBanner] backendStatus: null type: object startupComplete: false @ http://localhost:5173/src/pages/ConversationPanel.tsx?t=1785126586241:704
[   15831ms] [LOG] [BackendBanner] backendStatus: null type: object startupComplete: false @ http://localhost:5173/src/pages/ConversationPanel.tsx?t=1785126586241:704
[   15847ms] [LOG] [BackendBanner] backendStatus: null type: object startupComplete: false @ http://localhost:5173/src/pages/ConversationPanel.tsx?t=1785126586241:704
[   15847ms] [LOG] [BackendBanner] backendStatus: null type: object startupComplete: false @ http://localhost:5173/src/pages/ConversationPanel.tsx?t=1785126586241:704
[   15863ms] [LOG] [BackendBanner] backendStatus: null type: object startupComplete: false @ http://localhost:5173/src/pages/ConversationPanel.tsx?t=1785126586241:704
[   15864ms] [LOG] [BackendBanner] backendStatus: null type: object startupComplete: false @ http://localhost:5173/src/pages/ConversationPanel.tsx?t=1785126586241:704
[   15881ms] [LOG] [BackendBanner] backendStatus: null type: object startupComplete: false @ http://localhost:5173/src/pages/ConversationPanel.tsx?t=1785126586241:704
[   15881ms] [LOG] [BackendBanner] backendStatus: null type: object startupComplete: false @ http://localhost:5173/src/pages/ConversationPanel.tsx?t=1785126586241:704
[   15897ms] [LOG] [BackendBanner] backendStatus: null type: object startupComplete: false @ http://localhost:5173/src/pages/ConversationPanel.tsx?t=1785126586241:704
[   15897ms] [LOG] [BackendBanner] backendStatus: null type: object startupComplete: false @ http://localhost:5173/src/pages/ConversationPanel.tsx?t=1785126586241:704
[   15915ms] [LOG] [BackendBanner] backendStatus: null type: object startupComplete: false @ http://localhost:5173/src/pages/ConversationPanel.tsx?t=1785126586241:704
[   15916ms] [LOG] [BackendBanner] backendStatus: null type: object startupComplete: false @ http://localhost:5173/src/pages/ConversationPanel.tsx?t=1785126586241:704
[   15930ms] [LOG] [BackendBanner] backendStatus: null type: object startupComplete: false @ http://localhost:5173/src/pages/ConversationPanel.tsx?t=1785126586241:704
[   15931ms] [LOG] [BackendBanner] backendStatus: null type: object startupComplete: false @ http://localhost:5173/src/pages/ConversationPanel.tsx?t=1785126586241:704
[   15947ms] [LOG] [BackendBanner] backendStatus: null type: object startupComplete: false @ http://localhost:5173/src/pages/ConversationPanel.tsx?t=1785126586241:704
[   15947ms] [LOG] [BackendBanner] backendStatus: null type: object startupComplete: false @ http://localhost:5173/src/pages/ConversationPanel.tsx?t=1785126586241:704
[   15964ms] [LOG] [BackendBanner] backendStatus: null type: object startupComplete: false @ http://localhost:5173/src/pages/ConversationPanel.tsx?t=1785126586241:704
[   15964ms] [LOG] [BackendBanner] backendStatus: null type: object startupComplete: false @ http://localhost:5173/src/pages/ConversationPanel.tsx?t=1785126586241:704
[   15980ms] [LOG] [BackendBanner] backendStatus: null type: object startupComplete: false @ http://localhost:5173/src/pages/ConversationPanel.tsx?t=1785126586241:704
[   15981ms] [LOG] [BackendBanner] backendStatus: null type: object startupComplete: false @ http://localhost:5173/src/pages/ConversationPanel.tsx?t=1785126586241:704
[   15997ms] [LOG] [BackendBanner] backendStatus: null type: object startupComplete: false @ http://localhost:5173/src/pages/ConversationPanel.tsx?t=1785126586241:704
[   15998ms] [LOG] [BackendBanner] backendStatus: null type: object startupComplete: false @ http://localhost:5173/src/pages/ConversationPanel.tsx?t=1785126586241:704
[   16013ms] [LOG] [BackendBanner] backendStatus: null type: object startupComplete: false @ http://localhost:5173/src/pages/ConversationPanel.tsx?t=1785126586241:704
[   16013ms] [LOG] [BackendBanner] backendStatus: null type: object startupComplete: false @ http://localhost:5173/src/pages/ConversationPanel.tsx?t=1785126586241:704
[   16031ms] [LOG] [BackendBanner] backendStatus: null type: object startupComplete: false @ http://localhost:5173/src/pages/ConversationPanel.tsx?t=1785126586241:704
[   16031ms] [LOG] [BackendBanner] backendStatus: null type: object startupComplete: false @ http://localhost:5173/src/pages/ConversationPanel.tsx?t=1785126586241:704
[   16046ms] [LOG] [BackendBanner] backendStatus: null type: object startupComplete: false @ http://localhost:5173/src/pages/ConversationPanel.tsx?t=1785126586241:704
[   16047ms] [LOG] [BackendBanner] backendStatus: null type: object startupComplete: false @ http://localhost:5173/src/pages/ConversationPanel.tsx?t=1785126586241:704
[   16064ms] [LOG] [BackendBanner] backendStatus: null type: object startupComplete: false @ http://localhost:5173/src/pages/ConversationPanel.tsx?t=1785126586241:704
[   16064ms] [LOG] [BackendBanner] backendStatus: null type: object startupComplete: false @ http://localhost:5173/src/pages/ConversationPanel.tsx?t=1785126586241:704
[   16080ms] [LOG] [BackendBanner] backendStatus: null type: object startupComplete: false @ http://localhost:5173/src/pages/ConversationPanel.tsx?t=1785126586241:704
[   16080ms] [LOG] [BackendBanner] backendStatus: null type: object startupComplete: false @ http://localhost:5173/src/pages/ConversationPanel.tsx?t=1785126586241:704
[   16098ms] [LOG] [BackendBanner] backendStatus: null type: object startupComplete: false @ http://localhost:5173/src/pages/ConversationPanel.tsx?t=1785126586241:704
[   16099ms] [LOG] [BackendBanner] backendStatus: null type: object startupComplete: false @ http://localhost:5173/src/pages/ConversationPanel.tsx?t=1785126586241:704
[   16113ms] [LOG] [BackendBanner] backendStatus: null type: object startupComplete: false @ http://localhost:5173/src/pages/ConversationPanel.tsx?t=1785126586241:704
[   16113ms] [LOG] [BackendBanner] backendStatus: null type: object startupComplete: false @ http://localhost:5173/src/pages/ConversationPanel.tsx?t=1785126586241:704
[   16130ms] [LOG] [BackendBanner] backendStatus: null type: object startupComplete: false @ http://localhost:5173/src/pages/ConversationPanel.tsx?t=1785126586241:704
[   16130ms] [LOG] [BackendBanner] backendStatus: null type: object startupComplete: false @ http://localhost:5173/src/pages/ConversationPanel.tsx?t=1785126586241:704
[   16147ms] [LOG] [BackendBanner] backendStatus: null type: object startupComplete: false @ http://localhost:5173/src/pages/ConversationPanel.tsx?t=1785126586241:704
[   16147ms] [LOG] [BackendBanner] backendStatus: null type: object startupComplete: false @ http://localhost:5173/src/pages/ConversationPanel.tsx?t=1785126586241:704
[   16163ms] [LOG] [BackendBanner] backendStatus: null type: object startupComplete: false @ http://localhost:5173/src/pages/ConversationPanel.tsx?t=1785126586241:704
[   16164ms] [LOG] [BackendBanner] backendStatus: null type: object startupComplete: false @ http://localhost:5173/src/pages/ConversationPanel.tsx?t=1785126586241:704
[   16180ms] [LOG] [BackendBanner] backendStatus: null type: object startupComplete: false @ http://localhost:5173/src/pages/ConversationPanel.tsx?t=1785126586241:704
[   16181ms] [LOG] [BackendBanner] backendStatus: null type: object startupComplete: false @ http://localhost:5173/src/pages/ConversationPanel.tsx?t=1785126586241:704
[   16197ms] [LOG] [BackendBanner] backendStatus: null type: object startupComplete: false @ http://localhost:5173/src/pages/ConversationPanel.tsx?t=1785126586241:704
[   16197ms] [LOG] [BackendBanner] backendStatus: null type: object startupComplete: false @ http://localhost:5173/src/pages/ConversationPanel.tsx?t=1785126586241:704
[   16215ms] [LOG] [BackendBanner] backendStatus: null type: object startupComplete: false @ http://localhost:5173/src/pages/ConversationPanel.tsx?t=1785126586241:704
[   16216ms] [LOG] [BackendBanner] backendStatus: null type: object startupComplete: false @ http://localhost:5173/src/pages/ConversationPanel.tsx?t=1785126586241:704
[   16230ms] [LOG] [BackendBanner] backendStatus: null type: object startupComplete: false @ http://localhost:5173/src/pages/ConversationPanel.tsx?t=1785126586241:704
[   16231ms] [LOG] [BackendBanner] backendStatus: null type: object startupComplete: false @ http://localhost:5173/src/pages/ConversationPanel.tsx?t=1785126586241:704
[   16247ms] [LOG] [BackendBanner] backendStatus: null type: object startupComplete: false @ http://localhost:5173/src/pages/ConversationPanel.tsx?t=1785126586241:704
[   16247ms] [LOG] [BackendBanner] backendStatus: null type: object startupComplete: false @ http://localhost:5173/src/pages/ConversationPanel.tsx?t=1785126586241:704
[   16264ms] [LOG] [BackendBanner] backendStatus: null type: object startupComplete: false @ http://localhost:5173/src/pages/ConversationPanel.tsx?t=1785126586241:704
[   16264ms] [LOG] [BackendBanner] backendStatus: null type: object startupComplete: false @ http://localhost:5173/src/pages/ConversationPanel.tsx?t=1785126586241:704
[   16280ms] [LOG] [BackendBanner] backendStatus: null type: object startupComplete: false @ http://localhost:5173/src/pages/ConversationPanel.tsx?t=1785126586241:704
[   16281ms] [LOG] [BackendBanner] backendStatus: null type: object startupComplete: false @ http://localhost:5173/src/pages/ConversationPanel.tsx?t=1785126586241:704
[   16297ms] [LOG] [BackendBanner] backendStatus: null type: object startupComplete: false @ http://localhost:5173/src/pages/ConversationPanel.tsx?t=1785126586241:704
[   16297ms] [LOG] [BackendBanner] backendStatus: null type: object startupComplete: false @ http://localhost:5173/src/pages/ConversationPanel.tsx?t=1785126586241:704
[   16314ms] [LOG] [BackendBanner] backendStatus: null type: object startupComplete: false @ http://localhost:5173/src/pages/ConversationPanel.tsx?t=1785126586241:704
[   16314ms] [LOG] [BackendBanner] backendStatus: null type: object startupComplete: false @ http://localhost:5173/src/pages/ConversationPanel.tsx?t=1785126586241:704
[   16330ms] [LOG] [BackendBanner] backendStatus: null type: object startupComplete: false @ http://localhost:5173/src/pages/ConversationPanel.tsx?t=1785126586241:704
[   16331ms] [LOG] [BackendBanner] backendStatus: null type: object startupComplete: false @ http://localhost:5173/src/pages/ConversationPanel.tsx?t=1785126586241:704
[   16347ms] [LOG] [BackendBanner] backendStatus: null type: object startupComplete: false @ http://localhost:5173/src/pages/ConversationPanel.tsx?t=1785126586241:704
[   16347ms] [LOG] [BackendBanner] backendStatus: null type: object startupComplete: false @ http://localhost:5173/src/pages/ConversationPanel.tsx?t=1785126586241:704
[   16363ms] [LOG] [BackendBanner] backendStatus: null type: object startupComplete: false @ http://localhost:5173/src/pages/ConversationPanel.tsx?t=1785126586241:704
[   16364ms] [LOG] [BackendBanner] backendStatus: null type: object startupComplete: false @ http://localhost:5173/src/pages/ConversationPanel.tsx?t=1785126586241:704
[   16382ms] [LOG] [BackendBanner] backendStatus: null type: object startupComplete: false @ http://localhost:5173/src/pages/ConversationPanel.tsx?t=1785126586241:704
[   16382ms] [LOG] [BackendBanner] backendStatus: null type: object startupComplete: false @ http://localhost:5173/src/pages/ConversationPanel.tsx?t=1785126586241:704
[   16397ms] [LOG] [BackendBanner] backendStatus: null type: object startupComplete: false @ http://localhost:5173/src/pages/ConversationPanel.tsx?t=1785126586241:704
[   16397ms] [LOG] [BackendBanner] backendStatus: null type: object startupComplete: false @ http://localhost:5173/src/pages/ConversationPanel.tsx?t=1785126586241:704
[   16413ms] [LOG] [BackendBanner] backendStatus: null type: object startupComplete: false @ http://localhost:5173/src/pages/ConversationPanel.tsx?t=1785126586241:704
[   16414ms] [LOG] [BackendBanner] backendStatus: null type: object startupComplete: false @ http://localhost:5173/src/pages/ConversationPanel.tsx?t=1785126586241:704
[   16430ms] [LOG] [BackendBanner] backendStatus: null type: object startupComplete: false @ http://localhost:5173/src/pages/ConversationPanel.tsx?t=1785126586241:704
[   16431ms] [LOG] [BackendBanner] backendStatus: null type: object startupComplete: false @ http://localhost:5173/src/pages/ConversationPanel.tsx?t=1785126586241:704
[   16446ms] [LOG] [BackendBanner] backendStatus: null type: object startupComplete: false @ http://localhost:5173/src/pages/ConversationPanel.tsx?t=1785126586241:704
[   16447ms] [LOG] [BackendBanner] backendStatus: null type: object startupComplete: false @ http://localhost:5173/src/pages/ConversationPanel.tsx?t=1785126586241:704
[   16463ms] [LOG] [BackendBanner] backendStatus: null type: object startupComplete: false @ http://localhost:5173/src/pages/ConversationPanel.tsx?t=1785126586241:704
[   16463ms] [LOG] [BackendBanner] backendStatus: null type: object startupComplete: false @ http://localhost:5173/src/pages/ConversationPanel.tsx?t=1785126586241:704
[   16482ms] [LOG] [BackendBanner] backendStatus: null type: object startupComplete: false @ http://localhost:5173/src/pages/ConversationPanel.tsx?t=1785126586241:704
[   16482ms] [LOG] [BackendBanner] backendStatus: null type: object startupComplete: false @ http://localhost:5173/src/pages/ConversationPanel.tsx?t=1785126586241:704
[   16497ms] [LOG] [BackendBanner] backendStatus: null type: object startupComplete: false @ http://localhost:5173/src/pages/ConversationPanel.tsx?t=1785126586241:704
[   16498ms] [LOG] [BackendBanner] backendStatus: null type: object startupComplete: false @ http://localhost:5173/src/pages/ConversationPanel.tsx?t=1785126586241:704
[   16515ms] [LOG] [BackendBanner] backendStatus: null type: object startupComplete: false @ http://localhost:5173/src/pages/ConversationPanel.tsx?t=1785126586241:704
[   16515ms] [LOG] [BackendBanner] backendStatus: null type: object startupComplete: false @ http://localhost:5173/src/pages/ConversationPanel.tsx?t=1785126586241:704
[   16530ms] [LOG] [BackendBanner] backendStatus: null type: object startupComplete: false @ http://localhost:5173/src/pages/ConversationPanel.tsx?t=1785126586241:704
[   16531ms] [LOG] [BackendBanner] backendStatus: null type: object startupComplete: false @ http://localhost:5173/src/pages/ConversationPanel.tsx?t=1785126586241:704
[   16547ms] [LOG] [BackendBanner] backendStatus: null type: object startupComplete: false @ http://localhost:5173/src/pages/ConversationPanel.tsx?t=1785126586241:704
[   16548ms] [LOG] [BackendBanner] backendStatus: null type: object startupComplete: false @ http://localhost:5173/src/pages/ConversationPanel.tsx?t=1785126586241:704
[   16565ms] [LOG] [BackendBanner] backendStatus: null type: object startupComplete: false @ http://localhost:5173/src/pages/ConversationPanel.tsx?t=1785126586241:704
[   16565ms] [LOG] [BackendBanner] backendStatus: null type: object startupComplete: false @ http://localhost:5173/src/pages/ConversationPanel.tsx?t=1785126586241:704
[   16580ms] [LOG] [BackendBanner] backendStatus: null type: object startupComplete: false @ http://localhost:5173/src/pages/ConversationPanel.tsx?t=1785126586241:704
[   16581ms] [LOG] [BackendBanner] backendStatus: null type: object startupComplete: false @ http://localhost:5173/src/pages/ConversationPanel.tsx?t=1785126586241:704
[   16597ms] [LOG] [BackendBanner] backendStatus: null type: object startupComplete: false @ http://localhost:5173/src/pages/ConversationPanel.tsx?t=1785126586241:704
[   16597ms] [LOG] [BackendBanner] backendStatus: null type: object startupComplete: false @ http://localhost:5173/src/pages/ConversationPanel.tsx?t=1785126586241:704
[   16614ms] [LOG] [BackendBanner] backendStatus: null type: object startupComplete: false @ http://localhost:5173/src/pages/ConversationPanel.tsx?t=1785126586241:704
[   16614ms] [LOG] [BackendBanner] backendStatus: null type: object startupComplete: false @ http://localhost:5173/src/pages/ConversationPanel.tsx?t=1785126586241:704
[   16630ms] [LOG] [BackendBanner] backendStatus: null type: object startupComplete: false @ http://localhost:5173/src/pages/ConversationPanel.tsx?t=1785126586241:704
[   16630ms] [LOG] [BackendBanner] backendStatus: null type: object startupComplete: false @ http://localhost:5173/src/pages/ConversationPanel.tsx?t=1785126586241:704
[   16651ms] [LOG] [BackendBanner] backendStatus: null type: object startupComplete: false @ http://localhost:5173/src/pages/ConversationPanel.tsx?t=1785126586241:704
[   16651ms] [LOG] [BackendBanner] backendStatus: null type: object startupComplete: false @ http://localhost:5173/src/pages/ConversationPanel.tsx?t=1785126586241:704
[   16663ms] [LOG] [BackendBanner] backendStatus: null type: object startupComplete: false @ http://localhost:5173/src/pages/ConversationPanel.tsx?t=1785126586241:704
[   16664ms] [LOG] [BackendBanner] backendStatus: null type: object startupComplete: false @ http://localhost:5173/src/pages/ConversationPanel.tsx?t=1785126586241:704
[   16682ms] [LOG] [BackendBanner] backendStatus: null type: object startupComplete: false @ http://localhost:5173/src/pages/ConversationPanel.tsx?t=1785126586241:704
[   16683ms] [LOG] [BackendBanner] backendStatus: null type: object startupComplete: false @ http://localhost:5173/src/pages/ConversationPanel.tsx?t=1785126586241:704
[   16700ms] [LOG] [BackendBanner] backendStatus: null type: object startupComplete: false @ http://localhost:5173/src/pages/ConversationPanel.tsx?t=1785126586241:704
[   16700ms] [LOG] [BackendBanner] backendStatus: null type: object startupComplete: false @ http://localhost:5173/src/pages/ConversationPanel.tsx?t=1785126586241:704
[   16719ms] [LOG] [BackendBanner] backendStatus: null type: object startupComplete: false @ http://localhost:5173/src/pages/ConversationPanel.tsx?t=1785126586241:704
[   16719ms] [LOG] [BackendBanner] backendStatus: null type: object startupComplete: false @ http://localhost:5173/src/pages/ConversationPanel.tsx?t=1785126586241:704
[   16734ms] [LOG] [BackendBanner] backendStatus: null type: object startupComplete: false @ http://localhost:5173/src/pages/ConversationPanel.tsx?t=1785126586241:704
[   16735ms] [LOG] [BackendBanner] backendStatus: null type: object startupComplete: false @ http://localhost:5173/src/pages/ConversationPanel.tsx?t=1785126586241:704
[   16773ms] [LOG] [BackendBanner] backendStatus: null type: object startupComplete: false @ http://localhost:5173/src/pages/ConversationPanel.tsx?t=1785126586241:704
[   16773ms] [LOG] [BackendBanner] backendStatus: null type: object startupComplete: false @ http://localhost:5173/src/pages/ConversationPanel.tsx?t=1785126586241:704
[   16780ms] [LOG] [BackendBanner] backendStatus: null type: object startupComplete: false @ http://localhost:5173/src/pages/ConversationPanel.tsx?t=1785126586241:704
[   16780ms] [LOG] [BackendBanner] backendStatus: null type: object startupComplete: false @ http://localhost:5173/src/pages/ConversationPanel.tsx?t=1785126586241:704
[   16786ms] [LOG] [BackendBanner] backendStatus: null type: object startupComplete: false @ http://localhost:5173/src/pages/ConversationPanel.tsx?t=1785126586241:704
[   16787ms] [LOG] [BackendBanner] backendStatus: null type: object startupComplete: false @ http://localhost:5173/src/pages/ConversationPanel.tsx?t=1785126586241:704
[   16835ms] [LOG] [BackendBanner] backendStatus: null type: object startupComplete: false @ http://localhost:5173/src/pages/ConversationPanel.tsx?t=1785126586241:704
[   16837ms] [LOG] [BackendBanner] backendStatus: null type: object startupComplete: false @ http://localhost:5173/src/pages/ConversationPanel.tsx?t=1785126586241:704
[   16855ms] [LOG] [BackendBanner] backendStatus: null type: object startupComplete: false @ http://localhost:5173/src/pages/ConversationPanel.tsx?t=1785126586241:704
[   16855ms] [LOG] [BackendBanner] backendStatus: null type: object startupComplete: false @ http://localhost:5173/src/pages/ConversationPanel.tsx?t=1785126586241:704
[   16884ms] [LOG] [BackendBanner] backendStatus: null type: object startupComplete: false @ http://localhost:5173/src/pages/ConversationPanel.tsx?t=1785126586241:704
[   16885ms] [LOG] [BackendBanner] backendStatus: null type: object startupComplete: false @ http://localhost:5173/src/pages/ConversationPanel.tsx?t=1785126586241:704
[   16898ms] [LOG] [BackendBanner] backendStatus: null type: object startupComplete: false @ http://localhost:5173/src/pages/ConversationPanel.tsx?t=1785126586241:704
[   16898ms] [LOG] [BackendBanner] backendStatus: null type: object startupComplete: false @ http://localhost:5173/src/pages/ConversationPanel.tsx?t=1785126586241:704
[   16913ms] [LOG] [BackendBanner] backendStatus: null type: object startupComplete: false @ http://localhost:5173/src/pages/ConversationPanel.tsx?t=1785126586241:704
[   16914ms] [LOG] [BackendBanner] backendStatus: null type: object startupComplete: false @ http://localhost:5173/src/pages/ConversationPanel.tsx?t=1785126586241:704
[   16931ms] [LOG] [BackendBanner] backendStatus: null type: object startupComplete: false @ http://localhost:5173/src/pages/ConversationPanel.tsx?t=1785126586241:704
[   16932ms] [LOG] [BackendBanner] backendStatus: null type: object startupComplete: false @ http://localhost:5173/src/pages/ConversationPanel.tsx?t=1785126586241:704
[   16952ms] [LOG] [BackendBanner] backendStatus: null type: object startupComplete: false @ http://localhost:5173/src/pages/ConversationPanel.tsx?t=1785126586241:704
[   16952ms] [LOG] [BackendBanner] backendStatus: null type: object startupComplete: false @ http://localhost:5173/src/pages/ConversationPanel.tsx?t=1785126586241:704
[   16967ms] [LOG] [BackendBanner] backendStatus: null type: object startupComplete: false @ http://localhost:5173/src/pages/ConversationPanel.tsx?t=1785126586241:704
[   16967ms] [LOG] [BackendBanner] backendStatus: null type: object startupComplete: false @ http://localhost:5173/src/pages/ConversationPanel.tsx?t=1785126586241:704
[   16981ms] [LOG] [BackendBanner] backendStatus: null type: object startupComplete: false @ http://localhost:5173/src/pages/ConversationPanel.tsx?t=1785126586241:704
[   16981ms] [LOG] [BackendBanner] backendStatus: null type: object startupComplete: false @ http://localhost:5173/src/pages/ConversationPanel.tsx?t=1785126586241:704
[   16998ms] [LOG] [BackendBanner] backendStatus: null type: object startupComplete: false @ http://localhost:5173/src/pages/ConversationPanel.tsx?t=1785126586241:704
[   16999ms] [LOG] [BackendBanner] backendStatus: null type: object startupComplete: false @ http://localhost:5173/src/pages/ConversationPanel.tsx?t=1785126586241:704
[   17015ms] [LOG] [BackendBanner] backendStatus: null type: object startupComplete: false @ http://localhost:5173/src/pages/ConversationPanel.tsx?t=1785126586241:704
[   17016ms] [LOG] [BackendBanner] backendStatus: null type: object startupComplete: false @ http://localhost:5173/src/pages/ConversationPanel.tsx?t=1785126586241:704
[   17030ms] [LOG] [BackendBanner] backendStatus: null type: object startupComplete: false @ http://localhost:5173/src/pages/ConversationPanel.tsx?t=1785126586241:704
[   17031ms] [LOG] [BackendBanner] backendStatus: null type: object startupComplete: false @ http://localhost:5173/src/pages/ConversationPanel.tsx?t=1785126586241:704
[   17047ms] [LOG] [BackendBanner] backendStatus: null type: object startupComplete: false @ http://localhost:5173/src/pages/ConversationPanel.tsx?t=1785126586241:704
[   17048ms] [LOG] [BackendBanner] backendStatus: null type: object startupComplete: false @ http://localhost:5173/src/pages/ConversationPanel.tsx?t=1785126586241:704
[   17063ms] [LOG] [BackendBanner] backendStatus: null type: object startupComplete: false @ http://localhost:5173/src/pages/ConversationPanel.tsx?t=1785126586241:704
[   17064ms] [LOG] [BackendBanner] backendStatus: null type: object startupComplete: false @ http://localhost:5173/src/pages/ConversationPanel.tsx?t=1785126586241:704
[   17081ms] [LOG] [BackendBanner] backendStatus: null type: object startupComplete: false @ http://localhost:5173/src/pages/ConversationPanel.tsx?t=1785126586241:704
[   17081ms] [LOG] [BackendBanner] backendStatus: null type: object startupComplete: false @ http://localhost:5173/src/pages/ConversationPanel.tsx?t=1785126586241:704
[   17097ms] [LOG] [BackendBanner] backendStatus: null type: object startupComplete: false @ http://localhost:5173/src/pages/ConversationPanel.tsx?t=1785126586241:704
[   17097ms] [LOG] [BackendBanner] backendStatus: null type: object startupComplete: false @ http://localhost:5173/src/pages/ConversationPanel.tsx?t=1785126586241:704
[   17115ms] [LOG] [BackendBanner] backendStatus: null type: object startupComplete: false @ http://localhost:5173/src/pages/ConversationPanel.tsx?t=1785126586241:704
[   17115ms] [LOG] [BackendBanner] backendStatus: null type: object startupComplete: false @ http://localhost:5173/src/pages/ConversationPanel.tsx?t=1785126586241:704
[   17133ms] [LOG] [BackendBanner] backendStatus: null type: object startupComplete: false @ http://localhost:5173/src/pages/ConversationPanel.tsx?t=1785126586241:704
[   17134ms] [LOG] [BackendBanner] backendStatus: null type: object startupComplete: false @ http://localhost:5173/src/pages/ConversationPanel.tsx?t=1785126586241:704
[   17148ms] [LOG] [BackendBanner] backendStatus: null type: object startupComplete: false @ http://localhost:5173/src/pages/ConversationPanel.tsx?t=1785126586241:704
[   17148ms] [LOG] [BackendBanner] backendStatus: null type: object startupComplete: false @ http://localhost:5173/src/pages/ConversationPanel.tsx?t=1785126586241:704
[   17164ms] [LOG] [BackendBanner] backendStatus: null type: object startupComplete: false @ http://localhost:5173/src/pages/ConversationPanel.tsx?t=1785126586241:704
[   17165ms] [LOG] [BackendBanner] backendStatus: null type: object startupComplete: false @ http://localhost:5173/src/pages/ConversationPanel.tsx?t=1785126586241:704
[   17183ms] [LOG] [BackendBanner] backendStatus: null type: object startupComplete: false @ http://localhost:5173/src/pages/ConversationPanel.tsx?t=1785126586241:704
[   17183ms] [LOG] [BackendBanner] backendStatus: null type: object startupComplete: false @ http://localhost:5173/src/pages/ConversationPanel.tsx?t=1785126586241:704
[   17198ms] [LOG] [BackendBanner] backendStatus: null type: object startupComplete: false @ http://localhost:5173/src/pages/ConversationPanel.tsx?t=1785126586241:704
[   17198ms] [LOG] [BackendBanner] backendStatus: null type: object startupComplete: false @ http://localhost:5173/src/pages/ConversationPanel.tsx?t=1785126586241:704
[   17214ms] [LOG] [BackendBanner] backendStatus: null type: object startupComplete: false @ http://localhost:5173/src/pages/ConversationPanel.tsx?t=1785126586241:704
[   17215ms] [LOG] [BackendBanner] backendStatus: null type: object startupComplete: false @ http://localhost:5173/src/pages/ConversationPanel.tsx?t=1785126586241:704
[   17230ms] [LOG] [BackendBanner] backendStatus: null type: object startupComplete: false @ http://localhost:5173/src/pages/ConversationPanel.tsx?t=1785126586241:704
[   17231ms] [LOG] [BackendBanner] backendStatus: null type: object startupComplete: false @ http://localhost:5173/src/pages/ConversationPanel.tsx?t=1785126586241:704
[   17247ms] [LOG] [BackendBanner] backendStatus: null type: object startupComplete: false @ http://localhost:5173/src/pages/ConversationPanel.tsx?t=1785126586241:704
[   17248ms] [LOG] [BackendBanner] backendStatus: null type: object startupComplete: false @ http://localhost:5173/src/pages/ConversationPanel.tsx?t=1785126586241:704
[   17264ms] [LOG] [BackendBanner] backendStatus: null type: object startupComplete: false @ http://localhost:5173/src/pages/ConversationPanel.tsx?t=1785126586241:704
[   17265ms] [LOG] [BackendBanner] backendStatus: null type: object startupComplete: false @ http://localhost:5173/src/pages/ConversationPanel.tsx?t=1785126586241:704
[   17281ms] [LOG] [BackendBanner] backendStatus: null type: object startupComplete: false @ http://localhost:5173/src/pages/ConversationPanel.tsx?t=1785126586241:704
[   17281ms] [LOG] [BackendBanner] backendStatus: null type: object startupComplete: false @ http://localhost:5173/src/pages/ConversationPanel.tsx?t=1785126586241:704
[   17299ms] [LOG] [BackendBanner] backendStatus: null type: object startupComplete: false @ http://localhost:5173/src/pages/ConversationPanel.tsx?t=1785126586241:704
[   17299ms] [LOG] [BackendBanner] backendStatus: null type: object startupComplete: false @ http://localhost:5173/src/pages/ConversationPanel.tsx?t=1785126586241:704
[   17316ms] [LOG] [BackendBanner] backendStatus: null type: object startupComplete: false @ http://localhost:5173/src/pages/ConversationPanel.tsx?t=1785126586241:704
[   17317ms] [LOG] [BackendBanner] backendStatus: null type: object startupComplete: false @ http://localhost:5173/src/pages/ConversationPanel.tsx?t=1785126586241:704
[   17332ms] [LOG] [BackendBanner] backendStatus: null type: object startupComplete: false @ http://localhost:5173/src/pages/ConversationPanel.tsx?t=1785126586241:704
[   17332ms] [LOG] [BackendBanner] backendStatus: null type: object startupComplete: false @ http://localhost:5173/src/pages/ConversationPanel.tsx?t=1785126586241:704
[   17348ms] [LOG] [BackendBanner] backendStatus: null type: object startupComplete: false @ http://localhost:5173/src/pages/ConversationPanel.tsx?t=1785126586241:704
[   17348ms] [LOG] [BackendBanner] backendStatus: null type: object startupComplete: false @ http://localhost:5173/src/pages/ConversationPanel.tsx?t=1785126586241:704
[   17364ms] [LOG] [BackendBanner] backendStatus: null type: object startupComplete: false @ http://localhost:5173/src/pages/ConversationPanel.tsx?t=1785126586241:704
[   17365ms] [LOG] [BackendBanner] backendStatus: null type: object startupComplete: false @ http://localhost:5173/src/pages/ConversationPanel.tsx?t=1785126586241:704
[   17381ms] [LOG] [BackendBanner] backendStatus: null type: object startupComplete: false @ http://localhost:5173/src/pages/ConversationPanel.tsx?t=1785126586241:704
[   17381ms] [LOG] [BackendBanner] backendStatus: null type: object startupComplete: false @ http://localhost:5173/src/pages/ConversationPanel.tsx?t=1785126586241:704
[   17398ms] [LOG] [BackendBanner] backendStatus: null type: object startupComplete: false @ http://localhost:5173/src/pages/ConversationPanel.tsx?t=1785126586241:704
[   17398ms] [LOG] [BackendBanner] backendStatus: null type: object startupComplete: false @ http://localhost:5173/src/pages/ConversationPanel.tsx?t=1785126586241:704
[   17414ms] [LOG] [BackendBanner] backendStatus: null type: object startupComplete: false @ http://localhost:5173/src/pages/ConversationPanel.tsx?t=1785126586241:704
[   17414ms] [LOG] [BackendBanner] backendStatus: null type: object startupComplete: false @ http://localhost:5173/src/pages/ConversationPanel.tsx?t=1785126586241:704
[   17432ms] [LOG] [BackendBanner] backendStatus: null type: object startupComplete: false @ http://localhost:5173/src/pages/ConversationPanel.tsx?t=1785126586241:704
[   17432ms] [LOG] [BackendBanner] backendStatus: null type: object startupComplete: false @ http://localhost:5173/src/pages/ConversationPanel.tsx?t=1785126586241:704
[   17447ms] [LOG] [BackendBanner] backendStatus: null type: object startupComplete: false @ http://localhost:5173/src/pages/ConversationPanel.tsx?t=1785126586241:704
[   17447ms] [LOG] [BackendBanner] backendStatus: null type: object startupComplete: false @ http://localhost:5173/src/pages/ConversationPanel.tsx?t=1785126586241:704
[   17465ms] [LOG] [BackendBanner] backendStatus: null type: object startupComplete: false @ http://localhost:5173/src/pages/ConversationPanel.tsx?t=1785126586241:704
[   17465ms] [LOG] [BackendBanner] backendStatus: null type: object startupComplete: false @ http://localhost:5173/src/pages/ConversationPanel.tsx?t=1785126586241:704
[   17481ms] [LOG] [BackendBanner] backendStatus: null type: object startupComplete: false @ http://localhost:5173/src/pages/ConversationPanel.tsx?t=1785126586241:704
[   17481ms] [LOG] [BackendBanner] backendStatus: null type: object startupComplete: false @ http://localhost:5173/src/pages/ConversationPanel.tsx?t=1785126586241:704
[   17497ms] [LOG] [BackendBanner] backendStatus: null type: object startupComplete: false @ http://localhost:5173/src/pages/ConversationPanel.tsx?t=1785126586241:704
[   17497ms] [LOG] [BackendBanner] backendStatus: null type: object startupComplete: false @ http://localhost:5173/src/pages/ConversationPanel.tsx?t=1785126586241:704
[   17514ms] [LOG] [BackendBanner] backendStatus: null type: object startupComplete: false @ http://localhost:5173/src/pages/ConversationPanel.tsx?t=1785126586241:704
[   17514ms] [LOG] [BackendBanner] backendStatus: null type: object startupComplete: false @ http://localhost:5173/src/pages/ConversationPanel.tsx?t=1785126586241:704
[   17530ms] [LOG] [BackendBanner] backendStatus: null type: object startupComplete: false @ http://localhost:5173/src/pages/ConversationPanel.tsx?t=1785126586241:704
[   17531ms] [LOG] [BackendBanner] backendStatus: null type: object startupComplete: false @ http://localhost:5173/src/pages/ConversationPanel.tsx?t=1785126586241:704
[   17548ms] [LOG] [BackendBanner] backendStatus: null type: object startupComplete: false @ http://localhost:5173/src/pages/ConversationPanel.tsx?t=1785126586241:704
[   17549ms] [LOG] [BackendBanner] backendStatus: null type: object startupComplete: false @ http://localhost:5173/src/pages/ConversationPanel.tsx?t=1785126586241:704
[   17565ms] [LOG] [BackendBanner] backendStatus: null type: object startupComplete: false @ http://localhost:5173/src/pages/ConversationPanel.tsx?t=1785126586241:704
[   17565ms] [LOG] [BackendBanner] backendStatus: null type: object startupComplete: false @ http://localhost:5173/src/pages/ConversationPanel.tsx?t=1785126586241:704
[   17581ms] [LOG] [BackendBanner] backendStatus: null type: object startupComplete: false @ http://localhost:5173/src/pages/ConversationPanel.tsx?t=1785126586241:704
[   17582ms] [LOG] [BackendBanner] backendStatus: null type: object startupComplete: false @ http://localhost:5173/src/pages/ConversationPanel.tsx?t=1785126586241:704
[   17598ms] [LOG] [BackendBanner] backendStatus: null type: object startupComplete: false @ http://localhost:5173/src/pages/ConversationPanel.tsx?t=1785126586241:704
[   17598ms] [LOG] [BackendBanner] backendStatus: null type: object startupComplete: false @ http://localhost:5173/src/pages/ConversationPanel.tsx?t=1785126586241:704
[   17615ms] [LOG] [BackendBanner] backendStatus: null type: object startupComplete: false @ http://localhost:5173/src/pages/ConversationPanel.tsx?t=1785126586241:704
[   17616ms] [LOG] [BackendBanner] backendStatus: null type: object startupComplete: false @ http://localhost:5173/src/pages/ConversationPanel.tsx?t=1785126586241:704
[   17632ms] [LOG] [BackendBanner] backendStatus: null type: object startupComplete: false @ http://localhost:5173/src/pages/ConversationPanel.tsx?t=1785126586241:704
[   17633ms] [LOG] [BackendBanner] backendStatus: null type: object startupComplete: false @ http://localhost:5173/src/pages/ConversationPanel.tsx?t=1785126586241:704
[   17648ms] [LOG] [BackendBanner] backendStatus: null type: object startupComplete: false @ http://localhost:5173/src/pages/ConversationPanel.tsx?t=1785126586241:704
[   17649ms] [LOG] [BackendBanner] backendStatus: null type: object startupComplete: false @ http://localhost:5173/src/pages/ConversationPanel.tsx?t=1785126586241:704
[   17665ms] [LOG] [BackendBanner] backendStatus: null type: object startupComplete: false @ http://localhost:5173/src/pages/ConversationPanel.tsx?t=1785126586241:704
[   17666ms] [LOG] [BackendBanner] backendStatus: null type: object startupComplete: false @ http://localhost:5173/src/pages/ConversationPanel.tsx?t=1785126586241:704
[   17681ms] [LOG] [BackendBanner] backendStatus: null type: object startupComplete: false @ http://localhost:5173/src/pages/ConversationPanel.tsx?t=1785126586241:704
[   17681ms] [LOG] [BackendBanner] backendStatus: null type: object startupComplete: false @ http://localhost:5173/src/pages/ConversationPanel.tsx?t=1785126586241:704
[   17697ms] [LOG] [BackendBanner] backendStatus: null type: object startupComplete: false @ http://localhost:5173/src/pages/ConversationPanel.tsx?t=1785126586241:704
[   17698ms] [LOG] [BackendBanner] backendStatus: null type: object startupComplete: false @ http://localhost:5173/src/pages/ConversationPanel.tsx?t=1785126586241:704
[   17714ms] [LOG] [BackendBanner] backendStatus: null type: object startupComplete: false @ http://localhost:5173/src/pages/ConversationPanel.tsx?t=1785126586241:704
[   17714ms] [LOG] [BackendBanner] backendStatus: null type: object startupComplete: false @ http://localhost:5173/src/pages/ConversationPanel.tsx?t=1785126586241:704
[   17731ms] [LOG] [BackendBanner] backendStatus: null type: object startupComplete: false @ http://localhost:5173/src/pages/ConversationPanel.tsx?t=1785126586241:704
[   17734ms] [LOG] [BackendBanner] backendStatus: null type: object startupComplete: false @ http://localhost:5173/src/pages/ConversationPanel.tsx?t=1785126586241:704
[   17747ms] [LOG] [BackendBanner] backendStatus: null type: object startupComplete: false @ http://localhost:5173/src/pages/ConversationPanel.tsx?t=1785126586241:704
[   17747ms] [LOG] [BackendBanner] backendStatus: null type: object startupComplete: false @ http://localhost:5173/src/pages/ConversationPanel.tsx?t=1785126586241:704
[   17765ms] [LOG] [BackendBanner] backendStatus: null type: object startupComplete: false @ http://localhost:5173/src/pages/ConversationPanel.tsx?t=1785126586241:704
[   17765ms] [LOG] [BackendBanner] backendStatus: null type: object startupComplete: false @ http://localhost:5173/src/pages/ConversationPanel.tsx?t=1785126586241:704
[   17781ms] [LOG] [BackendBanner] backendStatus: null type: object startupComplete: false @ http://localhost:5173/src/pages/ConversationPanel.tsx?t=1785126586241:704
[   17782ms] [LOG] [BackendBanner] backendStatus: null type: object startupComplete: false @ http://localhost:5173/src/pages/ConversationPanel.tsx?t=1785126586241:704
[   17798ms] [LOG] [BackendBanner] backendStatus: null type: object startupComplete: false @ http://localhost:5173/src/pages/ConversationPanel.tsx?t=1785126586241:704
[   17798ms] [LOG] [BackendBanner] backendStatus: null type: object startupComplete: false @ http://localhost:5173/src/pages/ConversationPanel.tsx?t=1785126586241:704
[   17814ms] [LOG] [BackendBanner] backendStatus: null type: object startupComplete: false @ http://localhost:5173/src/pages/ConversationPanel.tsx?t=1785126586241:704
[   17815ms] [LOG] [BackendBanner] backendStatus: null type: object startupComplete: false @ http://localhost:5173/src/pages/ConversationPanel.tsx?t=1785126586241:704
[   17831ms] [LOG] [BackendBanner] backendStatus: null type: object startupComplete: false @ http://localhost:5173/src/pages/ConversationPanel.tsx?t=1785126586241:704
[   17831ms] [LOG] [BackendBanner] backendStatus: null type: object startupComplete: false @ http://localhost:5173/src/pages/ConversationPanel.tsx?t=1785126586241:704
[   17850ms] [LOG] [BackendBanner] backendStatus: null type: object startupComplete: false @ http://localhost:5173/src/pages/ConversationPanel.tsx?t=1785126586241:704
[   17850ms] [LOG] [BackendBanner] backendStatus: null type: object startupComplete: false @ http://localhost:5173/src/pages/ConversationPanel.tsx?t=1785126586241:704
[   17864ms] [LOG] [BackendBanner] backendStatus: null type: object startupComplete: false @ http://localhost:5173/src/pages/ConversationPanel.tsx?t=1785126586241:704
[   17865ms] [LOG] [BackendBanner] backendStatus: null type: object startupComplete: false @ http://localhost:5173/src/pages/ConversationPanel.tsx?t=1785126586241:704
[   17881ms] [LOG] [BackendBanner] backendStatus: null type: object startupComplete: false @ http://localhost:5173/src/pages/ConversationPanel.tsx?t=1785126586241:704
[   17881ms] [LOG] [BackendBanner] backendStatus: null type: object startupComplete: false @ http://localhost:5173/src/pages/ConversationPanel.tsx?t=1785126586241:704
[   17897ms] [LOG] [BackendBanner] backendStatus: null type: object startupComplete: false @ http://localhost:5173/src/pages/ConversationPanel.tsx?t=1785126586241:704
[   17897ms] [LOG] [BackendBanner] backendStatus: null type: object startupComplete: false @ http://localhost:5173/src/pages/ConversationPanel.tsx?t=1785126586241:704
[   17915ms] [LOG] [BackendBanner] backendStatus: null type: object startupComplete: false @ http://localhost:5173/src/pages/ConversationPanel.tsx?t=1785126586241:704
[   17915ms] [LOG] [BackendBanner] backendStatus: null type: object startupComplete: false @ http://localhost:5173/src/pages/ConversationPanel.tsx?t=1785126586241:704
[   17930ms] [LOG] [BackendBanner] backendStatus: null type: object startupComplete: false @ http://localhost:5173/src/pages/ConversationPanel.tsx?t=1785126586241:704
[   17931ms] [LOG] [BackendBanner] backendStatus: null type: object startupComplete: false @ http://localhost:5173/src/pages/ConversationPanel.tsx?t=1785126586241:704
[   17947ms] [LOG] [BackendBanner] backendStatus: null type: object startupComplete: false @ http://localhost:5173/src/pages/ConversationPanel.tsx?t=1785126586241:704
[   17948ms] [LOG] [BackendBanner] backendStatus: null type: object startupComplete: false @ http://localhost:5173/src/pages/ConversationPanel.tsx?t=1785126586241:704
[   17964ms] [LOG] [BackendBanner] backendStatus: null type: object startupComplete: false @ http://localhost:5173/src/pages/ConversationPanel.tsx?t=1785126586241:704
[   17964ms] [LOG] [BackendBanner] backendStatus: null type: object startupComplete: false @ http://localhost:5173/src/pages/ConversationPanel.tsx?t=1785126586241:704
[   17981ms] [LOG] [BackendBanner] backendStatus: null type: object startupComplete: false @ http://localhost:5173/src/pages/ConversationPanel.tsx?t=1785126586241:704
[   17981ms] [LOG] [BackendBanner] backendStatus: null type: object startupComplete: false @ http://localhost:5173/src/pages/ConversationPanel.tsx?t=1785126586241:704
[   17998ms] [LOG] [BackendBanner] backendStatus: null type: object startupComplete: false @ http://localhost:5173/src/pages/ConversationPanel.tsx?t=1785126586241:704
[   17998ms] [LOG] [BackendBanner] backendStatus: null type: object startupComplete: false @ http://localhost:5173/src/pages/ConversationPanel.tsx?t=1785126586241:704
[   18015ms] [LOG] [BackendBanner] backendStatus: null type: object startupComplete: false @ http://localhost:5173/src/pages/ConversationPanel.tsx?t=1785126586241:704
[   18015ms] [LOG] [BackendBanner] backendStatus: null type: object startupComplete: false @ http://localhost:5173/src/pages/ConversationPanel.tsx?t=1785126586241:704
[   18031ms] [LOG] [BackendBanner] backendStatus: null type: object startupComplete: false @ http://localhost:5173/src/pages/ConversationPanel.tsx?t=1785126586241:704
[   18031ms] [LOG] [BackendBanner] backendStatus: null type: object startupComplete: false @ http://localhost:5173/src/pages/ConversationPanel.tsx?t=1785126586241:704
[   18048ms] [LOG] [BackendBanner] backendStatus: null type: object startupComplete: false @ http://localhost:5173/src/pages/ConversationPanel.tsx?t=1785126586241:704
[   18048ms] [LOG] [BackendBanner] backendStatus: null type: object startupComplete: false @ http://localhost:5173/src/pages/ConversationPanel.tsx?t=1785126586241:704
[   18065ms] [LOG] [BackendBanner] backendStatus: null type: object startupComplete: false @ http://localhost:5173/src/pages/ConversationPanel.tsx?t=1785126586241:704
[   18065ms] [LOG] [BackendBanner] backendStatus: null type: object startupComplete: false @ http://localhost:5173/src/pages/ConversationPanel.tsx?t=1785126586241:704
[   18081ms] [LOG] [BackendBanner] backendStatus: null type: object startupComplete: false @ http://localhost:5173/src/pages/ConversationPanel.tsx?t=1785126586241:704
[   18082ms] [LOG] [BackendBanner] backendStatus: null type: object startupComplete: false @ http://localhost:5173/src/pages/ConversationPanel.tsx?t=1785126586241:704
[   18098ms] [LOG] [BackendBanner] backendStatus: null type: object startupComplete: false @ http://localhost:5173/src/pages/ConversationPanel.tsx?t=1785126586241:704
[   18099ms] [LOG] [BackendBanner] backendStatus: null type: object startupComplete: false @ http://localhost:5173/src/pages/ConversationPanel.tsx?t=1785126586241:704
[   18115ms] [LOG] [BackendBanner] backendStatus: null type: object startupComplete: false @ http://localhost:5173/src/pages/ConversationPanel.tsx?t=1785126586241:704
[   18115ms] [LOG] [BackendBanner] backendStatus: null type: object startupComplete: false @ http://localhost:5173/src/pages/ConversationPanel.tsx?t=1785126586241:704
[   18130ms] [LOG] [Frontend] Health check attempt 3 @ http://localhost:5173/src/pages/ConversationPanel.tsx?t=1785126586241:151
[   18131ms] [LOG] [Frontend] Health response: null @ http://localhost:5173/src/pages/ConversationPanel.tsx?t=1785126586241:153
[   18131ms] [LOG] [BackendBanner] backendStatus: null type: object startupComplete: false @ http://localhost:5173/src/pages/ConversationPanel.tsx?t=1785126586241:704
[   18131ms] [LOG] [BackendBanner] backendStatus: null type: object startupComplete: false @ http://localhost:5173/src/pages/ConversationPanel.tsx?t=1785126586241:704
[   18153ms] [LOG] [BackendBanner] backendStatus: null type: object startupComplete: false @ http://localhost:5173/src/pages/ConversationPanel.tsx?t=1785126586241:704
[   18153ms] [LOG] [BackendBanner] backendStatus: null type: object startupComplete: false @ http://localhost:5173/src/pages/ConversationPanel.tsx?t=1785126586241:704
[   18165ms] [LOG] [BackendBanner] backendStatus: null type: object startupComplete: false @ http://localhost:5173/src/pages/ConversationPanel.tsx?t=1785126586241:704
[   18165ms] [LOG] [BackendBanner] backendStatus: null type: object startupComplete: false @ http://localhost:5173/src/pages/ConversationPanel.tsx?t=1785126586241:704
[   18182ms] [LOG] [BackendBanner] backendStatus: null type: object startupComplete: false @ http://localhost:5173/src/pages/ConversationPanel.tsx?t=1785126586241:704
[   18183ms] [LOG] [BackendBanner] backendStatus: null type: object startupComplete: false @ http://localhost:5173/src/pages/ConversationPanel.tsx?t=1785126586241:704
[   18198ms] [LOG] [BackendBanner] backendStatus: null type: object startupComplete: false @ http://localhost:5173/src/pages/ConversationPanel.tsx?t=1785126586241:704
[   18198ms] [LOG] [BackendBanner] backendStatus: null type: object startupComplete: false @ http://localhost:5173/src/pages/ConversationPanel.tsx?t=1785126586241:704
[   18215ms] [LOG] [BackendBanner] backendStatus: null type: object startupComplete: false @ http://localhost:5173/src/pages/ConversationPanel.tsx?t=1785126586241:704
[   18215ms] [LOG] [BackendBanner] backendStatus: null type: object startupComplete: false @ http://localhost:5173/src/pages/ConversationPanel.tsx?t=1785126586241:704
[   18233ms] [LOG] [BackendBanner] backendStatus: null type: object startupComplete: false @ http://localhost:5173/src/pages/ConversationPanel.tsx?t=1785126586241:704
[   18233ms] [LOG] [BackendBanner] backendStatus: null type: object startupComplete: false @ http://localhost:5173/src/pages/ConversationPanel.tsx?t=1785126586241:704
[   18249ms] [LOG] [BackendBanner] backendStatus: null type: object startupComplete: false @ http://localhost:5173/src/pages/ConversationPanel.tsx?t=1785126586241:704
[   18249ms] [LOG] [BackendBanner] backendStatus: null type: object startupComplete: false @ http://localhost:5173/src/pages/ConversationPanel.tsx?t=1785126586241:704
[   18266ms] [LOG] [BackendBanner] backendStatus: null type: object startupComplete: false @ http://localhost:5173/src/pages/ConversationPanel.tsx?t=1785126586241:704
[   18267ms] [LOG] [BackendBanner] backendStatus: null type: object startupComplete: false @ http://localhost:5173/src/pages/ConversationPanel.tsx?t=1785126586241:704
[   18282ms] [LOG] [BackendBanner] backendStatus: null type: object startupComplete: false @ http://localhost:5173/src/pages/ConversationPanel.tsx?t=1785126586241:704
[   18282ms] [LOG] [BackendBanner] backendStatus: null type: object startupComplete: false @ http://localhost:5173/src/pages/ConversationPanel.tsx?t=1785126586241:704
[   18298ms] [LOG] [BackendBanner] backendStatus: null type: object startupComplete: false @ http://localhost:5173/src/pages/ConversationPanel.tsx?t=1785126586241:704
[   18298ms] [LOG] [BackendBanner] backendStatus: null type: object startupComplete: false @ http://localhost:5173/src/pages/ConversationPanel.tsx?t=1785126586241:704
[   18316ms] [LOG] [BackendBanner] backendStatus: null type: object startupComplete: false @ http://localhost:5173/src/pages/ConversationPanel.tsx?t=1785126586241:704
[   18316ms] [LOG] [BackendBanner] backendStatus: null type: object startupComplete: false @ http://localhost:5173/src/pages/ConversationPanel.tsx?t=1785126586241:704
[   18332ms] [LOG] [BackendBanner] backendStatus: null type: object startupComplete: false @ http://localhost:5173/src/pages/ConversationPanel.tsx?t=1785126586241:704
[   18332ms] [LOG] [BackendBanner] backendStatus: null type: object startupComplete: false @ http://localhost:5173/src/pages/ConversationPanel.tsx?t=1785126586241:704
[   18347ms] [LOG] [BackendBanner] backendStatus: null type: object startupComplete: false @ http://localhost:5173/src/pages/ConversationPanel.tsx?t=1785126586241:704
[   18348ms] [LOG] [BackendBanner] backendStatus: null type: object startupComplete: false @ http://localhost:5173/src/pages/ConversationPanel.tsx?t=1785126586241:704
[   18368ms] [LOG] [BackendBanner] backendStatus: null type: object startupComplete: false @ http://localhost:5173/src/pages/ConversationPanel.tsx?t=1785126586241:704
[   18368ms] [LOG] [BackendBanner] backendStatus: null type: object startupComplete: false @ http://localhost:5173/src/pages/ConversationPanel.tsx?t=1785126586241:704
[   18381ms] [LOG] [BackendBanner] backendStatus: null type: object startupComplete: false @ http://localhost:5173/src/pages/ConversationPanel.tsx?t=1785126586241:704
[   18382ms] [LOG] [BackendBanner] backendStatus: null type: object startupComplete: false @ http://localhost:5173/src/pages/ConversationPanel.tsx?t=1785126586241:704
[   18401ms] [LOG] [BackendBanner] backendStatus: null type: object startupComplete: false @ http://localhost:5173/src/pages/ConversationPanel.tsx?t=1785126586241:704
[   18403ms] [LOG] [BackendBanner] backendStatus: null type: object startupComplete: false @ http://localhost:5173/src/pages/ConversationPanel.tsx?t=1785126586241:704
[   18417ms] [LOG] [BackendBanner] backendStatus: null type: object startupComplete: false @ http://localhost:5173/src/pages/ConversationPanel.tsx?t=1785126586241:704
[   18419ms] [LOG] [BackendBanner] backendStatus: null type: object startupComplete: false @ http://localhost:5173/src/pages/ConversationPanel.tsx?t=1785126586241:704
[   18431ms] [LOG] [BackendBanner] backendStatus: null type: object startupComplete: false @ http://localhost:5173/src/pages/ConversationPanel.tsx?t=1785126586241:704
[   18432ms] [LOG] [BackendBanner] backendStatus: null type: object startupComplete: false @ http://localhost:5173/src/pages/ConversationPanel.tsx?t=1785126586241:704
[   18447ms] [LOG] [BackendBanner] backendStatus: null type: object startupComplete: false @ http://localhost:5173/src/pages/ConversationPanel.tsx?t=1785126586241:704
[   18448ms] [LOG] [BackendBanner] backendStatus: null type: object startupComplete: false @ http://localhost:5173/src/pages/ConversationPanel.tsx?t=1785126586241:704
[   18463ms] [LOG] [BackendBanner] backendStatus: null type: object startupComplete: false @ http://localhost:5173/src/pages/ConversationPanel.tsx?t=1785126586241:704
[   18464ms] [LOG] [BackendBanner] backendStatus: null type: object startupComplete: false @ http://localhost:5173/src/pages/ConversationPanel.tsx?t=1785126586241:704
[   18481ms] [LOG] [BackendBanner] backendStatus: null type: object startupComplete: false @ http://localhost:5173/src/pages/ConversationPanel.tsx?t=1785126586241:704
[   18481ms] [LOG] [BackendBanner] backendStatus: null type: object startupComplete: false @ http://localhost:5173/src/pages/ConversationPanel.tsx?t=1785126586241:704
[   18499ms] [LOG] [BackendBanner] backendStatus: null type: object startupComplete: false @ http://localhost:5173/src/pages/ConversationPanel.tsx?t=1785126586241:704
[   18499ms] [LOG] [BackendBanner] backendStatus: null type: object startupComplete: false @ http://localhost:5173/src/pages/ConversationPanel.tsx?t=1785126586241:704
[   18515ms] [LOG] [BackendBanner] backendStatus: null type: object startupComplete: false @ http://localhost:5173/src/pages/ConversationPanel.tsx?t=1785126586241:704
[   18515ms] [LOG] [BackendBanner] backendStatus: null type: object startupComplete: false @ http://localhost:5173/src/pages/ConversationPanel.tsx?t=1785126586241:704
[   18532ms] [LOG] [BackendBanner] backendStatus: null type: object startupComplete: false @ http://localhost:5173/src/pages/ConversationPanel.tsx?t=1785126586241:704
[   18533ms] [LOG] [BackendBanner] backendStatus: null type: object startupComplete: false @ http://localhost:5173/src/pages/ConversationPanel.tsx?t=1785126586241:704
[   18548ms] [LOG] [BackendBanner] backendStatus: null type: object startupComplete: false @ http://localhost:5173/src/pages/ConversationPanel.tsx?t=1785126586241:704
[   18548ms] [LOG] [BackendBanner] backendStatus: null type: object startupComplete: false @ http://localhost:5173/src/pages/ConversationPanel.tsx?t=1785126586241:704
[   18565ms] [LOG] [BackendBanner] backendStatus: null type: object startupComplete: false @ http://localhost:5173/src/pages/ConversationPanel.tsx?t=1785126586241:704
[   18566ms] [LOG] [BackendBanner] backendStatus: null type: object startupComplete: false @ http://localhost:5173/src/pages/ConversationPanel.tsx?t=1785126586241:704
[   18581ms] [LOG] [BackendBanner] backendStatus: null type: object startupComplete: false @ http://localhost:5173/src/pages/ConversationPanel.tsx?t=1785126586241:704
[   18581ms] [LOG] [BackendBanner] backendStatus: null type: object startupComplete: false @ http://localhost:5173/src/pages/ConversationPanel.tsx?t=1785126586241:704
[   18605ms] [LOG] [BackendBanner] backendStatus: null type: object startupComplete: false @ http://localhost:5173/src/pages/ConversationPanel.tsx?t=1785126586241:704
[   18605ms] [LOG] [BackendBanner] backendStatus: null type: object startupComplete: false @ http://localhost:5173/src/pages/ConversationPanel.tsx?t=1785126586241:704
[   18614ms] [LOG] [BackendBanner] backendStatus: null type: object startupComplete: false @ http://localhost:5173/src/pages/ConversationPanel.tsx?t=1785126586241:704
[   18614ms] [LOG] [BackendBanner] backendStatus: null type: object startupComplete: false @ http://localhost:5173/src/pages/ConversationPanel.tsx?t=1785126586241:704
[   18631ms] [LOG] [BackendBanner] backendStatus: null type: object startupComplete: false @ http://localhost:5173/src/pages/ConversationPanel.tsx?t=1785126586241:704
[   18632ms] [LOG] [BackendBanner] backendStatus: null type: object startupComplete: false @ http://localhost:5173/src/pages/ConversationPanel.tsx?t=1785126586241:704
[   18648ms] [LOG] [BackendBanner] backendStatus: null type: object startupComplete: false @ http://localhost:5173/src/pages/ConversationPanel.tsx?t=1785126586241:704
[   18649ms] [LOG] [BackendBanner] backendStatus: null type: object startupComplete: false @ http://localhost:5173/src/pages/ConversationPanel.tsx?t=1785126586241:704
[   18664ms] [LOG] [BackendBanner] backendStatus: null type: object startupComplete: false @ http://localhost:5173/src/pages/ConversationPanel.tsx?t=1785126586241:704
[   18664ms] [LOG] [BackendBanner] backendStatus: null type: object startupComplete: false @ http://localhost:5173/src/pages/ConversationPanel.tsx?t=1785126586241:704
[   18682ms] [LOG] [BackendBanner] backendStatus: null type: object startupComplete: false @ http://localhost:5173/src/pages/ConversationPanel.tsx?t=1785126586241:704
[   18682ms] [LOG] [BackendBanner] backendStatus: null type: object startupComplete: false @ http://localhost:5173/src/pages/ConversationPanel.tsx?t=1785126586241:704
[   18698ms] [LOG] [BackendBanner] backendStatus: null type: object startupComplete: false @ http://localhost:5173/src/pages/ConversationPanel.tsx?t=1785126586241:704
[   18699ms] [LOG] [BackendBanner] backendStatus: null type: object startupComplete: false @ http://localhost:5173/src/pages/ConversationPanel.tsx?t=1785126586241:704
[   18719ms] [LOG] [BackendBanner] backendStatus: null type: object startupComplete: false @ http://localhost:5173/src/pages/ConversationPanel.tsx?t=1785126586241:704
[   18719ms] [LOG] [BackendBanner] backendStatus: null type: object startupComplete: false @ http://localhost:5173/src/pages/ConversationPanel.tsx?t=1785126586241:704
[   18732ms] [LOG] [BackendBanner] backendStatus: null type: object startupComplete: false @ http://localhost:5173/src/pages/ConversationPanel.tsx?t=1785126586241:704
[   18732ms] [LOG] [BackendBanner] backendStatus: null type: object startupComplete: false @ http://localhost:5173/src/pages/ConversationPanel.tsx?t=1785126586241:704
[   18748ms] [LOG] [BackendBanner] backendStatus: null type: object startupComplete: false @ http://localhost:5173/src/pages/ConversationPanel.tsx?t=1785126586241:704
[   18748ms] [LOG] [BackendBanner] backendStatus: null type: object startupComplete: false @ http://localhost:5173/src/pages/ConversationPanel.tsx?t=1785126586241:704
[   18765ms] [LOG] [BackendBanner] backendStatus: null type: object startupComplete: false @ http://localhost:5173/src/pages/ConversationPanel.tsx?t=1785126586241:704
[   18766ms] [LOG] [BackendBanner] backendStatus: null type: object startupComplete: false @ http://localhost:5173/src/pages/ConversationPanel.tsx?t=1785126586241:704
[   18781ms] [LOG] [BackendBanner] backendStatus: null type: object startupComplete: false @ http://localhost:5173/src/pages/ConversationPanel.tsx?t=1785126586241:704
[   18781ms] [LOG] [BackendBanner] backendStatus: null type: object startupComplete: false @ http://localhost:5173/src/pages/ConversationPanel.tsx?t=1785126586241:704
[   18798ms] [LOG] [BackendBanner] backendStatus: null type: object startupComplete: false @ http://localhost:5173/src/pages/ConversationPanel.tsx?t=1785126586241:704
[   18799ms] [LOG] [BackendBanner] backendStatus: null type: object startupComplete: false @ http://localhost:5173/src/pages/ConversationPanel.tsx?t=1785126586241:704
[   18814ms] [LOG] [BackendBanner] backendStatus: null type: object startupComplete: false @ http://localhost:5173/src/pages/ConversationPanel.tsx?t=1785126586241:704
[   18814ms] [LOG] [BackendBanner] backendStatus: null type: object startupComplete: false @ http://localhost:5173/src/pages/ConversationPanel.tsx?t=1785126586241:704
[   18831ms] [LOG] [BackendBanner] backendStatus: null type: object startupComplete: false @ http://localhost:5173/src/pages/ConversationPanel.tsx?t=1785126586241:704
[   18831ms] [LOG] [BackendBanner] backendStatus: null type: object startupComplete: false @ http://localhost:5173/src/pages/ConversationPanel.tsx?t=1785126586241:704
[   18848ms] [LOG] [BackendBanner] backendStatus: null type: object startupComplete: false @ http://localhost:5173/src/pages/ConversationPanel.tsx?t=1785126586241:704
[   18848ms] [LOG] [BackendBanner] backendStatus: null type: object startupComplete: false @ http://localhost:5173/src/pages/ConversationPanel.tsx?t=1785126586241:704
[   18864ms] [LOG] [BackendBanner] backendStatus: null type: object startupComplete: false @ http://localhost:5173/src/pages/ConversationPanel.tsx?t=1785126586241:704
[   18864ms] [LOG] [BackendBanner] backendStatus: null type: object startupComplete: false @ http://localhost:5173/src/pages/ConversationPanel.tsx?t=1785126586241:704
[   18881ms] [LOG] [BackendBanner] backendStatus: null type: object startupComplete: false @ http://localhost:5173/src/pages/ConversationPanel.tsx?t=1785126586241:704
[   18881ms] [LOG] [BackendBanner] backendStatus: null type: object startupComplete: false @ http://localhost:5173/src/pages/ConversationPanel.tsx?t=1785126586241:704
[   18898ms] [LOG] [BackendBanner] backendStatus: null type: object startupComplete: false @ http://localhost:5173/src/pages/ConversationPanel.tsx?t=1785126586241:704
[   18898ms] [LOG] [BackendBanner] backendStatus: null type: object startupComplete: false @ http://localhost:5173/src/pages/ConversationPanel.tsx?t=1785126586241:704
[   18914ms] [LOG] [BackendBanner] backendStatus: null type: object startupComplete: false @ http://localhost:5173/src/pages/ConversationPanel.tsx?t=1785126586241:704
[   18914ms] [LOG] [BackendBanner] backendStatus: null type: object startupComplete: false @ http://localhost:5173/src/pages/ConversationPanel.tsx?t=1785126586241:704
[   18931ms] [LOG] [BackendBanner] backendStatus: null type: object startupComplete: false @ http://localhost:5173/src/pages/ConversationPanel.tsx?t=1785126586241:704
[   18932ms] [LOG] [BackendBanner] backendStatus: null type: object startupComplete: false @ http://localhost:5173/src/pages/ConversationPanel.tsx?t=1785126586241:704
[   18948ms] [LOG] [BackendBanner] backendStatus: null type: object startupComplete: false @ http://localhost:5173/src/pages/ConversationPanel.tsx?t=1785126586241:704
[   18948ms] [LOG] [BackendBanner] backendStatus: null type: object startupComplete: false @ http://localhost:5173/src/pages/ConversationPanel.tsx?t=1785126586241:704
[   18965ms] [LOG] [BackendBanner] backendStatus: null type: object startupComplete: false @ http://localhost:5173/src/pages/ConversationPanel.tsx?t=1785126586241:704
[   18965ms] [LOG] [BackendBanner] backendStatus: null type: object startupComplete: false @ http://localhost:5173/src/pages/ConversationPanel.tsx?t=1785126586241:704
[   18980ms] [LOG] [BackendBanner] backendStatus: null type: object startupComplete: false @ http://localhost:5173/src/pages/ConversationPanel.tsx?t=1785126586241:704
[   18980ms] [LOG] [BackendBanner] backendStatus: null type: object startupComplete: false @ http://localhost:5173/src/pages/ConversationPanel.tsx?t=1785126586241:704
[   18997ms] [LOG] [BackendBanner] backendStatus: null type: object startupComplete: false @ http://localhost:5173/src/pages/ConversationPanel.tsx?t=1785126586241:704
[   18997ms] [LOG] [BackendBanner] backendStatus: null type: object startupComplete: false @ http://localhost:5173/src/pages/ConversationPanel.tsx?t=1785126586241:704
[   19014ms] [LOG] [BackendBanner] backendStatus: null type: object startupComplete: false @ http://localhost:5173/src/pages/ConversationPanel.tsx?t=1785126586241:704
[   19014ms] [LOG] [BackendBanner] backendStatus: null type: object startupComplete: false @ http://localhost:5173/src/pages/ConversationPanel.tsx?t=1785126586241:704
[   19031ms] [LOG] [BackendBanner] backendStatus: null type: object startupComplete: false @ http://localhost:5173/src/pages/ConversationPanel.tsx?t=1785126586241:704
[   19031ms] [LOG] [BackendBanner] backendStatus: null type: object startupComplete: false @ http://localhost:5173/src/pages/ConversationPanel.tsx?t=1785126586241:704
[   19047ms] [LOG] [BackendBanner] backendStatus: null type: object startupComplete: false @ http://localhost:5173/src/pages/ConversationPanel.tsx?t=1785126586241:704
[   19047ms] [LOG] [BackendBanner] backendStatus: null type: object startupComplete: false @ http://localhost:5173/src/pages/ConversationPanel.tsx?t=1785126586241:704
[   19065ms] [LOG] [BackendBanner] backendStatus: null type: object startupComplete: false @ http://localhost:5173/src/pages/ConversationPanel.tsx?t=1785126586241:704
[   19065ms] [LOG] [BackendBanner] backendStatus: null type: object startupComplete: false @ http://localhost:5173/src/pages/ConversationPanel.tsx?t=1785126586241:704
[   19080ms] [LOG] [BackendBanner] backendStatus: null type: object startupComplete: false @ http://localhost:5173/src/pages/ConversationPanel.tsx?t=1785126586241:704
[   19080ms] [LOG] [BackendBanner] backendStatus: null type: object startupComplete: false @ http://localhost:5173/src/pages/ConversationPanel.tsx?t=1785126586241:704
[   19097ms] [LOG] [BackendBanner] backendStatus: null type: object startupComplete: false @ http://localhost:5173/src/pages/ConversationPanel.tsx?t=1785126586241:704
[   19098ms] [LOG] [BackendBanner] backendStatus: null type: object startupComplete: false @ http://localhost:5173/src/pages/ConversationPanel.tsx?t=1785126586241:704
[   19114ms] [LOG] [BackendBanner] backendStatus: null type: object startupComplete: false @ http://localhost:5173/src/pages/ConversationPanel.tsx?t=1785126586241:704
[   19114ms] [LOG] [BackendBanner] backendStatus: null type: object startupComplete: false @ http://localhost:5173/src/pages/ConversationPanel.tsx?t=1785126586241:704
[   19131ms] [LOG] [BackendBanner] backendStatus: null type: object startupComplete: true @ http://localhost:5173/src/pages/ConversationPanel.tsx?t=1785126586241:704
[   19131ms] [LOG] [BackendBanner] backendStatus: null type: object startupComplete: true @ http://localhost:5173/src/pages/ConversationPanel.tsx?t=1785126586241:704
[   19147ms] [LOG] [BackendBanner] backendStatus: null type: object startupComplete: true @ http://localhost:5173/src/pages/ConversationPanel.tsx?t=1785126586241:704
[   19148ms] [LOG] [BackendBanner] backendStatus: null type: object startupComplete: true @ http://localhost:5173/src/pages/ConversationPanel.tsx?t=1785126586241:704
[   19164ms] [LOG] [BackendBanner] backendStatus: null type: object startupComplete: true @ http://localhost:5173/src/pages/ConversationPanel.tsx?t=1785126586241:704
[   19164ms] [LOG] [BackendBanner] backendStatus: null type: object startupComplete: true @ http://localhost:5173/src/pages/ConversationPanel.tsx?t=1785126586241:704
[   19180ms] [LOG] [BackendBanner] backendStatus: null type: object startupComplete: true @ http://localhost:5173/src/pages/ConversationPanel.tsx?t=1785126586241:704
[   19181ms] [LOG] [BackendBanner] backendStatus: null type: object startupComplete: true @ http://localhost:5173/src/pages/ConversationPanel.tsx?t=1785126586241:704
[   19197ms] [LOG] [BackendBanner] backendStatus: null type: object startupComplete: true @ http://localhost:5173/src/pages/ConversationPanel.tsx?t=1785126586241:704
[   19198ms] [LOG] [BackendBanner] backendStatus: null type: object startupComplete: true @ http://localhost:5173/src/pages/ConversationPanel.tsx?t=1785126586241:704
[   19214ms] [LOG] [BackendBanner] backendStatus: null type: object startupComplete: true @ http://localhost:5173/src/pages/ConversationPanel.tsx?t=1785126586241:704
[   19214ms] [LOG] [BackendBanner] backendStatus: null type: object startupComplete: true @ http://localhost:5173/src/pages/ConversationPanel.tsx?t=1785126586241:704
[   19230ms] [LOG] [BackendBanner] backendStatus: null type: object startupComplete: true @ http://localhost:5173/src/pages/ConversationPanel.tsx?t=1785126586241:704
[   19231ms] [LOG] [BackendBanner] backendStatus: null type: object startupComplete: true @ http://localhost:5173/src/pages/ConversationPanel.tsx?t=1785126586241:704
[   19248ms] [LOG] [BackendBanner] backendStatus: null type: object startupComplete: true @ http://localhost:5173/src/pages/ConversationPanel.tsx?t=1785126586241:704
[   19248ms] [LOG] [BackendBanner] backendStatus: null type: object startupComplete: true @ http://localhost:5173/src/pages/ConversationPanel.tsx?t=1785126586241:704
[   19264ms] [LOG] [BackendBanner] backendStatus: null type: object startupComplete: true @ http://localhost:5173/src/pages/ConversationPanel.tsx?t=1785126586241:704
[   19264ms] [LOG] [BackendBanner] backendStatus: null type: object startupComplete: true @ http://localhost:5173/src/pages/ConversationPanel.tsx?t=1785126586241:704
[   19280ms] [LOG] [BackendBanner] backendStatus: null type: object startupComplete: true @ http://localhost:5173/src/pages/ConversationPanel.tsx?t=1785126586241:704
[   19280ms] [LOG] [BackendBanner] backendStatus: null type: object startupComplete: true @ http://localhost:5173/src/pages/ConversationPanel.tsx?t=1785126586241:704
[   19297ms] [LOG] [BackendBanner] backendStatus: null type: object startupComplete: true @ http://localhost:5173/src/pages/ConversationPanel.tsx?t=1785126586241:704
[   19297ms] [LOG] [BackendBanner] backendStatus: null type: object startupComplete: true @ http://localhost:5173/src/pages/ConversationPanel.tsx?t=1785126586241:704
[   19314ms] [LOG] [BackendBanner] backendStatus: null type: object startupComplete: true @ http://localhost:5173/src/pages/ConversationPanel.tsx?t=1785126586241:704
[   19315ms] [LOG] [BackendBanner] backendStatus: null type: object startupComplete: true @ http://localhost:5173/src/pages/ConversationPanel.tsx?t=1785126586241:704
[   19330ms] [LOG] [BackendBanner] backendStatus: null type: object startupComplete: true @ http://localhost:5173/src/pages/ConversationPanel.tsx?t=1785126586241:704
[   19330ms] [LOG] [BackendBanner] backendStatus: null type: object startupComplete: true @ http://localhost:5173/src/pages/ConversationPanel.tsx?t=1785126586241:704
[   19347ms] [LOG] [BackendBanner] backendStatus: null type: object startupComplete: true @ http://localhost:5173/src/pages/ConversationPanel.tsx?t=1785126586241:704
[   19347ms] [LOG] [BackendBanner] backendStatus: null type: object startupComplete: true @ http://localhost:5173/src/pages/ConversationPanel.tsx?t=1785126586241:704
[   19363ms] [LOG] [BackendBanner] backendStatus: null type: object startupComplete: true @ http://localhost:5173/src/pages/ConversationPanel.tsx?t=1785126586241:704
[   19364ms] [LOG] [BackendBanner] backendStatus: null type: object startupComplete: true @ http://localhost:5173/src/pages/ConversationPanel.tsx?t=1785126586241:704
[   19380ms] [LOG] [BackendBanner] backendStatus: null type: object startupComplete: true @ http://localhost:5173/src/pages/ConversationPanel.tsx?t=1785126586241:704
[   19380ms] [LOG] [BackendBanner] backendStatus: null type: object startupComplete: true @ http://localhost:5173/src/pages/ConversationPanel.tsx?t=1785126586241:704
[   19397ms] [LOG] [BackendBanner] backendStatus: null type: object startupComplete: true @ http://localhost:5173/src/pages/ConversationPanel.tsx?t=1785126586241:704
[   19397ms] [LOG] [BackendBanner] backendStatus: null type: object startupComplete: true @ http://localhost:5173/src/pages/ConversationPanel.tsx?t=1785126586241:704
[   19413ms] [LOG] [BackendBanner] backendStatus: null type: object startupComplete: true @ http://localhost:5173/src/pages/ConversationPanel.tsx?t=1785126586241:704
[   19414ms] [LOG] [BackendBanner] backendStatus: null type: object startupComplete: true @ http://localhost:5173/src/pages/ConversationPanel.tsx?t=1785126586241:704
[   19431ms] [LOG] [BackendBanner] backendStatus: null type: object startupComplete: true @ http://localhost:5173/src/pages/ConversationPanel.tsx?t=1785126586241:704
[   19431ms] [LOG] [BackendBanner] backendStatus: null type: object startupComplete: true @ http://localhost:5173/src/pages/ConversationPanel.tsx?t=1785126586241:704
[   19448ms] [LOG] [BackendBanner] backendStatus: null type: object startupComplete: true @ http://localhost:5173/src/pages/ConversationPanel.tsx?t=1785126586241:704
[   19448ms] [LOG] [BackendBanner] backendStatus: null type: object startupComplete: true @ http://localhost:5173/src/pages/ConversationPanel.tsx?t=1785126586241:704
[   19464ms] [LOG] [BackendBanner] backendStatus: null type: object startupComplete: true @ http://localhost:5173/src/pages/ConversationPanel.tsx?t=1785126586241:704
[   19464ms] [LOG] [BackendBanner] backendStatus: null type: object startupComplete: true @ http://localhost:5173/src/pages/ConversationPanel.tsx?t=1785126586241:704
[   19480ms] [LOG] [BackendBanner] backendStatus: null type: object startupComplete: true @ http://localhost:5173/src/pages/ConversationPanel.tsx?t=1785126586241:704
[   19480ms] [LOG] [BackendBanner] backendStatus: null type: object startupComplete: true @ http://localhost:5173/src/pages/ConversationPanel.tsx?t=1785126586241:704
[   19498ms] [LOG] [BackendBanner] backendStatus: null type: object startupComplete: true @ http://localhost:5173/src/pages/ConversationPanel.tsx?t=1785126586241:704
[   19499ms] [LOG] [BackendBanner] backendStatus: null type: object startupComplete: true @ http://localhost:5173/src/pages/ConversationPanel.tsx?t=1785126586241:704
[   19514ms] [LOG] [BackendBanner] backendStatus: null type: object startupComplete: true @ http://localhost:5173/src/pages/ConversationPanel.tsx?t=1785126586241:704
[   19514ms] [LOG] [BackendBanner] backendStatus: null type: object startupComplete: true @ http://localhost:5173/src/pages/ConversationPanel.tsx?t=1785126586241:704
[   19531ms] [LOG] [BackendBanner] backendStatus: null type: object startupComplete: true @ http://localhost:5173/src/pages/ConversationPanel.tsx?t=1785126586241:704
[   19531ms] [LOG] [BackendBanner] backendStatus: null type: object startupComplete: true @ http://localhost:5173/src/pages/ConversationPanel.tsx?t=1785126586241:704
[   19546ms] [LOG] [BackendBanner] backendStatus: null type: object startupComplete: true @ http://localhost:5173/src/pages/ConversationPanel.tsx?t=1785126586241:704
[   19547ms] [LOG] [BackendBanner] backendStatus: null type: object startupComplete: true @ http://localhost:5173/src/pages/ConversationPanel.tsx?t=1785126586241:704
[   19564ms] [LOG] [BackendBanner] backendStatus: null type: object startupComplete: true @ http://localhost:5173/src/pages/ConversationPanel.tsx?t=1785126586241:704
[   19564ms] [LOG] [BackendBanner] backendStatus: null type: object startupComplete: true @ http://localhost:5173/src/pages/ConversationPanel.tsx?t=1785126586241:704
[   19581ms] [LOG] [BackendBanner] backendStatus: null type: object startupComplete: true @ http://localhost:5173/src/pages/ConversationPanel.tsx?t=1785126586241:704
[   19582ms] [LOG] [BackendBanner] backendStatus: null type: object startupComplete: true @ http://localhost:5173/src/pages/ConversationPanel.tsx?t=1785126586241:704
[   19597ms] [LOG] [BackendBanner] backendStatus: null type: object startupComplete: true @ http://localhost:5173/src/pages/ConversationPanel.tsx?t=1785126586241:704
[   19597ms] [LOG] [BackendBanner] backendStatus: null type: object startupComplete: true @ http://localhost:5173/src/pages/ConversationPanel.tsx?t=1785126586241:704
[   19615ms] [LOG] [BackendBanner] backendStatus: null type: object startupComplete: true @ http://localhost:5173/src/pages/ConversationPanel.tsx?t=1785126586241:704
[   19615ms] [LOG] [BackendBanner] backendStatus: null type: object startupComplete: true @ http://localhost:5173/src/pages/ConversationPanel.tsx?t=1785126586241:704
[   19631ms] [LOG] [BackendBanner] backendStatus: null type: object startupComplete: true @ http://localhost:5173/src/pages/ConversationPanel.tsx?t=1785126586241:704
[   19631ms] [LOG] [BackendBanner] backendStatus: null type: object startupComplete: true @ http://localhost:5173/src/pages/ConversationPanel.tsx?t=1785126586241:704
[   19647ms] [LOG] [BackendBanner] backendStatus: null type: object startupComplete: true @ http://localhost:5173/src/pages/ConversationPanel.tsx?t=1785126586241:704
[   19648ms] [LOG] [BackendBanner] backendStatus: null type: object startupComplete: true @ http://localhost:5173/src/pages/ConversationPanel.tsx?t=1785126586241:704
[   19665ms] [LOG] [BackendBanner] backendStatus: null type: object startupComplete: true @ http://localhost:5173/src/pages/ConversationPanel.tsx?t=1785126586241:704
[   19665ms] [LOG] [BackendBanner] backendStatus: null type: object startupComplete: true @ http://localhost:5173/src/pages/ConversationPanel.tsx?t=1785126586241:704
[   19691ms] [LOG] [BackendBanner] backendStatus: null type: object startupComplete: true @ http://localhost:5173/src/pages/ConversationPanel.tsx?t=1785126586241:704
[   19691ms] [LOG] [BackendBanner] backendStatus: null type: object startupComplete: true @ http://localhost:5173/src/pages/ConversationPanel.tsx?t=1785126586241:704
[   19713ms] [LOG] [BackendBanner] backendStatus: null type: object startupComplete: true @ http://localhost:5173/src/pages/ConversationPanel.tsx?t=1785126586241:704
[   19713ms] [LOG] [BackendBanner] backendStatus: null type: object startupComplete: true @ http://localhost:5173/src/pages/ConversationPanel.tsx?t=1785126586241:704
[   19734ms] [LOG] [BackendBanner] backendStatus: null type: object startupComplete: true @ http://localhost:5173/src/pages/ConversationPanel.tsx?t=1785126586241:704
[   19734ms] [LOG] [BackendBanner] backendStatus: null type: object startupComplete: true @ http://localhost:5173/src/pages/ConversationPanel.tsx?t=1785126586241:704
[   19745ms] [LOG] [BackendBanner] backendStatus: null type: object startupComplete: true @ http://localhost:5173/src/pages/ConversationPanel.tsx?t=1785126586241:704
[   19746ms] [LOG] [BackendBanner] backendStatus: null type: object startupComplete: true @ http://localhost:5173/src/pages/ConversationPanel.tsx?t=1785126586241:704
[   19783ms] [LOG] [BackendBanner] backendStatus: null type: object startupComplete: true @ http://localhost:5173/src/pages/ConversationPanel.tsx?t=1785126586241:704
[   19783ms] [LOG] [BackendBanner] backendStatus: null type: object startupComplete: true @ http://localhost:5173/src/pages/ConversationPanel.tsx?t=1785126586241:704
[   19798ms] [LOG] [BackendBanner] backendStatus: null type: object startupComplete: true @ http://localhost:5173/src/pages/ConversationPanel.tsx?t=1785126586241:704
[   19798ms] [LOG] [BackendBanner] backendStatus: null type: object startupComplete: true @ http://localhost:5173/src/pages/ConversationPanel.tsx?t=1785126586241:704
[   19816ms] [LOG] [BackendBanner] backendStatus: null type: object startupComplete: true @ http://localhost:5173/src/pages/ConversationPanel.tsx?t=1785126586241:704
[   19816ms] [LOG] [BackendBanner] backendStatus: null type: object startupComplete: true @ http://localhost:5173/src/pages/ConversationPanel.tsx?t=1785126586241:704
[   19830ms] [LOG] [BackendBanner] backendStatus: null type: object startupComplete: true @ http://localhost:5173/src/pages/ConversationPanel.tsx?t=1785126586241:704
[   19830ms] [LOG] [BackendBanner] backendStatus: null type: object startupComplete: true @ http://localhost:5173/src/pages/ConversationPanel.tsx?t=1785126586241:704
[   19847ms] [LOG] [BackendBanner] backendStatus: null type: object startupComplete: true @ http://localhost:5173/src/pages/ConversationPanel.tsx?t=1785126586241:704
[   19847ms] [LOG] [BackendBanner] backendStatus: null type: object startupComplete: true @ http://localhost:5173/src/pages/ConversationPanel.tsx?t=1785126586241:704
[   19863ms] [LOG] [BackendBanner] backendStatus: null type: object startupComplete: true @ http://localhost:5173/src/pages/ConversationPanel.tsx?t=1785126586241:704
[   19863ms] [LOG] [BackendBanner] backendStatus: null type: object startupComplete: true @ http://localhost:5173/src/pages/ConversationPanel.tsx?t=1785126586241:704
[   19880ms] [LOG] [BackendBanner] backendStatus: null type: object startupComplete: true @ http://localhost:5173/src/pages/ConversationPanel.tsx?t=1785126586241:704
[   19880ms] [LOG] [BackendBanner] backendStatus: null type: object startupComplete: true @ http://localhost:5173/src/pages/ConversationPanel.tsx?t=1785126586241:704
[   19896ms] [LOG] [BackendBanner] backendStatus: null type: object startupComplete: true @ http://localhost:5173/src/pages/ConversationPanel.tsx?t=1785126586241:704
[   19896ms] [LOG] [BackendBanner] backendStatus: null type: object startupComplete: true @ http://localhost:5173/src/pages/ConversationPanel.tsx?t=1785126586241:704
[   19913ms] [LOG] [BackendBanner] backendStatus: null type: object startupComplete: true @ http://localhost:5173/src/pages/ConversationPanel.tsx?t=1785126586241:704
[   19913ms] [LOG] [BackendBanner] backendStatus: null type: object startupComplete: true @ http://localhost:5173/src/pages/ConversationPanel.tsx?t=1785126586241:704
[   19930ms] [LOG] [BackendBanner] backendStatus: null type: object startupComplete: true @ http://localhost:5173/src/pages/ConversationPanel.tsx?t=1785126586241:704
[   19930ms] [LOG] [BackendBanner] backendStatus: null type: object startupComplete: true @ http://localhost:5173/src/pages/ConversationPanel.tsx?t=1785126586241:704
[   19946ms] [LOG] [BackendBanner] backendStatus: null type: object startupComplete: true @ http://localhost:5173/src/pages/ConversationPanel.tsx?t=1785126586241:704
[   19946ms] [LOG] [BackendBanner] backendStatus: null type: object startupComplete: true @ http://localhost:5173/src/pages/ConversationPanel.tsx?t=1785126586241:704
[   19963ms] [LOG] [BackendBanner] backendStatus: null type: object startupComplete: true @ http://localhost:5173/src/pages/ConversationPanel.tsx?t=1785126586241:704
[   19963ms] [LOG] [BackendBanner] backendStatus: null type: object startupComplete: true @ http://localhost:5173/src/pages/ConversationPanel.tsx?t=1785126586241:704
[   19980ms] [LOG] [BackendBanner] backendStatus: null type: object startupComplete: true @ http://localhost:5173/src/pages/ConversationPanel.tsx?t=1785126586241:704
[   19980ms] [LOG] [BackendBanner] backendStatus: null type: object startupComplete: true @ http://localhost:5173/src/pages/ConversationPanel.tsx?t=1785126586241:704
[   19996ms] [LOG] [BackendBanner] backendStatus: null type: object startupComplete: true @ http://localhost:5173/src/pages/ConversationPanel.tsx?t=1785126586241:704
[   19996ms] [LOG] [BackendBanner] backendStatus: null type: object startupComplete: true @ http://localhost:5173/src/pages/ConversationPanel.tsx?t=1785126586241:704
[   20013ms] [LOG] [BackendBanner] backendStatus: null type: object startupComplete: true @ http://localhost:5173/src/pages/ConversationPanel.tsx?t=1785126586241:704
[   20013ms] [LOG] [BackendBanner] backendStatus: null type: object startupComplete: true @ http://localhost:5173/src/pages/ConversationPanel.tsx?t=1785126586241:704
[   20029ms] [LOG] [BackendBanner] backendStatus: null type: object startupComplete: true @ http://localhost:5173/src/pages/ConversationPanel.tsx?t=1785126586241:704
[   20030ms] [LOG] [BackendBanner] backendStatus: null type: object startupComplete: true @ http://localhost:5173/src/pages/ConversationPanel.tsx?t=1785126586241:704
[   20046ms] [LOG] [BackendBanner] backendStatus: null type: object startupComplete: true @ http://localhost:5173/src/pages/ConversationPanel.tsx?t=1785126586241:704
[   20046ms] [LOG] [BackendBanner] backendStatus: null type: object startupComplete: true @ http://localhost:5173/src/pages/ConversationPanel.tsx?t=1785126586241:704
[   20063ms] [LOG] [BackendBanner] backendStatus: null type: object startupComplete: true @ http://localhost:5173/src/pages/ConversationPanel.tsx?t=1785126586241:704
[   20064ms] [LOG] [BackendBanner] backendStatus: null type: object startupComplete: true @ http://localhost:5173/src/pages/ConversationPanel.tsx?t=1785126586241:704
[   20080ms] [LOG] [BackendBanner] backendStatus: null type: object startupComplete: true @ http://localhost:5173/src/pages/ConversationPanel.tsx?t=1785126586241:704
[   20080ms] [LOG] [BackendBanner] backendStatus: null type: object startupComplete: true @ http://localhost:5173/src/pages/ConversationPanel.tsx?t=1785126586241:704
[   20096ms] [LOG] [BackendBanner] backendStatus: null type: object startupComplete: true @ http://localhost:5173/src/pages/ConversationPanel.tsx?t=1785126586241:704
[   20097ms] [LOG] [BackendBanner] backendStatus: null type: object startupComplete: true @ http://localhost:5173/src/pages/ConversationPanel.tsx?t=1785126586241:704
[   20113ms] [LOG] [BackendBanner] backendStatus: null type: object startupComplete: true @ http://localhost:5173/src/pages/ConversationPanel.tsx?t=1785126586241:704
[   20113ms] [LOG] [BackendBanner] backendStatus: null type: object startupComplete: true @ http://localhost:5173/src/pages/ConversationPanel.tsx?t=1785126586241:704
[   20129ms] [LOG] [BackendBanner] backendStatus: null type: object startupComplete: true @ http://localhost:5173/src/pages/ConversationPanel.tsx?t=1785126586241:704
[   20130ms] [LOG] [BackendBanner] backendStatus: null type: object startupComplete: true @ http://localhost:5173/src/pages/ConversationPanel.tsx?t=1785126586241:704
[   20146ms] [LOG] [BackendBanner] backendStatus: null type: object startupComplete: true @ http://localhost:5173/src/pages/ConversationPanel.tsx?t=1785126586241:704
[   20146ms] [LOG] [BackendBanner] backendStatus: null type: object startupComplete: true @ http://localhost:5173/src/pages/ConversationPanel.tsx?t=1785126586241:704
[   20163ms] [LOG] [BackendBanner] backendStatus: null type: object startupComplete: true @ http://localhost:5173/src/pages/ConversationPanel.tsx?t=1785126586241:704
[   20164ms] [LOG] [BackendBanner] backendStatus: null type: object startupComplete: true @ http://localhost:5173/src/pages/ConversationPanel.tsx?t=1785126586241:704
[   20179ms] [LOG] [BackendBanner] backendStatus: null type: object startupComplete: true @ http://localhost:5173/src/pages/ConversationPanel.tsx?t=1785126586241:704
[   20179ms] [LOG] [BackendBanner] backendStatus: null type: object startupComplete: true @ http://localhost:5173/src/pages/ConversationPanel.tsx?t=1785126586241:704
[   20196ms] [LOG] [BackendBanner] backendStatus: null type: object startupComplete: true @ http://localhost:5173/src/pages/ConversationPanel.tsx?t=1785126586241:704
[   20196ms] [LOG] [BackendBanner] backendStatus: null type: object startupComplete: true @ http://localhost:5173/src/pages/ConversationPanel.tsx?t=1785126586241:704
[   20213ms] [LOG] [BackendBanner] backendStatus: null type: object startupComplete: true @ http://localhost:5173/src/pages/ConversationPanel.tsx?t=1785126586241:704
[   20214ms] [LOG] [BackendBanner] backendStatus: null type: object startupComplete: true @ http://localhost:5173/src/pages/ConversationPanel.tsx?t=1785126586241:704
[   20230ms] [LOG] [BackendBanner] backendStatus: null type: object startupComplete: true @ http://localhost:5173/src/pages/ConversationPanel.tsx?t=1785126586241:704
[   20230ms] [LOG] [BackendBanner] backendStatus: null type: object startupComplete: true @ http://localhost:5173/src/pages/ConversationPanel.tsx?t=1785126586241:704
[   20246ms] [LOG] [BackendBanner] backendStatus: null type: object startupComplete: true @ http://localhost:5173/src/pages/ConversationPanel.tsx?t=1785126586241:704
[   20247ms] [LOG] [BackendBanner] backendStatus: null type: object startupComplete: true @ http://localhost:5173/src/pages/ConversationPanel.tsx?t=1785126586241:704
[   20263ms] [LOG] [BackendBanner] backendStatus: null type: object startupComplete: true @ http://localhost:5173/src/pages/ConversationPanel.tsx?t=1785126586241:704
[   20264ms] [LOG] [BackendBanner] backendStatus: null type: object startupComplete: true @ http://localhost:5173/src/pages/ConversationPanel.tsx?t=1785126586241:704
[   20281ms] [LOG] [BackendBanner] backendStatus: null type: object startupComplete: true @ http://localhost:5173/src/pages/ConversationPanel.tsx?t=1785126586241:704
[   20281ms] [LOG] [BackendBanner] backendStatus: null type: object startupComplete: true @ http://localhost:5173/src/pages/ConversationPanel.tsx?t=1785126586241:704
[   20297ms] [LOG] [BackendBanner] backendStatus: null type: object startupComplete: true @ http://localhost:5173/src/pages/ConversationPanel.tsx?t=1785126586241:704
[   20297ms] [LOG] [BackendBanner] backendStatus: null type: object startupComplete: true @ http://localhost:5173/src/pages/ConversationPanel.tsx?t=1785126586241:704
[   20313ms] [LOG] [BackendBanner] backendStatus: null type: object startupComplete: true @ http://localhost:5173/src/pages/ConversationPanel.tsx?t=1785126586241:704
[   20314ms] [LOG] [BackendBanner] backendStatus: null type: object startupComplete: true @ http://localhost:5173/src/pages/ConversationPanel.tsx?t=1785126586241:704
[   20331ms] [LOG] [BackendBanner] backendStatus: null type: object startupComplete: true @ http://localhost:5173/src/pages/ConversationPanel.tsx?t=1785126586241:704
[   20331ms] [LOG] [BackendBanner] backendStatus: null type: object startupComplete: true @ http://localhost:5173/src/pages/ConversationPanel.tsx?t=1785126586241:704
[   20347ms] [LOG] [BackendBanner] backendStatus: null type: object startupComplete: true @ http://localhost:5173/src/pages/ConversationPanel.tsx?t=1785126586241:704
[   20347ms] [LOG] [BackendBanner] backendStatus: null type: object startupComplete: true @ http://localhost:5173/src/pages/ConversationPanel.tsx?t=1785126586241:704
[   20363ms] [LOG] [BackendBanner] backendStatus: null type: object startupComplete: true @ http://localhost:5173/src/pages/ConversationPanel.tsx?t=1785126586241:704
[   20363ms] [LOG] [BackendBanner] backendStatus: null type: object startupComplete: true @ http://localhost:5173/src/pages/ConversationPanel.tsx?t=1785126586241:704
[   20380ms] [LOG] [BackendBanner] backendStatus: null type: object startupComplete: true @ http://localhost:5173/src/pages/ConversationPanel.tsx?t=1785126586241:704
[   20380ms] [LOG] [BackendBanner] backendStatus: null type: object startupComplete: true @ http://localhost:5173/src/pages/ConversationPanel.tsx?t=1785126586241:704
[   20397ms] [LOG] [BackendBanner] backendStatus: null type: object startupComplete: true @ http://localhost:5173/src/pages/ConversationPanel.tsx?t=1785126586241:704
[   20397ms] [LOG] [BackendBanner] backendStatus: null type: object startupComplete: true @ http://localhost:5173/src/pages/ConversationPanel.tsx?t=1785126586241:704
[   20413ms] [LOG] [BackendBanner] backendStatus: null type: object startupComplete: true @ http://localhost:5173/src/pages/ConversationPanel.tsx?t=1785126586241:704
[   20414ms] [LOG] [BackendBanner] backendStatus: null type: object startupComplete: true @ http://localhost:5173/src/pages/ConversationPanel.tsx?t=1785126586241:704
[   20430ms] [LOG] [BackendBanner] backendStatus: null type: object startupComplete: true @ http://localhost:5173/src/pages/ConversationPanel.tsx?t=1785126586241:704
[   20430ms] [LOG] [BackendBanner] backendStatus: null type: object startupComplete: true @ http://localhost:5173/src/pages/ConversationPanel.tsx?t=1785126586241:704
[   20447ms] [LOG] [BackendBanner] backendStatus: null type: object startupComplete: true @ http://localhost:5173/src/pages/ConversationPanel.tsx?t=1785126586241:704
[   20447ms] [LOG] [BackendBanner] backendStatus: null type: object startupComplete: true @ http://localhost:5173/src/pages/ConversationPanel.tsx?t=1785126586241:704
[   20463ms] [LOG] [BackendBanner] backendStatus: null type: object startupComplete: true @ http://localhost:5173/src/pages/ConversationPanel.tsx?t=1785126586241:704
[   20464ms] [LOG] [BackendBanner] backendStatus: null type: object startupComplete: true @ http://localhost:5173/src/pages/ConversationPanel.tsx?t=1785126586241:704
[   20481ms] [LOG] [BackendBanner] backendStatus: null type: object startupComplete: true @ http://localhost:5173/src/pages/ConversationPanel.tsx?t=1785126586241:704
[   20482ms] [LOG] [BackendBanner] backendStatus: null type: object startupComplete: true @ http://localhost:5173/src/pages/ConversationPanel.tsx?t=1785126586241:704
[   20497ms] [LOG] [BackendBanner] backendStatus: null type: object startupComplete: true @ http://localhost:5173/src/pages/ConversationPanel.tsx?t=1785126586241:704
[   20498ms] [LOG] [BackendBanner] backendStatus: null type: object startupComplete: true @ http://localhost:5173/src/pages/ConversationPanel.tsx?t=1785126586241:704
[   20515ms] [LOG] [BackendBanner] backendStatus: null type: object startupComplete: true @ http://localhost:5173/src/pages/ConversationPanel.tsx?t=1785126586241:704
[   20515ms] [LOG] [BackendBanner] backendStatus: null type: object startupComplete: true @ http://localhost:5173/src/pages/ConversationPanel.tsx?t=1785126586241:704
[   20530ms] [LOG] [BackendBanner] backendStatus: null type: object startupComplete: true @ http://localhost:5173/src/pages/ConversationPanel.tsx?t=1785126586241:704
[   20531ms] [LOG] [BackendBanner] backendStatus: null type: object startupComplete: true @ http://localhost:5173/src/pages/ConversationPanel.tsx?t=1785126586241:704
[   20547ms] [LOG] [BackendBanner] backendStatus: null type: object startupComplete: true @ http://localhost:5173/src/pages/ConversationPanel.tsx?t=1785126586241:704
[   20547ms] [LOG] [BackendBanner] backendStatus: null type: object startupComplete: true @ http://localhost:5173/src/pages/ConversationPanel.tsx?t=1785126586241:704
[   20564ms] [LOG] [BackendBanner] backendStatus: null type: object startupComplete: true @ http://localhost:5173/src/pages/ConversationPanel.tsx?t=1785126586241:704
[   20564ms] [LOG] [BackendBanner] backendStatus: null type: object startupComplete: true @ http://localhost:5173/src/pages/ConversationPanel.tsx?t=1785126586241:704
[   20580ms] [LOG] [BackendBanner] backendStatus: null type: object startupComplete: true @ http://localhost:5173/src/pages/ConversationPanel.tsx?t=1785126586241:704
[   20581ms] [LOG] [BackendBanner] backendStatus: null type: object startupComplete: true @ http://localhost:5173/src/pages/ConversationPanel.tsx?t=1785126586241:704
[   20597ms] [LOG] [BackendBanner] backendStatus: null type: object startupComplete: true @ http://localhost:5173/src/pages/ConversationPanel.tsx?t=1785126586241:704
[   20597ms] [LOG] [BackendBanner] backendStatus: null type: object startupComplete: true @ http://localhost:5173/src/pages/ConversationPanel.tsx?t=1785126586241:704
[   20613ms] [LOG] [BackendBanner] backendStatus: null type: object startupComplete: true @ http://localhost:5173/src/pages/ConversationPanel.tsx?t=1785126586241:704
[   20614ms] [LOG] [BackendBanner] backendStatus: null type: object startupComplete: true @ http://localhost:5173/src/pages/ConversationPanel.tsx?t=1785126586241:704
[   20631ms] [LOG] [BackendBanner] backendStatus: null type: object startupComplete: true @ http://localhost:5173/src/pages/ConversationPanel.tsx?t=1785126586241:704
[   20631ms] [LOG] [BackendBanner] backendStatus: null type: object startupComplete: true @ http://localhost:5173/src/pages/ConversationPanel.tsx?t=1785126586241:704
[   20646ms] [LOG] [BackendBanner] backendStatus: null type: object startupComplete: true @ http://localhost:5173/src/pages/ConversationPanel.tsx?t=1785126586241:704
[   20647ms] [LOG] [BackendBanner] backendStatus: null type: object startupComplete: true @ http://localhost:5173/src/pages/ConversationPanel.tsx?t=1785126586241:704
[   20663ms] [LOG] [BackendBanner] backendStatus: null type: object startupComplete: true @ http://localhost:5173/src/pages/ConversationPanel.tsx?t=1785126586241:704
[   20663ms] [LOG] [BackendBanner] backendStatus: null type: object startupComplete: true @ http://localhost:5173/src/pages/ConversationPanel.tsx?t=1785126586241:704
[   20680ms] [LOG] [BackendBanner] backendStatus: null type: object startupComplete: true @ http://localhost:5173/src/pages/ConversationPanel.tsx?t=1785126586241:704
[   20680ms] [LOG] [BackendBanner] backendStatus: null type: object startupComplete: true @ http://localhost:5173/src/pages/ConversationPanel.tsx?t=1785126586241:704
[   20697ms] [LOG] [BackendBanner] backendStatus: null type: object startupComplete: true @ http://localhost:5173/src/pages/ConversationPanel.tsx?t=1785126586241:704
[   20697ms] [LOG] [BackendBanner] backendStatus: null type: object startupComplete: true @ http://localhost:5173/src/pages/ConversationPanel.tsx?t=1785126586241:704
[   20713ms] [LOG] [BackendBanner] backendStatus: null type: object startupComplete: true @ http://localhost:5173/src/pages/ConversationPanel.tsx?t=1785126586241:704
[   20713ms] [LOG] [BackendBanner] backendStatus: null type: object startupComplete: true @ http://localhost:5173/src/pages/ConversationPanel.tsx?t=1785126586241:704
[   20730ms] [LOG] [BackendBanner] backendStatus: null type: object startupComplete: true @ http://localhost:5173/src/pages/ConversationPanel.tsx?t=1785126586241:704
[   20730ms] [LOG] [BackendBanner] backendStatus: null type: object startupComplete: true @ http://localhost:5173/src/pages/ConversationPanel.tsx?t=1785126586241:704
[   20746ms] [LOG] [BackendBanner] backendStatus: null type: object startupComplete: true @ http://localhost:5173/src/pages/ConversationPanel.tsx?t=1785126586241:704
[   20747ms] [LOG] [BackendBanner] backendStatus: null type: object startupComplete: true @ http://localhost:5173/src/pages/ConversationPanel.tsx?t=1785126586241:704
[   20763ms] [LOG] [BackendBanner] backendStatus: null type: object startupComplete: true @ http://localhost:5173/src/pages/ConversationPanel.tsx?t=1785126586241:704
[   20763ms] [LOG] [BackendBanner] backendStatus: null type: object startupComplete: true @ http://localhost:5173/src/pages/ConversationPanel.tsx?t=1785126586241:704
[   20779ms] [LOG] [BackendBanner] backendStatus: null type: object startupComplete: true @ http://localhost:5173/src/pages/ConversationPanel.tsx?t=1785126586241:704
[   20780ms] [LOG] [BackendBanner] backendStatus: null type: object startupComplete: true @ http://localhost:5173/src/pages/ConversationPanel.tsx?t=1785126586241:704
[   20797ms] [LOG] [BackendBanner] backendStatus: null type: object startupComplete: true @ http://localhost:5173/src/pages/ConversationPanel.tsx?t=1785126586241:704
[   20797ms] [LOG] [BackendBanner] backendStatus: null type: object startupComplete: true @ http://localhost:5173/src/pages/ConversationPanel.tsx?t=1785126586241:704
[   20813ms] [LOG] [BackendBanner] backendStatus: null type: object startupComplete: true @ http://localhost:5173/src/pages/ConversationPanel.tsx?t=1785126586241:704
[   20813ms] [LOG] [BackendBanner] backendStatus: null type: object startupComplete: true @ http://localhost:5173/src/pages/ConversationPanel.tsx?t=1785126586241:704
[   20830ms] [LOG] [BackendBanner] backendStatus: null type: object startupComplete: true @ http://localhost:5173/src/pages/ConversationPanel.tsx?t=1785126586241:704
[   20830ms] [LOG] [BackendBanner] backendStatus: null type: object startupComplete: true @ http://localhost:5173/src/pages/ConversationPanel.tsx?t=1785126586241:704
[   20846ms] [LOG] [BackendBanner] backendStatus: null type: object startupComplete: true @ http://localhost:5173/src/pages/ConversationPanel.tsx?t=1785126586241:704
[   20847ms] [LOG] [BackendBanner] backendStatus: null type: object startupComplete: true @ http://localhost:5173/src/pages/ConversationPanel.tsx?t=1785126586241:704
[   20863ms] [LOG] [BackendBanner] backendStatus: null type: object startupComplete: true @ http://localhost:5173/src/pages/ConversationPanel.tsx?t=1785126586241:704
[   20863ms] [LOG] [BackendBanner] backendStatus: null type: object startupComplete: true @ http://localhost:5173/src/pages/ConversationPanel.tsx?t=1785126586241:704
[   20881ms] [LOG] [BackendBanner] backendStatus: null type: object startupComplete: true @ http://localhost:5173/src/pages/ConversationPanel.tsx?t=1785126586241:704
[   20881ms] [LOG] [BackendBanner] backendStatus: null type: object startupComplete: true @ http://localhost:5173/src/pages/ConversationPanel.tsx?t=1785126586241:704
[   20897ms] [LOG] [BackendBanner] backendStatus: null type: object startupComplete: true @ http://localhost:5173/src/pages/ConversationPanel.tsx?t=1785126586241:704
[   20897ms] [LOG] [BackendBanner] backendStatus: null type: object startupComplete: true @ http://localhost:5173/src/pages/ConversationPanel.tsx?t=1785126586241:704
[   20914ms] [LOG] [BackendBanner] backendStatus: null type: object startupComplete: true @ http://localhost:5173/src/pages/ConversationPanel.tsx?t=1785126586241:704
[   20914ms] [LOG] [BackendBanner] backendStatus: null type: object startupComplete: true @ http://localhost:5173/src/pages/ConversationPanel.tsx?t=1785126586241:704
[   20930ms] [LOG] [BackendBanner] backendStatus: null type: object startupComplete: true @ http://localhost:5173/src/pages/ConversationPanel.tsx?t=1785126586241:704
[   20931ms] [LOG] [BackendBanner] backendStatus: null type: object startupComplete: true @ http://localhost:5173/src/pages/ConversationPanel.tsx?t=1785126586241:704
[   20948ms] [LOG] [BackendBanner] backendStatus: null type: object startupComplete: true @ http://localhost:5173/src/pages/ConversationPanel.tsx?t=1785126586241:704
[   20948ms] [LOG] [BackendBanner] backendStatus: null type: object startupComplete: true @ http://localhost:5173/src/pages/ConversationPanel.tsx?t=1785126586241:704
[   20964ms] [LOG] [BackendBanner] backendStatus: null type: object startupComplete: true @ http://localhost:5173/src/pages/ConversationPanel.tsx?t=1785126586241:704
[   20964ms] [LOG] [BackendBanner] backendStatus: null type: object startupComplete: true @ http://localhost:5173/src/pages/ConversationPanel.tsx?t=1785126586241:704
[   20981ms] [LOG] [BackendBanner] backendStatus: null type: object startupComplete: true @ http://localhost:5173/src/pages/ConversationPanel.tsx?t=1785126586241:704
[   20981ms] [LOG] [BackendBanner] backendStatus: null type: object startupComplete: true @ http://localhost:5173/src/pages/ConversationPanel.tsx?t=1785126586241:704
[   20997ms] [LOG] [BackendBanner] backendStatus: null type: object startupComplete: true @ http://localhost:5173/src/pages/ConversationPanel.tsx?t=1785126586241:704
[   20997ms] [LOG] [BackendBanner] backendStatus: null type: object startupComplete: true @ http://localhost:5173/src/pages/ConversationPanel.tsx?t=1785126586241:704
[   21014ms] [LOG] [BackendBanner] backendStatus: null type: object startupComplete: true @ http://localhost:5173/src/pages/ConversationPanel.tsx?t=1785126586241:704
[   21015ms] [LOG] [BackendBanner] backendStatus: null type: object startupComplete: true @ http://localhost:5173/src/pages/ConversationPanel.tsx?t=1785126586241:704
[   21031ms] [LOG] [BackendBanner] backendStatus: null type: object startupComplete: true @ http://localhost:5173/src/pages/ConversationPanel.tsx?t=1785126586241:704
[   21031ms] [LOG] [BackendBanner] backendStatus: null type: object startupComplete: true @ http://localhost:5173/src/pages/ConversationPanel.tsx?t=1785126586241:704
[   21047ms] [LOG] [BackendBanner] backendStatus: null type: object startupComplete: true @ http://localhost:5173/src/pages/ConversationPanel.tsx?t=1785126586241:704
[   21047ms] [LOG] [BackendBanner] backendStatus: null type: object startupComplete: true @ http://localhost:5173/src/pages/ConversationPanel.tsx?t=1785126586241:704
[   21064ms] [LOG] [BackendBanner] backendStatus: null type: object startupComplete: true @ http://localhost:5173/src/pages/ConversationPanel.tsx?t=1785126586241:704
[   21064ms] [LOG] [BackendBanner] backendStatus: null type: object startupComplete: true @ http://localhost:5173/src/pages/ConversationPanel.tsx?t=1785126586241:704
[   21081ms] [LOG] [BackendBanner] backendStatus: null type: object startupComplete: true @ http://localhost:5173/src/pages/ConversationPanel.tsx?t=1785126586241:704
[   21081ms] [LOG] [BackendBanner] backendStatus: null type: object startupComplete: true @ http://localhost:5173/src/pages/ConversationPanel.tsx?t=1785126586241:704
[   21097ms] [LOG] [BackendBanner] backendStatus: null type: object startupComplete: true @ http://localhost:5173/src/pages/ConversationPanel.tsx?t=1785126586241:704
[   21098ms] [LOG] [BackendBanner] backendStatus: null type: object startupComplete: true @ http://localhost:5173/src/pages/ConversationPanel.tsx?t=1785126586241:704
[   21114ms] [LOG] [BackendBanner] backendStatus: null type: object startupComplete: true @ http://localhost:5173/src/pages/ConversationPanel.tsx?t=1785126586241:704
[   21114ms] [LOG] [BackendBanner] backendStatus: null type: object startupComplete: true @ http://localhost:5173/src/pages/ConversationPanel.tsx?t=1785126586241:704
[   21130ms] [LOG] [Frontend] Health check attempt 4 @ http://localhost:5173/src/pages/ConversationPanel.tsx?t=1785126586241:151
[   21131ms] [LOG] [Frontend] Health response: null @ http://localhost:5173/src/pages/ConversationPanel.tsx?t=1785126586241:153
[   21131ms] [LOG] [BackendBanner] backendStatus: null type: object startupComplete: true @ http://localhost:5173/src/pages/ConversationPanel.tsx?t=1785126586241:704
[   21131ms] [LOG] [BackendBanner] backendStatus: null type: object startupComplete: true @ http://localhost:5173/src/pages/ConversationPanel.tsx?t=1785126586241:704
[   21148ms] [LOG] [BackendBanner] backendStatus: null type: object startupComplete: true @ http://localhost:5173/src/pages/ConversationPanel.tsx?t=1785126586241:704
[   21148ms] [LOG] [BackendBanner] backendStatus: null type: object startupComplete: true @ http://localhost:5173/src/pages/ConversationPanel.tsx?t=1785126586241:704
[   21165ms] [LOG] [BackendBanner] backendStatus: null type: object startupComplete: true @ http://localhost:5173/src/pages/ConversationPanel.tsx?t=1785126586241:704
[   21165ms] [LOG] [BackendBanner] backendStatus: null type: object startupComplete: true @ http://localhost:5173/src/pages/ConversationPanel.tsx?t=1785126586241:704
[   21182ms] [LOG] [BackendBanner] backendStatus: null type: object startupComplete: true @ http://localhost:5173/src/pages/ConversationPanel.tsx?t=1785126586241:704
[   21183ms] [LOG] [BackendBanner] backendStatus: null type: object startupComplete: true @ http://localhost:5173/src/pages/ConversationPanel.tsx?t=1785126586241:704
[   21197ms] [LOG] [BackendBanner] backendStatus: null type: object startupComplete: true @ http://localhost:5173/src/pages/ConversationPanel.tsx?t=1785126586241:704
[   21198ms] [LOG] [BackendBanner] backendStatus: null type: object startupComplete: true @ http://localhost:5173/src/pages/ConversationPanel.tsx?t=1785126586241:704
[   21214ms] [LOG] [BackendBanner] backendStatus: null type: object startupComplete: true @ http://localhost:5173/src/pages/ConversationPanel.tsx?t=1785126586241:704
[   21214ms] [LOG] [BackendBanner] backendStatus: null type: object startupComplete: true @ http://localhost:5173/src/pages/ConversationPanel.tsx?t=1785126586241:704
[   21230ms] [LOG] [BackendBanner] backendStatus: null type: object startupComplete: true @ http://localhost:5173/src/pages/ConversationPanel.tsx?t=1785126586241:704
[   21230ms] [LOG] [BackendBanner] backendStatus: null type: object startupComplete: true @ http://localhost:5173/src/pages/ConversationPanel.tsx?t=1785126586241:704
[   21246ms] [LOG] [BackendBanner] backendStatus: null type: object startupComplete: true @ http://localhost:5173/src/pages/ConversationPanel.tsx?t=1785126586241:704
[   21247ms] [LOG] [BackendBanner] backendStatus: null type: object startupComplete: true @ http://localhost:5173/src/pages/ConversationPanel.tsx?t=1785126586241:704
[   21263ms] [LOG] [BackendBanner] backendStatus: null type: object startupComplete: true @ http://localhost:5173/src/pages/ConversationPanel.tsx?t=1785126586241:704
[   21263ms] [LOG] [BackendBanner] backendStatus: null type: object startupComplete: true @ http://localhost:5173/src/pages/ConversationPanel.tsx?t=1785126586241:704
[   21280ms] [LOG] [BackendBanner] backendStatus: null type: object startupComplete: true @ http://localhost:5173/src/pages/ConversationPanel.tsx?t=1785126586241:704
[   21280ms] [LOG] [BackendBanner] backendStatus: null type: object startupComplete: true @ http://localhost:5173/src/pages/ConversationPanel.tsx?t=1785126586241:704
[   21296ms] [LOG] [BackendBanner] backendStatus: null type: object startupComplete: true @ http://localhost:5173/src/pages/ConversationPanel.tsx?t=1785126586241:704
[   21297ms] [LOG] [BackendBanner] backendStatus: null type: object startupComplete: true @ http://localhost:5173/src/pages/ConversationPanel.tsx?t=1785126586241:704
[   21313ms] [LOG] [BackendBanner] backendStatus: null type: object startupComplete: true @ http://localhost:5173/src/pages/ConversationPanel.tsx?t=1785126586241:704
[   21313ms] [LOG] [BackendBanner] backendStatus: null type: object startupComplete: true @ http://localhost:5173/src/pages/ConversationPanel.tsx?t=1785126586241:704
[   21330ms] [LOG] [BackendBanner] backendStatus: null type: object startupComplete: true @ http://localhost:5173/src/pages/ConversationPanel.tsx?t=1785126586241:704
[   21330ms] [LOG] [BackendBanner] backendStatus: null type: object startupComplete: true @ http://localhost:5173/src/pages/ConversationPanel.tsx?t=1785126586241:704
[   21347ms] [LOG] [BackendBanner] backendStatus: null type: object startupComplete: true @ http://localhost:5173/src/pages/ConversationPanel.tsx?t=1785126586241:704
[   21347ms] [LOG] [BackendBanner] backendStatus: null type: object startupComplete: true @ http://localhost:5173/src/pages/ConversationPanel.tsx?t=1785126586241:704
[   21364ms] [LOG] [BackendBanner] backendStatus: null type: object startupComplete: true @ http://localhost:5173/src/pages/ConversationPanel.tsx?t=1785126586241:704
[   21364ms] [LOG] [BackendBanner] backendStatus: null type: object startupComplete: true @ http://localhost:5173/src/pages/ConversationPanel.tsx?t=1785126586241:704
[   21380ms] [LOG] [BackendBanner] backendStatus: null type: object startupComplete: true @ http://localhost:5173/src/pages/ConversationPanel.tsx?t=1785126586241:704
[   21381ms] [LOG] [BackendBanner] backendStatus: null type: object startupComplete: true @ http://localhost:5173/src/pages/ConversationPanel.tsx?t=1785126586241:704
[   21397ms] [LOG] [BackendBanner] backendStatus: null type: object startupComplete: true @ http://localhost:5173/src/pages/ConversationPanel.tsx?t=1785126586241:704
[   21397ms] [LOG] [BackendBanner] backendStatus: null type: object startupComplete: true @ http://localhost:5173/src/pages/ConversationPanel.tsx?t=1785126586241:704
[   21415ms] [LOG] [BackendBanner] backendStatus: null type: object startupComplete: true @ http://localhost:5173/src/pages/ConversationPanel.tsx?t=1785126586241:704
[   21415ms] [LOG] [BackendBanner] backendStatus: null type: object startupComplete: true @ http://localhost:5173/src/pages/ConversationPanel.tsx?t=1785126586241:704
[   21430ms] [LOG] [BackendBanner] backendStatus: null type: object startupComplete: true @ http://localhost:5173/src/pages/ConversationPanel.tsx?t=1785126586241:704
[   21431ms] [LOG] [BackendBanner] backendStatus: null type: object startupComplete: true @ http://localhost:5173/src/pages/ConversationPanel.tsx?t=1785126586241:704
[   21447ms] [LOG] [BackendBanner] backendStatus: null type: object startupComplete: true @ http://localhost:5173/src/pages/ConversationPanel.tsx?t=1785126586241:704
[   21448ms] [LOG] [BackendBanner] backendStatus: null type: object startupComplete: true @ http://localhost:5173/src/pages/ConversationPanel.tsx?t=1785126586241:704
[   21464ms] [LOG] [BackendBanner] backendStatus: null type: object startupComplete: true @ http://localhost:5173/src/pages/ConversationPanel.tsx?t=1785126586241:704
[   21464ms] [LOG] [BackendBanner] backendStatus: null type: object startupComplete: true @ http://localhost:5173/src/pages/ConversationPanel.tsx?t=1785126586241:704
[   21481ms] [LOG] [BackendBanner] backendStatus: null type: object startupComplete: true @ http://localhost:5173/src/pages/ConversationPanel.tsx?t=1785126586241:704
[   21481ms] [LOG] [BackendBanner] backendStatus: null type: object startupComplete: true @ http://localhost:5173/src/pages/ConversationPanel.tsx?t=1785126586241:704
[   21497ms] [LOG] [BackendBanner] backendStatus: null type: object startupComplete: true @ http://localhost:5173/src/pages/ConversationPanel.tsx?t=1785126586241:704
[   21497ms] [LOG] [BackendBanner] backendStatus: null type: object startupComplete: true @ http://localhost:5173/src/pages/ConversationPanel.tsx?t=1785126586241:704
[   21513ms] [LOG] [BackendBanner] backendStatus: null type: object startupComplete: true @ http://localhost:5173/src/pages/ConversationPanel.tsx?t=1785126586241:704
[   21513ms] [LOG] [BackendBanner] backendStatus: null type: object startupComplete: true @ http://localhost:5173/src/pages/ConversationPanel.tsx?t=1785126586241:704
[   21532ms] [LOG] [BackendBanner] backendStatus: null type: object startupComplete: true @ http://localhost:5173/src/pages/ConversationPanel.tsx?t=1785126586241:704
[   21532ms] [LOG] [BackendBanner] backendStatus: null type: object startupComplete: true @ http://localhost:5173/src/pages/ConversationPanel.tsx?t=1785126586241:704
[   21548ms] [LOG] [BackendBanner] backendStatus: null type: object startupComplete: true @ http://localhost:5173/src/pages/ConversationPanel.tsx?t=1785126586241:704
[   21548ms] [LOG] [BackendBanner] backendStatus: null type: object startupComplete: true @ http://localhost:5173/src/pages/ConversationPanel.tsx?t=1785126586241:704
[   21565ms] [LOG] [BackendBanner] backendStatus: null type: object startupComplete: true @ http://localhost:5173/src/pages/ConversationPanel.tsx?t=1785126586241:704
[   21566ms] [LOG] [BackendBanner] backendStatus: null type: object startupComplete: true @ http://localhost:5173/src/pages/ConversationPanel.tsx?t=1785126586241:704
[   21581ms] [LOG] [BackendBanner] backendStatus: null type: object startupComplete: true @ http://localhost:5173/src/pages/ConversationPanel.tsx?t=1785126586241:704
[   21581ms] [LOG] [BackendBanner] backendStatus: null type: object startupComplete: true @ http://localhost:5173/src/pages/ConversationPanel.tsx?t=1785126586241:704
[   21597ms] [LOG] [BackendBanner] backendStatus: null type: object startupComplete: true @ http://localhost:5173/src/pages/ConversationPanel.tsx?t=1785126586241:704
[   21598ms] [LOG] [BackendBanner] backendStatus: null type: object startupComplete: true @ http://localhost:5173/src/pages/ConversationPanel.tsx?t=1785126586241:704
[   21614ms] [LOG] [BackendBanner] backendStatus: null type: object startupComplete: true @ http://localhost:5173/src/pages/ConversationPanel.tsx?t=1785126586241:704
[   21614ms] [LOG] [BackendBanner] backendStatus: null type: object startupComplete: true @ http://localhost:5173/src/pages/ConversationPanel.tsx?t=1785126586241:704
[   21630ms] [LOG] [BackendBanner] backendStatus: null type: object startupComplete: true @ http://localhost:5173/src/pages/ConversationPanel.tsx?t=1785126586241:704
[   21631ms] [LOG] [BackendBanner] backendStatus: null type: object startupComplete: true @ http://localhost:5173/src/pages/ConversationPanel.tsx?t=1785126586241:704
[   21647ms] [LOG] [BackendBanner] backendStatus: null type: object startupComplete: true @ http://localhost:5173/src/pages/ConversationPanel.tsx?t=1785126586241:704
[   21647ms] [LOG] [BackendBanner] backendStatus: null type: object startupComplete: true @ http://localhost:5173/src/pages/ConversationPanel.tsx?t=1785126586241:704
[   21663ms] [LOG] [BackendBanner] backendStatus: null type: object startupComplete: true @ http://localhost:5173/src/pages/ConversationPanel.tsx?t=1785126586241:704
[   21664ms] [LOG] [BackendBanner] backendStatus: null type: object startupComplete: true @ http://localhost:5173/src/pages/ConversationPanel.tsx?t=1785126586241:704
[   21680ms] [LOG] [BackendBanner] backendStatus: null type: object startupComplete: true @ http://localhost:5173/src/pages/ConversationPanel.tsx?t=1785126586241:704
[   21680ms] [LOG] [BackendBanner] backendStatus: null type: object startupComplete: true @ http://localhost:5173/src/pages/ConversationPanel.tsx?t=1785126586241:704
[   21697ms] [LOG] [BackendBanner] backendStatus: null type: object startupComplete: true @ http://localhost:5173/src/pages/ConversationPanel.tsx?t=1785126586241:704
[   21697ms] [LOG] [BackendBanner] backendStatus: null type: object startupComplete: true @ http://localhost:5173/src/pages/ConversationPanel.tsx?t=1785126586241:704
[   21713ms] [LOG] [BackendBanner] backendStatus: null type: object startupComplete: true @ http://localhost:5173/src/pages/ConversationPanel.tsx?t=1785126586241:704
[   21714ms] [LOG] [BackendBanner] backendStatus: null type: object startupComplete: true @ http://localhost:5173/src/pages/ConversationPanel.tsx?t=1785126586241:704
[   21730ms] [LOG] [BackendBanner] backendStatus: null type: object startupComplete: true @ http://localhost:5173/src/pages/ConversationPanel.tsx?t=1785126586241:704
[   21730ms] [LOG] [BackendBanner] backendStatus: null type: object startupComplete: true @ http://localhost:5173/src/pages/ConversationPanel.tsx?t=1785126586241:704
[   21746ms] [LOG] [BackendBanner] backendStatus: null type: object startupComplete: true @ http://localhost:5173/src/pages/ConversationPanel.tsx?t=1785126586241:704
[   21747ms] [LOG] [BackendBanner] backendStatus: null type: object startupComplete: true @ http://localhost:5173/src/pages/ConversationPanel.tsx?t=1785126586241:704
[   21763ms] [LOG] [BackendBanner] backendStatus: null type: object startupComplete: true @ http://localhost:5173/src/pages/ConversationPanel.tsx?t=1785126586241:704
[   21764ms] [LOG] [BackendBanner] backendStatus: null type: object startupComplete: true @ http://localhost:5173/src/pages/ConversationPanel.tsx?t=1785126586241:704
[   21780ms] [LOG] [BackendBanner] backendStatus: null type: object startupComplete: true @ http://localhost:5173/src/pages/ConversationPanel.tsx?t=1785126586241:704
[   21781ms] [LOG] [BackendBanner] backendStatus: null type: object startupComplete: true @ http://localhost:5173/src/pages/ConversationPanel.tsx?t=1785126586241:704
[   21799ms] [LOG] [BackendBanner] backendStatus: null type: object startupComplete: true @ http://localhost:5173/src/pages/ConversationPanel.tsx?t=1785126586241:704
[   21800ms] [LOG] [BackendBanner] backendStatus: null type: object startupComplete: true @ http://localhost:5173/src/pages/ConversationPanel.tsx?t=1785126586241:704
[   21815ms] [LOG] [BackendBanner] backendStatus: null type: object startupComplete: true @ http://localhost:5173/src/pages/ConversationPanel.tsx?t=1785126586241:704
[   21815ms] [LOG] [BackendBanner] backendStatus: null type: object startupComplete: true @ http://localhost:5173/src/pages/ConversationPanel.tsx?t=1785126586241:704
[   21830ms] [LOG] [BackendBanner] backendStatus: null type: object startupComplete: true @ http://localhost:5173/src/pages/ConversationPanel.tsx?t=1785126586241:704
[   21831ms] [LOG] [BackendBanner] backendStatus: null type: object startupComplete: true @ http://localhost:5173/src/pages/ConversationPanel.tsx?t=1785126586241:704
[   21847ms] [LOG] [BackendBanner] backendStatus: null type: object startupComplete: true @ http://localhost:5173/src/pages/ConversationPanel.tsx?t=1785126586241:704
[   21847ms] [LOG] [BackendBanner] backendStatus: null type: object startupComplete: true @ http://localhost:5173/src/pages/ConversationPanel.tsx?t=1785126586241:704
[   21863ms] [LOG] [BackendBanner] backendStatus: null type: object startupComplete: true @ http://localhost:5173/src/pages/ConversationPanel.tsx?t=1785126586241:704
[   21864ms] [LOG] [BackendBanner] backendStatus: null type: object startupComplete: true @ http://localhost:5173/src/pages/ConversationPanel.tsx?t=1785126586241:704
[   21880ms] [LOG] [BackendBanner] backendStatus: null type: object startupComplete: true @ http://localhost:5173/src/pages/ConversationPanel.tsx?t=1785126586241:704
[   21881ms] [LOG] [BackendBanner] backendStatus: null type: object startupComplete: true @ http://localhost:5173/src/pages/ConversationPanel.tsx?t=1785126586241:704
[   21897ms] [LOG] [BackendBanner] backendStatus: null type: object startupComplete: true @ http://localhost:5173/src/pages/ConversationPanel.tsx?t=1785126586241:704
[   21897ms] [LOG] [BackendBanner] backendStatus: null type: object startupComplete: true @ http://localhost:5173/src/pages/ConversationPanel.tsx?t=1785126586241:704
[   21913ms] [LOG] [BackendBanner] backendStatus: null type: object startupComplete: true @ http://localhost:5173/src/pages/ConversationPanel.tsx?t=1785126586241:704
[   21914ms] [LOG] [BackendBanner] backendStatus: null type: object startupComplete: true @ http://localhost:5173/src/pages/ConversationPanel.tsx?t=1785126586241:704
[   21930ms] [LOG] [BackendBanner] backendStatus: null type: object startupComplete: true @ http://localhost:5173/src/pages/ConversationPanel.tsx?t=1785126586241:704
[   21930ms] [LOG] [BackendBanner] backendStatus: null type: object startupComplete: true @ http://localhost:5173/src/pages/ConversationPanel.tsx?t=1785126586241:704
[   21946ms] [LOG] [BackendBanner] backendStatus: null type: object startupComplete: true @ http://localhost:5173/src/pages/ConversationPanel.tsx?t=1785126586241:704
[   21947ms] [LOG] [BackendBanner] backendStatus: null type: object startupComplete: true @ http://localhost:5173/src/pages/ConversationPanel.tsx?t=1785126586241:704
[   21963ms] [LOG] [BackendBanner] backendStatus: null type: object startupComplete: true @ http://localhost:5173/src/pages/ConversationPanel.tsx?t=1785126586241:704
[   21963ms] [LOG] [BackendBanner] backendStatus: null type: object startupComplete: true @ http://localhost:5173/src/pages/ConversationPanel.tsx?t=1785126586241:704
[   21980ms] [LOG] [BackendBanner] backendStatus: null type: object startupComplete: true @ http://localhost:5173/src/pages/ConversationPanel.tsx?t=1785126586241:704
[   21980ms] [LOG] [BackendBanner] backendStatus: null type: object startupComplete: true @ http://localhost:5173/src/pages/ConversationPanel.tsx?t=1785126586241:704
[   21996ms] [LOG] [BackendBanner] backendStatus: null type: object startupComplete: true @ http://localhost:5173/src/pages/ConversationPanel.tsx?t=1785126586241:704
[   21997ms] [LOG] [BackendBanner] backendStatus: null type: object startupComplete: true @ http://localhost:5173/src/pages/ConversationPanel.tsx?t=1785126586241:704
[   22013ms] [LOG] [BackendBanner] backendStatus: null type: object startupComplete: true @ http://localhost:5173/src/pages/ConversationPanel.tsx?t=1785126586241:704
[   22013ms] [LOG] [BackendBanner] backendStatus: null type: object startupComplete: true @ http://localhost:5173/src/pages/ConversationPanel.tsx?t=1785126586241:704
[   22030ms] [LOG] [BackendBanner] backendStatus: null type: object startupComplete: true @ http://localhost:5173/src/pages/ConversationPanel.tsx?t=1785126586241:704
[   22031ms] [LOG] [BackendBanner] backendStatus: null type: object startupComplete: true @ http://localhost:5173/src/pages/ConversationPanel.tsx?t=1785126586241:704
[   22047ms] [LOG] [BackendBanner] backendStatus: null type: object startupComplete: true @ http://localhost:5173/src/pages/ConversationPanel.tsx?t=1785126586241:704
[   22047ms] [LOG] [BackendBanner] backendStatus: null type: object startupComplete: true @ http://localhost:5173/src/pages/ConversationPanel.tsx?t=1785126586241:704
[   22063ms] [LOG] [BackendBanner] backendStatus: null type: object startupComplete: true @ http://localhost:5173/src/pages/ConversationPanel.tsx?t=1785126586241:704
[   22063ms] [LOG] [BackendBanner] backendStatus: null type: object startupComplete: true @ http://localhost:5173/src/pages/ConversationPanel.tsx?t=1785126586241:704
[   22080ms] [LOG] [BackendBanner] backendStatus: null type: object startupComplete: true @ http://localhost:5173/src/pages/ConversationPanel.tsx?t=1785126586241:704
[   22080ms] [LOG] [BackendBanner] backendStatus: null type: object startupComplete: true @ http://localhost:5173/src/pages/ConversationPanel.tsx?t=1785126586241:704
[   22097ms] [LOG] [BackendBanner] backendStatus: null type: object startupComplete: true @ http://localhost:5173/src/pages/ConversationPanel.tsx?t=1785126586241:704
[   22097ms] [LOG] [BackendBanner] backendStatus: null type: object startupComplete: true @ http://localhost:5173/src/pages/ConversationPanel.tsx?t=1785126586241:704
[   22114ms] [LOG] [BackendBanner] backendStatus: null type: object startupComplete: true @ http://localhost:5173/src/pages/ConversationPanel.tsx?t=1785126586241:704
[   22114ms] [LOG] [BackendBanner] backendStatus: null type: object startupComplete: true @ http://localhost:5173/src/pages/ConversationPanel.tsx?t=1785126586241:704
[   22135ms] [LOG] [BackendBanner] backendStatus: null type: object startupComplete: true @ http://localhost:5173/src/pages/ConversationPanel.tsx?t=1785126586241:704
[   22135ms] [LOG] [BackendBanner] backendStatus: null type: object startupComplete: true @ http://localhost:5173/src/pages/ConversationPanel.tsx?t=1785126586241:704
[   22147ms] [LOG] [BackendBanner] backendStatus: null type: object startupComplete: true @ http://localhost:5173/src/pages/ConversationPanel.tsx?t=1785126586241:704
[   22147ms] [LOG] [BackendBanner] backendStatus: null type: object startupComplete: true @ http://localhost:5173/src/pages/ConversationPanel.tsx?t=1785126586241:704
[   22163ms] [LOG] [BackendBanner] backendStatus: null type: object startupComplete: true @ http://localhost:5173/src/pages/ConversationPanel.tsx?t=1785126586241:704
[   22163ms] [LOG] [BackendBanner] backendStatus: null type: object startupComplete: true @ http://localhost:5173/src/pages/ConversationPanel.tsx?t=1785126586241:704
[   22181ms] [LOG] [BackendBanner] backendStatus: null type: object startupComplete: true @ http://localhost:5173/src/pages/ConversationPanel.tsx?t=1785126586241:704
[   22181ms] [LOG] [BackendBanner] backendStatus: null type: object startupComplete: true @ http://localhost:5173/src/pages/ConversationPanel.tsx?t=1785126586241:704
[   22197ms] [LOG] [BackendBanner] backendStatus: null type: object startupComplete: true @ http://localhost:5173/src/pages/ConversationPanel.tsx?t=1785126586241:704
[   22197ms] [LOG] [BackendBanner] backendStatus: null type: object startupComplete: true @ http://localhost:5173/src/pages/ConversationPanel.tsx?t=1785126586241:704
[   22213ms] [LOG] [BackendBanner] backendStatus: null type: object startupComplete: true @ http://localhost:5173/src/pages/ConversationPanel.tsx?t=1785126586241:704
[   22214ms] [LOG] [BackendBanner] backendStatus: null type: object startupComplete: true @ http://localhost:5173/src/pages/ConversationPanel.tsx?t=1785126586241:704
[   22230ms] [LOG] [BackendBanner] backendStatus: null type: object startupComplete: true @ http://localhost:5173/src/pages/ConversationPanel.tsx?t=1785126586241:704
[   22230ms] [LOG] [BackendBanner] backendStatus: null type: object startupComplete: true @ http://localhost:5173/src/pages/ConversationPanel.tsx?t=1785126586241:704
[   22247ms] [LOG] [BackendBanner] backendStatus: null type: object startupComplete: true @ http://localhost:5173/src/pages/ConversationPanel.tsx?t=1785126586241:704
[   22247ms] [LOG] [BackendBanner] backendStatus: null type: object startupComplete: true @ http://localhost:5173/src/pages/ConversationPanel.tsx?t=1785126586241:704
[   22264ms] [LOG] [BackendBanner] backendStatus: null type: object startupComplete: true @ http://localhost:5173/src/pages/ConversationPanel.tsx?t=1785126586241:704
[   22264ms] [LOG] [BackendBanner] backendStatus: null type: object startupComplete: true @ http://localhost:5173/src/pages/ConversationPanel.tsx?t=1785126586241:704
[   22280ms] [LOG] [BackendBanner] backendStatus: null type: object startupComplete: true @ http://localhost:5173/src/pages/ConversationPanel.tsx?t=1785126586241:704
[   22281ms] [LOG] [BackendBanner] backendStatus: null type: object startupComplete: true @ http://localhost:5173/src/pages/ConversationPanel.tsx?t=1785126586241:704
[   22297ms] [LOG] [BackendBanner] backendStatus: null type: object startupComplete: true @ http://localhost:5173/src/pages/ConversationPanel.tsx?t=1785126586241:704
[   22297ms] [LOG] [BackendBanner] backendStatus: null type: object startupComplete: true @ http://localhost:5173/src/pages/ConversationPanel.tsx?t=1785126586241:704
[   22314ms] [LOG] [BackendBanner] backendStatus: null type: object startupComplete: true @ http://localhost:5173/src/pages/ConversationPanel.tsx?t=1785126586241:704
[   22314ms] [LOG] [BackendBanner] backendStatus: null type: object startupComplete: true @ http://localhost:5173/src/pages/ConversationPanel.tsx?t=1785126586241:704
[   22330ms] [LOG] [BackendBanner] backendStatus: null type: object startupComplete: true @ http://localhost:5173/src/pages/ConversationPanel.tsx?t=1785126586241:704
[   22330ms] [LOG] [BackendBanner] backendStatus: null type: object startupComplete: true @ http://localhost:5173/src/pages/ConversationPanel.tsx?t=1785126586241:704
[   22348ms] [LOG] [BackendBanner] backendStatus: null type: object startupComplete: true @ http://localhost:5173/src/pages/ConversationPanel.tsx?t=1785126586241:704
[   22348ms] [LOG] [BackendBanner] backendStatus: null type: object startupComplete: true @ http://localhost:5173/src/pages/ConversationPanel.tsx?t=1785126586241:704
[   22364ms] [LOG] [BackendBanner] backendStatus: null type: object startupComplete: true @ http://localhost:5173/src/pages/ConversationPanel.tsx?t=1785126586241:704
[   22364ms] [LOG] [BackendBanner] backendStatus: null type: object startupComplete: true @ http://localhost:5173/src/pages/ConversationPanel.tsx?t=1785126586241:704
[   22380ms] [LOG] [BackendBanner] backendStatus: null type: object startupComplete: true @ http://localhost:5173/src/pages/ConversationPanel.tsx?t=1785126586241:704
[   22380ms] [LOG] [BackendBanner] backendStatus: null type: object startupComplete: true @ http://localhost:5173/src/pages/ConversationPanel.tsx?t=1785126586241:704
[   22397ms] [LOG] [BackendBanner] backendStatus: null type: object startupComplete: true @ http://localhost:5173/src/pages/ConversationPanel.tsx?t=1785126586241:704
[   22397ms] [LOG] [BackendBanner] backendStatus: null type: object startupComplete: true @ http://localhost:5173/src/pages/ConversationPanel.tsx?t=1785126586241:704
[   22833ms] [INFO] %cDownload the React DevTools for a better development experience: https://reactjs.org/link/react-devtools font-weight:bold @ http://localhost:5173/node_modules/.vite/deps/chunk-2EG2ZD3U.js?v=6057410a:21550
[   23326ms] [WARNING] [DEPRECATED] Default export is deprecated. Instead use `import { create } from 'zustand'`. @ http://localhost:5173/node_modules/.vite/deps/zustand.js?v=6057410a:233
[   26596ms] [LOG] [BackendBanner] backendStatus: null type: object startupComplete: false @ http://localhost:5173/src/pages/ConversationPanel.tsx?t=1785126586241:704
[   26597ms] [LOG] [BackendBanner] backendStatus: null type: object startupComplete: false @ http://localhost:5173/src/pages/ConversationPanel.tsx?t=1785126586241:704
[   26618ms] [LOG] [Frontend] Health check attempt 0 @ http://localhost:5173/src/pages/ConversationPanel.tsx?t=1785126586241:151
[   26621ms] [LOG] [Frontend] Health check attempt 0 @ http://localhost:5173/src/pages/ConversationPanel.tsx?t=1785126586241:151
[   26622ms] [LOG] [Frontend] Health response: null @ http://localhost:5173/src/pages/ConversationPanel.tsx?t=1785126586241:153
[   26622ms] [LOG] [Frontend] Health response: null @ http://localhost:5173/src/pages/ConversationPanel.tsx?t=1785126586241:153
[   26673ms] [LOG] [BackendBanner] backendStatus: null type: object startupComplete: false @ http://localhost:5173/src/pages/ConversationPanel.tsx?t=1785126586241:704
[   26674ms] [LOG] [BackendBanner] backendStatus: null type: object startupComplete: false @ http://localhost:5173/src/pages/ConversationPanel.tsx?t=1785126586241:704
[   26750ms] [LOG] [BackendBanner] backendStatus: null type: object startupComplete: false @ http://localhost:5173/src/pages/ConversationPanel.tsx?t=1785126586241:704
[   26752ms] [LOG] [BackendBanner] backendStatus: null type: object startupComplete: false @ http://localhost:5173/src/pages/ConversationPanel.tsx?t=1785126586241:704
[   26766ms] [LOG] [BackendBanner] backendStatus: null type: object startupComplete: false @ http://localhost:5173/src/pages/ConversationPanel.tsx?t=1785126586241:704
[   26766ms] [LOG] [BackendBanner] backendStatus: null type: object startupComplete: false @ http://localhost:5173/src/pages/ConversationPanel.tsx?t=1785126586241:704
[   26774ms] [LOG] [BackendBanner] backendStatus: null type: object startupComplete: false @ http://localhost:5173/src/pages/ConversationPanel.tsx?t=1785126586241:704
[   26774ms] [LOG] [BackendBanner] backendStatus: null type: object startupComplete: false @ http://localhost:5173/src/pages/ConversationPanel.tsx?t=1785126586241:704
[   26792ms] [LOG] [BackendBanner] backendStatus: null type: object startupComplete: false @ http://localhost:5173/src/pages/ConversationPanel.tsx?t=1785126586241:704
[   26793ms] [LOG] [BackendBanner] backendStatus: null type: object startupComplete: false @ http://localhost:5173/src/pages/ConversationPanel.tsx?t=1785126586241:704
[   26802ms] [LOG] [BackendBanner] backendStatus: null type: object startupComplete: false @ http://localhost:5173/src/pages/ConversationPanel.tsx?t=1785126586241:704
[   26803ms] [LOG] [BackendBanner] backendStatus: null type: object startupComplete: false @ http://localhost:5173/src/pages/ConversationPanel.tsx?t=1785126586241:704
[   26817ms] [LOG] [BackendBanner] backendStatus: null type: object startupComplete: false @ http://localhost:5173/src/pages/ConversationPanel.tsx?t=1785126586241:704
[   26817ms] [LOG] [BackendBanner] backendStatus: null type: object startupComplete: false @ http://localhost:5173/src/pages/ConversationPanel.tsx?t=1785126586241:704
[   26834ms] [LOG] [BackendBanner] backendStatus: null type: object startupComplete: false @ http://localhost:5173/src/pages/ConversationPanel.tsx?t=1785126586241:704
[   26834ms] [LOG] [BackendBanner] backendStatus: null type: object startupComplete: false @ http://localhost:5173/src/pages/ConversationPanel.tsx?t=1785126586241:704
[   26853ms] [LOG] [BackendBanner] backendStatus: null type: object startupComplete: false @ http://localhost:5173/src/pages/ConversationPanel.tsx?t=1785126586241:704
[   26854ms] [LOG] [BackendBanner] backendStatus: null type: object startupComplete: false @ http://localhost:5173/src/pages/ConversationPanel.tsx?t=1785126586241:704
[   26870ms] [LOG] [BackendBanner] backendStatus: null type: object startupComplete: false @ http://localhost:5173/src/pages/ConversationPanel.tsx?t=1785126586241:704
[   26870ms] [LOG] [BackendBanner] backendStatus: null type: object startupComplete: false @ http://localhost:5173/src/pages/ConversationPanel.tsx?t=1785126586241:704
[   26887ms] [LOG] [BackendBanner] backendStatus: null type: object startupComplete: false @ http://localhost:5173/src/pages/ConversationPanel.tsx?t=1785126586241:704
[   26888ms] [LOG] [BackendBanner] backendStatus: null type: object startupComplete: false @ http://localhost:5173/src/pages/ConversationPanel.tsx?t=1785126586241:704
[   26901ms] [LOG] [BackendBanner] backendStatus: null type: object startupComplete: false @ http://localhost:5173/src/pages/ConversationPanel.tsx?t=1785126586241:704
[   26902ms] [LOG] [BackendBanner] backendStatus: null type: object startupComplete: false @ http://localhost:5173/src/pages/ConversationPanel.tsx?t=1785126586241:704
[   26917ms] [LOG] [BackendBanner] backendStatus: null type: object startupComplete: false @ http://localhost:5173/src/pages/ConversationPanel.tsx?t=1785126586241:704
[   26917ms] [LOG] [BackendBanner] backendStatus: null type: object startupComplete: false @ http://localhost:5173/src/pages/ConversationPanel.tsx?t=1785126586241:704
[   26936ms] [LOG] [BackendBanner] backendStatus: null type: object startupComplete: false @ http://localhost:5173/src/pages/ConversationPanel.tsx?t=1785126586241:704
[   26936ms] [LOG] [BackendBanner] backendStatus: null type: object startupComplete: false @ http://localhost:5173/src/pages/ConversationPanel.tsx?t=1785126586241:704
[   26952ms] [LOG] [BackendBanner] backendStatus: null type: object startupComplete: false @ http://localhost:5173/src/pages/ConversationPanel.tsx?t=1785126586241:704
[   26952ms] [LOG] [BackendBanner] backendStatus: null type: object startupComplete: false @ http://localhost:5173/src/pages/ConversationPanel.tsx?t=1785126586241:704
[   26968ms] [LOG] [BackendBanner] backendStatus: null type: object startupComplete: false @ http://localhost:5173/src/pages/ConversationPanel.tsx?t=1785126586241:704
[   26969ms] [LOG] [BackendBanner] backendStatus: null type: object startupComplete: false @ http://localhost:5173/src/pages/ConversationPanel.tsx?t=1785126586241:704
[   26985ms] [LOG] [BackendBanner] backendStatus: null type: object startupComplete: false @ http://localhost:5173/src/pages/ConversationPanel.tsx?t=1785126586241:704
[   26985ms] [LOG] [BackendBanner] backendStatus: null type: object startupComplete: false @ http://localhost:5173/src/pages/ConversationPanel.tsx?t=1785126586241:704
[   27001ms] [LOG] [BackendBanner] backendStatus: null type: object startupComplete: false @ http://localhost:5173/src/pages/ConversationPanel.tsx?t=1785126586241:704
[   27001ms] [LOG] [BackendBanner] backendStatus: null type: object startupComplete: false @ http://localhost:5173/src/pages/ConversationPanel.tsx?t=1785126586241:704
[   27019ms] [LOG] [BackendBanner] backendStatus: null type: object startupComplete: false @ http://localhost:5173/src/pages/ConversationPanel.tsx?t=1785126586241:704
[   27019ms] [LOG] [BackendBanner] backendStatus: null type: object startupComplete: false @ http://localhost:5173/src/pages/ConversationPanel.tsx?t=1785126586241:704
[   27034ms] [LOG] [BackendBanner] backendStatus: null type: object startupComplete: false @ http://localhost:5173/src/pages/ConversationPanel.tsx?t=1785126586241:704
[   27034ms] [LOG] [BackendBanner] backendStatus: null type: object startupComplete: false @ http://localhost:5173/src/pages/ConversationPanel.tsx?t=1785126586241:704
[   27050ms] [LOG] [BackendBanner] backendStatus: null type: object startupComplete: false @ http://localhost:5173/src/pages/ConversationPanel.tsx?t=1785126586241:704
[   27050ms] [LOG] [BackendBanner] backendStatus: null type: object startupComplete: false @ http://localhost:5173/src/pages/ConversationPanel.tsx?t=1785126586241:704
[   27066ms] [LOG] [BackendBanner] backendStatus: null type: object startupComplete: false @ http://localhost:5173/src/pages/ConversationPanel.tsx?t=1785126586241:704
[   27067ms] [LOG] [BackendBanner] backendStatus: null type: object startupComplete: false @ http://localhost:5173/src/pages/ConversationPanel.tsx?t=1785126586241:704
[   27083ms] [LOG] [BackendBanner] backendStatus: null type: object startupComplete: false @ http://localhost:5173/src/pages/ConversationPanel.tsx?t=1785126586241:704
[   27084ms] [LOG] [BackendBanner] backendStatus: null type: object startupComplete: false @ http://localhost:5173/src/pages/ConversationPanel.tsx?t=1785126586241:704
[   27100ms] [LOG] [BackendBanner] backendStatus: null type: object startupComplete: false @ http://localhost:5173/src/pages/ConversationPanel.tsx?t=1785126586241:704
[   27100ms] [LOG] [BackendBanner] backendStatus: null type: object startupComplete: false @ http://localhost:5173/src/pages/ConversationPanel.tsx?t=1785126586241:704
[   27115ms] [LOG] [BackendBanner] backendStatus: null type: object startupComplete: false @ http://localhost:5173/src/pages/ConversationPanel.tsx?t=1785126586241:704
[   27116ms] [LOG] [BackendBanner] backendStatus: null type: object startupComplete: false @ http://localhost:5173/src/pages/ConversationPanel.tsx?t=1785126586241:704
[   27132ms] [LOG] [BackendBanner] backendStatus: null type: object startupComplete: false @ http://localhost:5173/src/pages/ConversationPanel.tsx?t=1785126586241:704
[   27132ms] [LOG] [BackendBanner] backendStatus: null type: object startupComplete: false @ http://localhost:5173/src/pages/ConversationPanel.tsx?t=1785126586241:704
[   27149ms] [LOG] [BackendBanner] backendStatus: null type: object startupComplete: false @ http://localhost:5173/src/pages/ConversationPanel.tsx?t=1785126586241:704
[   27149ms] [LOG] [BackendBanner] backendStatus: null type: object startupComplete: false @ http://localhost:5173/src/pages/ConversationPanel.tsx?t=1785126586241:704
[   27164ms] [LOG] [BackendBanner] backendStatus: null type: object startupComplete: false @ http://localhost:5173/src/pages/ConversationPanel.tsx?t=1785126586241:704
[   27164ms] [LOG] [BackendBanner] backendStatus: null type: object startupComplete: false @ http://localhost:5173/src/pages/ConversationPanel.tsx?t=1785126586241:704
[   27182ms] [LOG] [BackendBanner] backendStatus: null type: object startupComplete: false @ http://localhost:5173/src/pages/ConversationPanel.tsx?t=1785126586241:704
[   27182ms] [LOG] [BackendBanner] backendStatus: null type: object startupComplete: false @ http://localhost:5173/src/pages/ConversationPanel.tsx?t=1785126586241:704
[   27198ms] [LOG] [BackendBanner] backendStatus: null type: object startupComplete: false @ http://localhost:5173/src/pages/ConversationPanel.tsx?t=1785126586241:704
[   27198ms] [LOG] [BackendBanner] backendStatus: null type: object startupComplete: false @ http://localhost:5173/src/pages/ConversationPanel.tsx?t=1785126586241:704
[   27214ms] [LOG] [BackendBanner] backendStatus: null type: object startupComplete: false @ http://localhost:5173/src/pages/ConversationPanel.tsx?t=1785126586241:704
[   27214ms] [LOG] [BackendBanner] backendStatus: null type: object startupComplete: false @ http://localhost:5173/src/pages/ConversationPanel.tsx?t=1785126586241:704
[   27231ms] [LOG] [BackendBanner] backendStatus: null type: object startupComplete: false @ http://localhost:5173/src/pages/ConversationPanel.tsx?t=1785126586241:704
[   27231ms] [LOG] [BackendBanner] backendStatus: null type: object startupComplete: false @ http://localhost:5173/src/pages/ConversationPanel.tsx?t=1785126586241:704
[   27247ms] [LOG] [BackendBanner] backendStatus: null type: object startupComplete: false @ http://localhost:5173/src/pages/ConversationPanel.tsx?t=1785126586241:704
[   27247ms] [LOG] [BackendBanner] backendStatus: null type: object startupComplete: false @ http://localhost:5173/src/pages/ConversationPanel.tsx?t=1785126586241:704
[   27265ms] [LOG] [BackendBanner] backendStatus: null type: object startupComplete: false @ http://localhost:5173/src/pages/ConversationPanel.tsx?t=1785126586241:704
[   27265ms] [LOG] [BackendBanner] backendStatus: null type: object startupComplete: false @ http://localhost:5173/src/pages/ConversationPanel.tsx?t=1785126586241:704
[   27283ms] [LOG] [BackendBanner] backendStatus: null type: object startupComplete: false @ http://localhost:5173/src/pages/ConversationPanel.tsx?t=1785126586241:704
[   27283ms] [LOG] [BackendBanner] backendStatus: null type: object startupComplete: false @ http://localhost:5173/src/pages/ConversationPanel.tsx?t=1785126586241:704
[   27298ms] [LOG] [BackendBanner] backendStatus: null type: object startupComplete: false @ http://localhost:5173/src/pages/ConversationPanel.tsx?t=1785126586241:704
[   27298ms] [LOG] [BackendBanner] backendStatus: null type: object startupComplete: false @ http://localhost:5173/src/pages/ConversationPanel.tsx?t=1785126586241:704
[   27315ms] [LOG] [BackendBanner] backendStatus: null type: object startupComplete: false @ http://localhost:5173/src/pages/ConversationPanel.tsx?t=1785126586241:704
[   27316ms] [LOG] [BackendBanner] backendStatus: null type: object startupComplete: false @ http://localhost:5173/src/pages/ConversationPanel.tsx?t=1785126586241:704
[   27332ms] [LOG] [BackendBanner] backendStatus: null type: object startupComplete: false @ http://localhost:5173/src/pages/ConversationPanel.tsx?t=1785126586241:704
[   27333ms] [LOG] [BackendBanner] backendStatus: null type: object startupComplete: false @ http://localhost:5173/src/pages/ConversationPanel.tsx?t=1785126586241:704
[   27348ms] [LOG] [BackendBanner] backendStatus: null type: object startupComplete: false @ http://localhost:5173/src/pages/ConversationPanel.tsx?t=1785126586241:704
[   27348ms] [LOG] [BackendBanner] backendStatus: null type: object startupComplete: false @ http://localhost:5173/src/pages/ConversationPanel.tsx?t=1785126586241:704
[   27364ms] [LOG] [BackendBanner] backendStatus: null type: object startupComplete: false @ http://localhost:5173/src/pages/ConversationPanel.tsx?t=1785126586241:704
[   27365ms] [LOG] [BackendBanner] backendStatus: null type: object startupComplete: false @ http://localhost:5173/src/pages/ConversationPanel.tsx?t=1785126586241:704
[   27382ms] [LOG] [BackendBanner] backendStatus: null type: object startupComplete: false @ http://localhost:5173/src/pages/ConversationPanel.tsx?t=1785126586241:704
[   27383ms] [LOG] [BackendBanner] backendStatus: null type: object startupComplete: false @ http://localhost:5173/src/pages/ConversationPanel.tsx?t=1785126586241:704
[   27398ms] [LOG] [BackendBanner] backendStatus: null type: object startupComplete: false @ http://localhost:5173/src/pages/ConversationPanel.tsx?t=1785126586241:704
[   27398ms] [LOG] [BackendBanner] backendStatus: null type: object startupComplete: false @ http://localhost:5173/src/pages/ConversationPanel.tsx?t=1785126586241:704
[   27415ms] [LOG] [BackendBanner] backendStatus: null type: object startupComplete: false @ http://localhost:5173/src/pages/ConversationPanel.tsx?t=1785126586241:704
[   27415ms] [LOG] [BackendBanner] backendStatus: null type: object startupComplete: false @ http://localhost:5173/src/pages/ConversationPanel.tsx?t=1785126586241:704
[   27430ms] [LOG] [BackendBanner] backendStatus: null type: object startupComplete: false @ http://localhost:5173/src/pages/ConversationPanel.tsx?t=1785126586241:704
[   27431ms] [LOG] [BackendBanner] backendStatus: null type: object startupComplete: false @ http://localhost:5173/src/pages/ConversationPanel.tsx?t=1785126586241:704
[   27448ms] [LOG] [BackendBanner] backendStatus: null type: object startupComplete: false @ http://localhost:5173/src/pages/ConversationPanel.tsx?t=1785126586241:704
[   27448ms] [LOG] [BackendBanner] backendStatus: null type: object startupComplete: false @ http://localhost:5173/src/pages/ConversationPanel.tsx?t=1785126586241:704
[   27464ms] [LOG] [BackendBanner] backendStatus: null type: object startupComplete: false @ http://localhost:5173/src/pages/ConversationPanel.tsx?t=1785126586241:704
[   27464ms] [LOG] [BackendBanner] backendStatus: null type: object startupComplete: false @ http://localhost:5173/src/pages/ConversationPanel.tsx?t=1785126586241:704
[   27480ms] [LOG] [BackendBanner] backendStatus: null type: object startupComplete: false @ http://localhost:5173/src/pages/ConversationPanel.tsx?t=1785126586241:704
[   27481ms] [LOG] [BackendBanner] backendStatus: null type: object startupComplete: false @ http://localhost:5173/src/pages/ConversationPanel.tsx?t=1785126586241:704
[   27499ms] [LOG] [BackendBanner] backendStatus: null type: object startupComplete: false @ http://localhost:5173/src/pages/ConversationPanel.tsx?t=1785126586241:704
[   27499ms] [LOG] [BackendBanner] backendStatus: null type: object startupComplete: false @ http://localhost:5173/src/pages/ConversationPanel.tsx?t=1785126586241:704
[   27516ms] [LOG] [BackendBanner] backendStatus: null type: object startupComplete: false @ http://localhost:5173/src/pages/ConversationPanel.tsx?t=1785126586241:704
[   27517ms] [LOG] [BackendBanner] backendStatus: null type: object startupComplete: false @ http://localhost:5173/src/pages/ConversationPanel.tsx?t=1785126586241:704
[   27533ms] [LOG] [BackendBanner] backendStatus: null type: object startupComplete: false @ http://localhost:5173/src/pages/ConversationPanel.tsx?t=1785126586241:704
[   27533ms] [LOG] [BackendBanner] backendStatus: null type: object startupComplete: false @ http://localhost:5173/src/pages/ConversationPanel.tsx?t=1785126586241:704
[   27551ms] [LOG] [BackendBanner] backendStatus: null type: object startupComplete: false @ http://localhost:5173/src/pages/ConversationPanel.tsx?t=1785126586241:704
[   27551ms] [LOG] [BackendBanner] backendStatus: null type: object startupComplete: false @ http://localhost:5173/src/pages/ConversationPanel.tsx?t=1785126586241:704
[   27564ms] [LOG] [BackendBanner] backendStatus: null type: object startupComplete: false @ http://localhost:5173/src/pages/ConversationPanel.tsx?t=1785126586241:704
[   27564ms] [LOG] [BackendBanner] backendStatus: null type: object startupComplete: false @ http://localhost:5173/src/pages/ConversationPanel.tsx?t=1785126586241:704
[   27580ms] [LOG] [BackendBanner] backendStatus: null type: object startupComplete: false @ http://localhost:5173/src/pages/ConversationPanel.tsx?t=1785126586241:704
[   27580ms] [LOG] [BackendBanner] backendStatus: null type: object startupComplete: false @ http://localhost:5173/src/pages/ConversationPanel.tsx?t=1785126586241:704
[   27597ms] [LOG] [BackendBanner] backendStatus: null type: object startupComplete: false @ http://localhost:5173/src/pages/ConversationPanel.tsx?t=1785126586241:704
[   27598ms] [LOG] [BackendBanner] backendStatus: null type: object startupComplete: false @ http://localhost:5173/src/pages/ConversationPanel.tsx?t=1785126586241:704
[   27614ms] [LOG] [BackendBanner] backendStatus: null type: object startupComplete: false @ http://localhost:5173/src/pages/ConversationPanel.tsx?t=1785126586241:704
[   27614ms] [LOG] [BackendBanner] backendStatus: null type: object startupComplete: false @ http://localhost:5173/src/pages/ConversationPanel.tsx?t=1785126586241:704
[   27630ms] [LOG] [BackendBanner] backendStatus: null type: object startupComplete: false @ http://localhost:5173/src/pages/ConversationPanel.tsx?t=1785126586241:704
[   27631ms] [LOG] [BackendBanner] backendStatus: null type: object startupComplete: false @ http://localhost:5173/src/pages/ConversationPanel.tsx?t=1785126586241:704
[   27648ms] [LOG] [BackendBanner] backendStatus: null type: object startupComplete: false @ http://localhost:5173/src/pages/ConversationPanel.tsx?t=1785126586241:704
[   27648ms] [LOG] [BackendBanner] backendStatus: null type: object startupComplete: false @ http://localhost:5173/src/pages/ConversationPanel.tsx?t=1785126586241:704
[   27664ms] [LOG] [BackendBanner] backendStatus: null type: object startupComplete: false @ http://localhost:5173/src/pages/ConversationPanel.tsx?t=1785126586241:704
[   27665ms] [LOG] [BackendBanner] backendStatus: null type: object startupComplete: false @ http://localhost:5173/src/pages/ConversationPanel.tsx?t=1785126586241:704
[   27681ms] [LOG] [BackendBanner] backendStatus: null type: object startupComplete: false @ http://localhost:5173/src/pages/ConversationPanel.tsx?t=1785126586241:704
[   27681ms] [LOG] [BackendBanner] backendStatus: null type: object startupComplete: false @ http://localhost:5173/src/pages/ConversationPanel.tsx?t=1785126586241:704
[   27698ms] [LOG] [BackendBanner] backendStatus: null type: object startupComplete: false @ http://localhost:5173/src/pages/ConversationPanel.tsx?t=1785126586241:704
[   27698ms] [LOG] [BackendBanner] backendStatus: null type: object startupComplete: false @ http://localhost:5173/src/pages/ConversationPanel.tsx?t=1785126586241:704
[   27714ms] [LOG] [BackendBanner] backendStatus: null type: object startupComplete: false @ http://localhost:5173/src/pages/ConversationPanel.tsx?t=1785126586241:704
[   27714ms] [LOG] [BackendBanner] backendStatus: null type: object startupComplete: false @ http://localhost:5173/src/pages/ConversationPanel.tsx?t=1785126586241:704
[   27732ms] [LOG] [BackendBanner] backendStatus: null type: object startupComplete: false @ http://localhost:5173/src/pages/ConversationPanel.tsx?t=1785126586241:704
[   27733ms] [LOG] [BackendBanner] backendStatus: null type: object startupComplete: false @ http://localhost:5173/src/pages/ConversationPanel.tsx?t=1785126586241:704
[   27747ms] [LOG] [BackendBanner] backendStatus: null type: object startupComplete: false @ http://localhost:5173/src/pages/ConversationPanel.tsx?t=1785126586241:704
[   27747ms] [LOG] [BackendBanner] backendStatus: null type: object startupComplete: false @ http://localhost:5173/src/pages/ConversationPanel.tsx?t=1785126586241:704
[   27764ms] [LOG] [BackendBanner] backendStatus: null type: object startupComplete: false @ http://localhost:5173/src/pages/ConversationPanel.tsx?t=1785126586241:704
[   27765ms] [LOG] [BackendBanner] backendStatus: null type: object startupComplete: false @ http://localhost:5173/src/pages/ConversationPanel.tsx?t=1785126586241:704
[   27780ms] [LOG] [BackendBanner] backendStatus: null type: object startupComplete: false @ http://localhost:5173/src/pages/ConversationPanel.tsx?t=1785126586241:704
[   27781ms] [LOG] [BackendBanner] backendStatus: null type: object startupComplete: false @ http://localhost:5173/src/pages/ConversationPanel.tsx?t=1785126586241:704
[   27797ms] [LOG] [BackendBanner] backendStatus: null type: object startupComplete: false @ http://localhost:5173/src/pages/ConversationPanel.tsx?t=1785126586241:704
[   27798ms] [LOG] [BackendBanner] backendStatus: null type: object startupComplete: false @ http://localhost:5173/src/pages/ConversationPanel.tsx?t=1785126586241:704
[   27814ms] [LOG] [BackendBanner] backendStatus: null type: object startupComplete: false @ http://localhost:5173/src/pages/ConversationPanel.tsx?t=1785126586241:704
[   27814ms] [LOG] [BackendBanner] backendStatus: null type: object startupComplete: false @ http://localhost:5173/src/pages/ConversationPanel.tsx?t=1785126586241:704
[   27831ms] [LOG] [BackendBanner] backendStatus: null type: object startupComplete: false @ http://localhost:5173/src/pages/ConversationPanel.tsx?t=1785126586241:704
[   27831ms] [LOG] [BackendBanner] backendStatus: null type: object startupComplete: false @ http://localhost:5173/src/pages/ConversationPanel.tsx?t=1785126586241:704
[   27847ms] [LOG] [BackendBanner] backendStatus: null type: object startupComplete: false @ http://localhost:5173/src/pages/ConversationPanel.tsx?t=1785126586241:704
[   27848ms] [LOG] [BackendBanner] backendStatus: null type: object startupComplete: false @ http://localhost:5173/src/pages/ConversationPanel.tsx?t=1785126586241:704
[   27866ms] [LOG] [BackendBanner] backendStatus: null type: object startupComplete: false @ http://localhost:5173/src/pages/ConversationPanel.tsx?t=1785126586241:704
[   27866ms] [LOG] [BackendBanner] backendStatus: null type: object startupComplete: false @ http://localhost:5173/src/pages/ConversationPanel.tsx?t=1785126586241:704
[   27881ms] [LOG] [BackendBanner] backendStatus: null type: object startupComplete: false @ http://localhost:5173/src/pages/ConversationPanel.tsx?t=1785126586241:704
[   27881ms] [LOG] [BackendBanner] backendStatus: null type: object startupComplete: false @ http://localhost:5173/src/pages/ConversationPanel.tsx?t=1785126586241:704
[   27897ms] [LOG] [BackendBanner] backendStatus: null type: object startupComplete: false @ http://localhost:5173/src/pages/ConversationPanel.tsx?t=1785126586241:704
[   27897ms] [LOG] [BackendBanner] backendStatus: null type: object startupComplete: false @ http://localhost:5173/src/pages/ConversationPanel.tsx?t=1785126586241:704
[   27914ms] [LOG] [BackendBanner] backendStatus: null type: object startupComplete: false @ http://localhost:5173/src/pages/ConversationPanel.tsx?t=1785126586241:704
[   27914ms] [LOG] [BackendBanner] backendStatus: null type: object startupComplete: false @ http://localhost:5173/src/pages/ConversationPanel.tsx?t=1785126586241:704
[   27930ms] [LOG] [BackendBanner] backendStatus: null type: object startupComplete: false @ http://localhost:5173/src/pages/ConversationPanel.tsx?t=1785126586241:704
[   27931ms] [LOG] [BackendBanner] backendStatus: null type: object startupComplete: false @ http://localhost:5173/src/pages/ConversationPanel.tsx?t=1785126586241:704
[   27948ms] [LOG] [BackendBanner] backendStatus: null type: object startupComplete: false @ http://localhost:5173/src/pages/ConversationPanel.tsx?t=1785126586241:704
[   27948ms] [LOG] [BackendBanner] backendStatus: null type: object startupComplete: false @ http://localhost:5173/src/pages/ConversationPanel.tsx?t=1785126586241:704
[   27964ms] [LOG] [BackendBanner] backendStatus: null type: object startupComplete: false @ http://localhost:5173/src/pages/ConversationPanel.tsx?t=1785126586241:704
[   27965ms] [LOG] [BackendBanner] backendStatus: null type: object startupComplete: false @ http://localhost:5173/src/pages/ConversationPanel.tsx?t=1785126586241:704
[   27981ms] [LOG] [BackendBanner] backendStatus: null type: object startupComplete: false @ http://localhost:5173/src/pages/ConversationPanel.tsx?t=1785126586241:704
[   27981ms] [LOG] [BackendBanner] backendStatus: null type: object startupComplete: false @ http://localhost:5173/src/pages/ConversationPanel.tsx?t=1785126586241:704
[   27997ms] [LOG] [BackendBanner] backendStatus: null type: object startupComplete: false @ http://localhost:5173/src/pages/ConversationPanel.tsx?t=1785126586241:704
[   27998ms] [LOG] [BackendBanner] backendStatus: null type: object startupComplete: false @ http://localhost:5173/src/pages/ConversationPanel.tsx?t=1785126586241:704
[   28014ms] [LOG] [BackendBanner] backendStatus: null type: object startupComplete: false @ http://localhost:5173/src/pages/ConversationPanel.tsx?t=1785126586241:704
[   28015ms] [LOG] [BackendBanner] backendStatus: null type: object startupComplete: false @ http://localhost:5173/src/pages/ConversationPanel.tsx?t=1785126586241:704
[   28039ms] [LOG] [BackendBanner] backendStatus: null type: object startupComplete: false @ http://localhost:5173/src/pages/ConversationPanel.tsx?t=1785126586241:704
[   28041ms] [LOG] [BackendBanner] backendStatus: null type: object startupComplete: false @ http://localhost:5173/src/pages/ConversationPanel.tsx?t=1785126586241:704
[   28057ms] [LOG] [BackendBanner] backendStatus: null type: object startupComplete: false @ http://localhost:5173/src/pages/ConversationPanel.tsx?t=1785126586241:704
[   28057ms] [LOG] [BackendBanner] backendStatus: null type: object startupComplete: false @ http://localhost:5173/src/pages/ConversationPanel.tsx?t=1785126586241:704
[   28063ms] [LOG] [BackendBanner] backendStatus: null type: object startupComplete: false @ http://localhost:5173/src/pages/ConversationPanel.tsx?t=1785126586241:704
[   28064ms] [LOG] [BackendBanner] backendStatus: null type: object startupComplete: false @ http://localhost:5173/src/pages/ConversationPanel.tsx?t=1785126586241:704
[   28081ms] [LOG] [BackendBanner] backendStatus: null type: object startupComplete: false @ http://localhost:5173/src/pages/ConversationPanel.tsx?t=1785126586241:704
[   28081ms] [LOG] [BackendBanner] backendStatus: null type: object startupComplete: false @ http://localhost:5173/src/pages/ConversationPanel.tsx?t=1785126586241:704
[   28098ms] [LOG] [BackendBanner] backendStatus: null type: object startupComplete: false @ http://localhost:5173/src/pages/ConversationPanel.tsx?t=1785126586241:704
[   28098ms] [LOG] [BackendBanner] backendStatus: null type: object startupComplete: false @ http://localhost:5173/src/pages/ConversationPanel.tsx?t=1785126586241:704
[   28113ms] [LOG] [BackendBanner] backendStatus: null type: object startupComplete: false @ http://localhost:5173/src/pages/ConversationPanel.tsx?t=1785126586241:704
[   28114ms] [LOG] [BackendBanner] backendStatus: null type: object startupComplete: false @ http://localhost:5173/src/pages/ConversationPanel.tsx?t=1785126586241:704
[   28130ms] [LOG] [BackendBanner] backendStatus: null type: object startupComplete: false @ http://localhost:5173/src/pages/ConversationPanel.tsx?t=1785126586241:704
[   28130ms] [LOG] [BackendBanner] backendStatus: null type: object startupComplete: false @ http://localhost:5173/src/pages/ConversationPanel.tsx?t=1785126586241:704
[   28147ms] [LOG] [BackendBanner] backendStatus: null type: object startupComplete: false @ http://localhost:5173/src/pages/ConversationPanel.tsx?t=1785126586241:704
[   28148ms] [LOG] [BackendBanner] backendStatus: null type: object startupComplete: false @ http://localhost:5173/src/pages/ConversationPanel.tsx?t=1785126586241:704
[   28165ms] [LOG] [BackendBanner] backendStatus: null type: object startupComplete: false @ http://localhost:5173/src/pages/ConversationPanel.tsx?t=1785126586241:704
[   28165ms] [LOG] [BackendBanner] backendStatus: null type: object startupComplete: false @ http://localhost:5173/src/pages/ConversationPanel.tsx?t=1785126586241:704
[   28182ms] [LOG] [BackendBanner] backendStatus: null type: object startupComplete: false @ http://localhost:5173/src/pages/ConversationPanel.tsx?t=1785126586241:704
[   28182ms] [LOG] [BackendBanner] backendStatus: null type: object startupComplete: false @ http://localhost:5173/src/pages/ConversationPanel.tsx?t=1785126586241:704
[   28198ms] [LOG] [BackendBanner] backendStatus: null type: object startupComplete: false @ http://localhost:5173/src/pages/ConversationPanel.tsx?t=1785126586241:704
[   28198ms] [LOG] [BackendBanner] backendStatus: null type: object startupComplete: false @ http://localhost:5173/src/pages/ConversationPanel.tsx?t=1785126586241:704
[   28215ms] [LOG] [BackendBanner] backendStatus: null type: object startupComplete: false @ http://localhost:5173/src/pages/ConversationPanel.tsx?t=1785126586241:704
[   28216ms] [LOG] [BackendBanner] backendStatus: null type: object startupComplete: false @ http://localhost:5173/src/pages/ConversationPanel.tsx?t=1785126586241:704
[   28233ms] [LOG] [BackendBanner] backendStatus: null type: object startupComplete: false @ http://localhost:5173/src/pages/ConversationPanel.tsx?t=1785126586241:704
[   28233ms] [LOG] [BackendBanner] backendStatus: null type: object startupComplete: false @ http://localhost:5173/src/pages/ConversationPanel.tsx?t=1785126586241:704
[   28250ms] [LOG] [BackendBanner] backendStatus: null type: object startupComplete: false @ http://localhost:5173/src/pages/ConversationPanel.tsx?t=1785126586241:704
[   28250ms] [LOG] [BackendBanner] backendStatus: null type: object startupComplete: false @ http://localhost:5173/src/pages/ConversationPanel.tsx?t=1785126586241:704
[   28266ms] [LOG] [BackendBanner] backendStatus: null type: object startupComplete: false @ http://localhost:5173/src/pages/ConversationPanel.tsx?t=1785126586241:704
[   28266ms] [LOG] [BackendBanner] backendStatus: null type: object startupComplete: false @ http://localhost:5173/src/pages/ConversationPanel.tsx?t=1785126586241:704
[   28284ms] [LOG] [BackendBanner] backendStatus: null type: object startupComplete: false @ http://localhost:5173/src/pages/ConversationPanel.tsx?t=1785126586241:704
[   28284ms] [LOG] [BackendBanner] backendStatus: null type: object startupComplete: false @ http://localhost:5173/src/pages/ConversationPanel.tsx?t=1785126586241:704
[   28298ms] [LOG] [BackendBanner] backendStatus: null type: object startupComplete: false @ http://localhost:5173/src/pages/ConversationPanel.tsx?t=1785126586241:704
[   28299ms] [LOG] [BackendBanner] backendStatus: null type: object startupComplete: false @ http://localhost:5173/src/pages/ConversationPanel.tsx?t=1785126586241:704
[   28314ms] [LOG] [BackendBanner] backendStatus: null type: object startupComplete: false @ http://localhost:5173/src/pages/ConversationPanel.tsx?t=1785126586241:704
[   28314ms] [LOG] [BackendBanner] backendStatus: null type: object startupComplete: false @ http://localhost:5173/src/pages/ConversationPanel.tsx?t=1785126586241:704
[   28331ms] [LOG] [BackendBanner] backendStatus: null type: object startupComplete: false @ http://localhost:5173/src/pages/ConversationPanel.tsx?t=1785126586241:704
[   28331ms] [LOG] [BackendBanner] backendStatus: null type: object startupComplete: false @ http://localhost:5173/src/pages/ConversationPanel.tsx?t=1785126586241:704
[   28348ms] [LOG] [BackendBanner] backendStatus: null type: object startupComplete: false @ http://localhost:5173/src/pages/ConversationPanel.tsx?t=1785126586241:704
[   28348ms] [LOG] [BackendBanner] backendStatus: null type: object startupComplete: false @ http://localhost:5173/src/pages/ConversationPanel.tsx?t=1785126586241:704
[   28368ms] [LOG] [BackendBanner] backendStatus: null type: object startupComplete: false @ http://localhost:5173/src/pages/ConversationPanel.tsx?t=1785126586241:704
[   28369ms] [LOG] [BackendBanner] backendStatus: null type: object startupComplete: false @ http://localhost:5173/src/pages/ConversationPanel.tsx?t=1785126586241:704
[   28381ms] [LOG] [BackendBanner] backendStatus: null type: object startupComplete: false @ http://localhost:5173/src/pages/ConversationPanel.tsx?t=1785126586241:704
[   28381ms] [LOG] [BackendBanner] backendStatus: null type: object startupComplete: false @ http://localhost:5173/src/pages/ConversationPanel.tsx?t=1785126586241:704
[   28398ms] [LOG] [BackendBanner] backendStatus: null type: object startupComplete: false @ http://localhost:5173/src/pages/ConversationPanel.tsx?t=1785126586241:704
[   28398ms] [LOG] [BackendBanner] backendStatus: null type: object startupComplete: false @ http://localhost:5173/src/pages/ConversationPanel.tsx?t=1785126586241:704
[   28416ms] [LOG] [BackendBanner] backendStatus: null type: object startupComplete: false @ http://localhost:5173/src/pages/ConversationPanel.tsx?t=1785126586241:704
[   28416ms] [LOG] [BackendBanner] backendStatus: null type: object startupComplete: false @ http://localhost:5173/src/pages/ConversationPanel.tsx?t=1785126586241:704
[   28432ms] [LOG] [BackendBanner] backendStatus: null type: object startupComplete: false @ http://localhost:5173/src/pages/ConversationPanel.tsx?t=1785126586241:704
[   28432ms] [LOG] [BackendBanner] backendStatus: null type: object startupComplete: false @ http://localhost:5173/src/pages/ConversationPanel.tsx?t=1785126586241:704
[   28447ms] [LOG] [BackendBanner] backendStatus: null type: object startupComplete: false @ http://localhost:5173/src/pages/ConversationPanel.tsx?t=1785126586241:704
[   28448ms] [LOG] [BackendBanner] backendStatus: null type: object startupComplete: false @ http://localhost:5173/src/pages/ConversationPanel.tsx?t=1785126586241:704
[   28464ms] [LOG] [BackendBanner] backendStatus: null type: object startupComplete: false @ http://localhost:5173/src/pages/ConversationPanel.tsx?t=1785126586241:704
[   28464ms] [LOG] [BackendBanner] backendStatus: null type: object startupComplete: false @ http://localhost:5173/src/pages/ConversationPanel.tsx?t=1785126586241:704
[   28480ms] [LOG] [BackendBanner] backendStatus: null type: object startupComplete: false @ http://localhost:5173/src/pages/ConversationPanel.tsx?t=1785126586241:704
[   28481ms] [LOG] [BackendBanner] backendStatus: null type: object startupComplete: false @ http://localhost:5173/src/pages/ConversationPanel.tsx?t=1785126586241:704
[   28497ms] [LOG] [BackendBanner] backendStatus: null type: object startupComplete: false @ http://localhost:5173/src/pages/ConversationPanel.tsx?t=1785126586241:704
[   28498ms] [LOG] [BackendBanner] backendStatus: null type: object startupComplete: false @ http://localhost:5173/src/pages/ConversationPanel.tsx?t=1785126586241:704
[   28513ms] [LOG] [BackendBanner] backendStatus: null type: object startupComplete: false @ http://localhost:5173/src/pages/ConversationPanel.tsx?t=1785126586241:704
[   28514ms] [LOG] [BackendBanner] backendStatus: null type: object startupComplete: false @ http://localhost:5173/src/pages/ConversationPanel.tsx?t=1785126586241:704
[   28530ms] [LOG] [BackendBanner] backendStatus: null type: object startupComplete: false @ http://localhost:5173/src/pages/ConversationPanel.tsx?t=1785126586241:704
[   28530ms] [LOG] [BackendBanner] backendStatus: null type: object startupComplete: false @ http://localhost:5173/src/pages/ConversationPanel.tsx?t=1785126586241:704
[   28547ms] [LOG] [BackendBanner] backendStatus: null type: object startupComplete: false @ http://localhost:5173/src/pages/ConversationPanel.tsx?t=1785126586241:704
[   28547ms] [LOG] [BackendBanner] backendStatus: null type: object startupComplete: false @ http://localhost:5173/src/pages/ConversationPanel.tsx?t=1785126586241:704
[   28564ms] [LOG] [BackendBanner] backendStatus: null type: object startupComplete: false @ http://localhost:5173/src/pages/ConversationPanel.tsx?t=1785126586241:704
[   28564ms] [LOG] [BackendBanner] backendStatus: null type: object startupComplete: false @ http://localhost:5173/src/pages/ConversationPanel.tsx?t=1785126586241:704
[   28582ms] [LOG] [BackendBanner] backendStatus: null type: object startupComplete: false @ http://localhost:5173/src/pages/ConversationPanel.tsx?t=1785126586241:704
[   28582ms] [LOG] [BackendBanner] backendStatus: null type: object startupComplete: false @ http://localhost:5173/src/pages/ConversationPanel.tsx?t=1785126586241:704
[   28602ms] [LOG] [BackendBanner] backendStatus: null type: object startupComplete: false @ http://localhost:5173/src/pages/ConversationPanel.tsx?t=1785126586241:704
[   28602ms] [LOG] [BackendBanner] backendStatus: null type: object startupComplete: false @ http://localhost:5173/src/pages/ConversationPanel.tsx?t=1785126586241:704
[   28613ms] [LOG] [BackendBanner] backendStatus: null type: object startupComplete: false @ http://localhost:5173/src/pages/ConversationPanel.tsx?t=1785126586241:704
[   28614ms] [LOG] [BackendBanner] backendStatus: null type: object startupComplete: false @ http://localhost:5173/src/pages/ConversationPanel.tsx?t=1785126586241:704
[   28631ms] [LOG] [BackendBanner] backendStatus: null type: object startupComplete: false @ http://localhost:5173/src/pages/ConversationPanel.tsx?t=1785126586241:704
[   28632ms] [LOG] [BackendBanner] backendStatus: null type: object startupComplete: false @ http://localhost:5173/src/pages/ConversationPanel.tsx?t=1785126586241:704
[   28648ms] [LOG] [BackendBanner] backendStatus: null type: object startupComplete: false @ http://localhost:5173/src/pages/ConversationPanel.tsx?t=1785126586241:704
[   28649ms] [LOG] [BackendBanner] backendStatus: null type: object startupComplete: false @ http://localhost:5173/src/pages/ConversationPanel.tsx?t=1785126586241:704
[   28665ms] [LOG] [BackendBanner] backendStatus: null type: object startupComplete: false @ http://localhost:5173/src/pages/ConversationPanel.tsx?t=1785126586241:704
[   28665ms] [LOG] [BackendBanner] backendStatus: null type: object startupComplete: false @ http://localhost:5173/src/pages/ConversationPanel.tsx?t=1785126586241:704
[   28682ms] [LOG] [BackendBanner] backendStatus: null type: object startupComplete: false @ http://localhost:5173/src/pages/ConversationPanel.tsx?t=1785126586241:704
[   28682ms] [LOG] [BackendBanner] backendStatus: null type: object startupComplete: false @ http://localhost:5173/src/pages/ConversationPanel.tsx?t=1785126586241:704
[   28698ms] [LOG] [BackendBanner] backendStatus: null type: object startupComplete: false @ http://localhost:5173/src/pages/ConversationPanel.tsx?t=1785126586241:704
[   28698ms] [LOG] [BackendBanner] backendStatus: null type: object startupComplete: false @ http://localhost:5173/src/pages/ConversationPanel.tsx?t=1785126586241:704
[   28713ms] [LOG] [BackendBanner] backendStatus: null type: object startupComplete: false @ http://localhost:5173/src/pages/ConversationPanel.tsx?t=1785126586241:704
[   28714ms] [LOG] [BackendBanner] backendStatus: null type: object startupComplete: false @ http://localhost:5173/src/pages/ConversationPanel.tsx?t=1785126586241:704
[   28730ms] [LOG] [BackendBanner] backendStatus: null type: object startupComplete: false @ http://localhost:5173/src/pages/ConversationPanel.tsx?t=1785126586241:704
[   28730ms] [LOG] [BackendBanner] backendStatus: null type: object startupComplete: false @ http://localhost:5173/src/pages/ConversationPanel.tsx?t=1785126586241:704
[   28746ms] [LOG] [BackendBanner] backendStatus: null type: object startupComplete: false @ http://localhost:5173/src/pages/ConversationPanel.tsx?t=1785126586241:704
[   28747ms] [LOG] [BackendBanner] backendStatus: null type: object startupComplete: false @ http://localhost:5173/src/pages/ConversationPanel.tsx?t=1785126586241:704
[   28763ms] [LOG] [BackendBanner] backendStatus: null type: object startupComplete: false @ http://localhost:5173/src/pages/ConversationPanel.tsx?t=1785126586241:704
[   28763ms] [LOG] [BackendBanner] backendStatus: null type: object startupComplete: false @ http://localhost:5173/src/pages/ConversationPanel.tsx?t=1785126586241:704
[   28780ms] [LOG] [BackendBanner] backendStatus: null type: object startupComplete: false @ http://localhost:5173/src/pages/ConversationPanel.tsx?t=1785126586241:704
[   28781ms] [LOG] [BackendBanner] backendStatus: null type: object startupComplete: false @ http://localhost:5173/src/pages/ConversationPanel.tsx?t=1785126586241:704
[   28797ms] [LOG] [BackendBanner] backendStatus: null type: object startupComplete: false @ http://localhost:5173/src/pages/ConversationPanel.tsx?t=1785126586241:704
[   28797ms] [LOG] [BackendBanner] backendStatus: null type: object startupComplete: false @ http://localhost:5173/src/pages/ConversationPanel.tsx?t=1785126586241:704
[   28813ms] [LOG] [BackendBanner] backendStatus: null type: object startupComplete: false @ http://localhost:5173/src/pages/ConversationPanel.tsx?t=1785126586241:704
[   28814ms] [LOG] [BackendBanner] backendStatus: null type: object startupComplete: false @ http://localhost:5173/src/pages/ConversationPanel.tsx?t=1785126586241:704
[   28830ms] [LOG] [BackendBanner] backendStatus: null type: object startupComplete: false @ http://localhost:5173/src/pages/ConversationPanel.tsx?t=1785126586241:704
[   28830ms] [LOG] [BackendBanner] backendStatus: null type: object startupComplete: false @ http://localhost:5173/src/pages/ConversationPanel.tsx?t=1785126586241:704
[   28846ms] [LOG] [BackendBanner] backendStatus: null type: object startupComplete: false @ http://localhost:5173/src/pages/ConversationPanel.tsx?t=1785126586241:704
[   28846ms] [LOG] [BackendBanner] backendStatus: null type: object startupComplete: false @ http://localhost:5173/src/pages/ConversationPanel.tsx?t=1785126586241:704
[   28863ms] [LOG] [BackendBanner] backendStatus: null type: object startupComplete: false @ http://localhost:5173/src/pages/ConversationPanel.tsx?t=1785126586241:704
[   28864ms] [LOG] [BackendBanner] backendStatus: null type: object startupComplete: false @ http://localhost:5173/src/pages/ConversationPanel.tsx?t=1785126586241:704
[   28880ms] [LOG] [BackendBanner] backendStatus: null type: object startupComplete: false @ http://localhost:5173/src/pages/ConversationPanel.tsx?t=1785126586241:704
[   28880ms] [LOG] [BackendBanner] backendStatus: null type: object startupComplete: false @ http://localhost:5173/src/pages/ConversationPanel.tsx?t=1785126586241:704
[   28896ms] [LOG] [BackendBanner] backendStatus: null type: object startupComplete: false @ http://localhost:5173/src/pages/ConversationPanel.tsx?t=1785126586241:704
[   28897ms] [LOG] [BackendBanner] backendStatus: null type: object startupComplete: false @ http://localhost:5173/src/pages/ConversationPanel.tsx?t=1785126586241:704
[   28914ms] [LOG] [BackendBanner] backendStatus: null type: object startupComplete: false @ http://localhost:5173/src/pages/ConversationPanel.tsx?t=1785126586241:704
[   28914ms] [LOG] [BackendBanner] backendStatus: null type: object startupComplete: false @ http://localhost:5173/src/pages/ConversationPanel.tsx?t=1785126586241:704
[   28930ms] [LOG] [BackendBanner] backendStatus: null type: object startupComplete: false @ http://localhost:5173/src/pages/ConversationPanel.tsx?t=1785126586241:704
[   28931ms] [LOG] [BackendBanner] backendStatus: null type: object startupComplete: false @ http://localhost:5173/src/pages/ConversationPanel.tsx?t=1785126586241:704
[   28946ms] [LOG] [BackendBanner] backendStatus: null type: object startupComplete: false @ http://localhost:5173/src/pages/ConversationPanel.tsx?t=1785126586241:704
[   28946ms] [LOG] [BackendBanner] backendStatus: null type: object startupComplete: false @ http://localhost:5173/src/pages/ConversationPanel.tsx?t=1785126586241:704
[   28963ms] [LOG] [BackendBanner] backendStatus: null type: object startupComplete: false @ http://localhost:5173/src/pages/ConversationPanel.tsx?t=1785126586241:704
[   28963ms] [LOG] [BackendBanner] backendStatus: null type: object startupComplete: false @ http://localhost:5173/src/pages/ConversationPanel.tsx?t=1785126586241:704
[   28980ms] [LOG] [BackendBanner] backendStatus: null type: object startupComplete: false @ http://localhost:5173/src/pages/ConversationPanel.tsx?t=1785126586241:704
[   28980ms] [LOG] [BackendBanner] backendStatus: null type: object startupComplete: false @ http://localhost:5173/src/pages/ConversationPanel.tsx?t=1785126586241:704
[   28996ms] [LOG] [BackendBanner] backendStatus: null type: object startupComplete: false @ http://localhost:5173/src/pages/ConversationPanel.tsx?t=1785126586241:704
[   28996ms] [LOG] [BackendBanner] backendStatus: null type: object startupComplete: false @ http://localhost:5173/src/pages/ConversationPanel.tsx?t=1785126586241:704
[   29014ms] [LOG] [BackendBanner] backendStatus: null type: object startupComplete: false @ http://localhost:5173/src/pages/ConversationPanel.tsx?t=1785126586241:704
[   29014ms] [LOG] [BackendBanner] backendStatus: null type: object startupComplete: false @ http://localhost:5173/src/pages/ConversationPanel.tsx?t=1785126586241:704
[   29030ms] [LOG] [BackendBanner] backendStatus: null type: object startupComplete: false @ http://localhost:5173/src/pages/ConversationPanel.tsx?t=1785126586241:704
[   29031ms] [LOG] [BackendBanner] backendStatus: null type: object startupComplete: false @ http://localhost:5173/src/pages/ConversationPanel.tsx?t=1785126586241:704
[   29047ms] [LOG] [BackendBanner] backendStatus: null type: object startupComplete: false @ http://localhost:5173/src/pages/ConversationPanel.tsx?t=1785126586241:704
[   29048ms] [LOG] [BackendBanner] backendStatus: null type: object startupComplete: false @ http://localhost:5173/src/pages/ConversationPanel.tsx?t=1785126586241:704
[   29064ms] [LOG] [BackendBanner] backendStatus: null type: object startupComplete: false @ http://localhost:5173/src/pages/ConversationPanel.tsx?t=1785126586241:704
[   29064ms] [LOG] [BackendBanner] backendStatus: null type: object startupComplete: false @ http://localhost:5173/src/pages/ConversationPanel.tsx?t=1785126586241:704
[   29080ms] [LOG] [BackendBanner] backendStatus: null type: object startupComplete: false @ http://localhost:5173/src/pages/ConversationPanel.tsx?t=1785126586241:704
[   29081ms] [LOG] [BackendBanner] backendStatus: null type: object startupComplete: false @ http://localhost:5173/src/pages/ConversationPanel.tsx?t=1785126586241:704
[   29097ms] [LOG] [BackendBanner] backendStatus: null type: object startupComplete: false @ http://localhost:5173/src/pages/ConversationPanel.tsx?t=1785126586241:704
[   29098ms] [LOG] [BackendBanner] backendStatus: null type: object startupComplete: false @ http://localhost:5173/src/pages/ConversationPanel.tsx?t=1785126586241:704
[   29114ms] [LOG] [BackendBanner] backendStatus: null type: object startupComplete: false @ http://localhost:5173/src/pages/ConversationPanel.tsx?t=1785126586241:704
[   29114ms] [LOG] [BackendBanner] backendStatus: null type: object startupComplete: false @ http://localhost:5173/src/pages/ConversationPanel.tsx?t=1785126586241:704
[   29131ms] [LOG] [BackendBanner] backendStatus: null type: object startupComplete: false @ http://localhost:5173/src/pages/ConversationPanel.tsx?t=1785126586241:704
[   29131ms] [LOG] [BackendBanner] backendStatus: null type: object startupComplete: false @ http://localhost:5173/src/pages/ConversationPanel.tsx?t=1785126586241:704
[   29147ms] [LOG] [BackendBanner] backendStatus: null type: object startupComplete: false @ http://localhost:5173/src/pages/ConversationPanel.tsx?t=1785126586241:704
[   29147ms] [LOG] [BackendBanner] backendStatus: null type: object startupComplete: false @ http://localhost:5173/src/pages/ConversationPanel.tsx?t=1785126586241:704
[   29163ms] [LOG] [BackendBanner] backendStatus: null type: object startupComplete: false @ http://localhost:5173/src/pages/ConversationPanel.tsx?t=1785126586241:704
[   29164ms] [LOG] [BackendBanner] backendStatus: null type: object startupComplete: false @ http://localhost:5173/src/pages/ConversationPanel.tsx?t=1785126586241:704
[   29180ms] [LOG] [BackendBanner] backendStatus: null type: object startupComplete: false @ http://localhost:5173/src/pages/ConversationPanel.tsx?t=1785126586241:704
[   29180ms] [LOG] [BackendBanner] backendStatus: null type: object startupComplete: false @ http://localhost:5173/src/pages/ConversationPanel.tsx?t=1785126586241:704
[   29197ms] [LOG] [BackendBanner] backendStatus: null type: object startupComplete: false @ http://localhost:5173/src/pages/ConversationPanel.tsx?t=1785126586241:704
[   29197ms] [LOG] [BackendBanner] backendStatus: null type: object startupComplete: false @ http://localhost:5173/src/pages/ConversationPanel.tsx?t=1785126586241:704
[   29213ms] [LOG] [BackendBanner] backendStatus: null type: object startupComplete: false @ http://localhost:5173/src/pages/ConversationPanel.tsx?t=1785126586241:704
[   29214ms] [LOG] [BackendBanner] backendStatus: null type: object startupComplete: false @ http://localhost:5173/src/pages/ConversationPanel.tsx?t=1785126586241:704
[   29230ms] [LOG] [BackendBanner] backendStatus: null type: object startupComplete: false @ http://localhost:5173/src/pages/ConversationPanel.tsx?t=1785126586241:704
[   29230ms] [LOG] [BackendBanner] backendStatus: null type: object startupComplete: false @ http://localhost:5173/src/pages/ConversationPanel.tsx?t=1785126586241:704
[   29247ms] [LOG] [BackendBanner] backendStatus: null type: object startupComplete: false @ http://localhost:5173/src/pages/ConversationPanel.tsx?t=1785126586241:704
[   29247ms] [LOG] [BackendBanner] backendStatus: null type: object startupComplete: false @ http://localhost:5173/src/pages/ConversationPanel.tsx?t=1785126586241:704
[   29262ms] [LOG] [BackendBanner] backendStatus: null type: object startupComplete: false @ http://localhost:5173/src/pages/ConversationPanel.tsx?t=1785126586241:704
[   29262ms] [LOG] [BackendBanner] backendStatus: null type: object startupComplete: false @ http://localhost:5173/src/pages/ConversationPanel.tsx?t=1785126586241:704
[   29280ms] [LOG] [BackendBanner] backendStatus: null type: object startupComplete: false @ http://localhost:5173/src/pages/ConversationPanel.tsx?t=1785126586241:704
[   29281ms] [LOG] [BackendBanner] backendStatus: null type: object startupComplete: false @ http://localhost:5173/src/pages/ConversationPanel.tsx?t=1785126586241:704
[   29297ms] [LOG] [BackendBanner] backendStatus: null type: object startupComplete: false @ http://localhost:5173/src/pages/ConversationPanel.tsx?t=1785126586241:704
[   29297ms] [LOG] [BackendBanner] backendStatus: null type: object startupComplete: false @ http://localhost:5173/src/pages/ConversationPanel.tsx?t=1785126586241:704
[   29313ms] [LOG] [BackendBanner] backendStatus: null type: object startupComplete: false @ http://localhost:5173/src/pages/ConversationPanel.tsx?t=1785126586241:704
[   29313ms] [LOG] [BackendBanner] backendStatus: null type: object startupComplete: false @ http://localhost:5173/src/pages/ConversationPanel.tsx?t=1785126586241:704
[   29330ms] [LOG] [BackendBanner] backendStatus: null type: object startupComplete: false @ http://localhost:5173/src/pages/ConversationPanel.tsx?t=1785126586241:704
[   29330ms] [LOG] [BackendBanner] backendStatus: null type: object startupComplete: false @ http://localhost:5173/src/pages/ConversationPanel.tsx?t=1785126586241:704
[   29347ms] [LOG] [BackendBanner] backendStatus: null type: object startupComplete: false @ http://localhost:5173/src/pages/ConversationPanel.tsx?t=1785126586241:704
[   29347ms] [LOG] [BackendBanner] backendStatus: null type: object startupComplete: false @ http://localhost:5173/src/pages/ConversationPanel.tsx?t=1785126586241:704
[   29364ms] [LOG] [BackendBanner] backendStatus: null type: object startupComplete: false @ http://localhost:5173/src/pages/ConversationPanel.tsx?t=1785126586241:704
[   29364ms] [LOG] [BackendBanner] backendStatus: null type: object startupComplete: false @ http://localhost:5173/src/pages/ConversationPanel.tsx?t=1785126586241:704
[   29381ms] [LOG] [BackendBanner] backendStatus: null type: object startupComplete: false @ http://localhost:5173/src/pages/ConversationPanel.tsx?t=1785126586241:704
[   29381ms] [LOG] [BackendBanner] backendStatus: null type: object startupComplete: false @ http://localhost:5173/src/pages/ConversationPanel.tsx?t=1785126586241:704
[   29397ms] [LOG] [BackendBanner] backendStatus: null type: object startupComplete: false @ http://localhost:5173/src/pages/ConversationPanel.tsx?t=1785126586241:704
[   29397ms] [LOG] [BackendBanner] backendStatus: null type: object startupComplete: false @ http://localhost:5173/src/pages/ConversationPanel.tsx?t=1785126586241:704
[   29414ms] [LOG] [BackendBanner] backendStatus: null type: object startupComplete: false @ http://localhost:5173/src/pages/ConversationPanel.tsx?t=1785126586241:704
[   29414ms] [LOG] [BackendBanner] backendStatus: null type: object startupComplete: false @ http://localhost:5173/src/pages/ConversationPanel.tsx?t=1785126586241:704
[   29431ms] [LOG] [BackendBanner] backendStatus: null type: object startupComplete: false @ http://localhost:5173/src/pages/ConversationPanel.tsx?t=1785126586241:704
[   29431ms] [LOG] [BackendBanner] backendStatus: null type: object startupComplete: false @ http://localhost:5173/src/pages/ConversationPanel.tsx?t=1785126586241:704
[   29447ms] [LOG] [BackendBanner] backendStatus: null type: object startupComplete: false @ http://localhost:5173/src/pages/ConversationPanel.tsx?t=1785126586241:704
[   29448ms] [LOG] [BackendBanner] backendStatus: null type: object startupComplete: false @ http://localhost:5173/src/pages/ConversationPanel.tsx?t=1785126586241:704
[   29464ms] [LOG] [BackendBanner] backendStatus: null type: object startupComplete: false @ http://localhost:5173/src/pages/ConversationPanel.tsx?t=1785126586241:704
[   29464ms] [LOG] [BackendBanner] backendStatus: null type: object startupComplete: false @ http://localhost:5173/src/pages/ConversationPanel.tsx?t=1785126586241:704
[   29481ms] [LOG] [BackendBanner] backendStatus: null type: object startupComplete: false @ http://localhost:5173/src/pages/ConversationPanel.tsx?t=1785126586241:704
[   29481ms] [LOG] [BackendBanner] backendStatus: null type: object startupComplete: false @ http://localhost:5173/src/pages/ConversationPanel.tsx?t=1785126586241:704
[   29497ms] [LOG] [BackendBanner] backendStatus: null type: object startupComplete: false @ http://localhost:5173/src/pages/ConversationPanel.tsx?t=1785126586241:704
[   29497ms] [LOG] [BackendBanner] backendStatus: null type: object startupComplete: false @ http://localhost:5173/src/pages/ConversationPanel.tsx?t=1785126586241:704
[   29515ms] [LOG] [BackendBanner] backendStatus: null type: object startupComplete: false @ http://localhost:5173/src/pages/ConversationPanel.tsx?t=1785126586241:704
[   29515ms] [LOG] [BackendBanner] backendStatus: null type: object startupComplete: false @ http://localhost:5173/src/pages/ConversationPanel.tsx?t=1785126586241:704
[   29531ms] [LOG] [BackendBanner] backendStatus: null type: object startupComplete: false @ http://localhost:5173/src/pages/ConversationPanel.tsx?t=1785126586241:704
[   29531ms] [LOG] [BackendBanner] backendStatus: null type: object startupComplete: false @ http://localhost:5173/src/pages/ConversationPanel.tsx?t=1785126586241:704
[   29548ms] [LOG] [BackendBanner] backendStatus: null type: object startupComplete: false @ http://localhost:5173/src/pages/ConversationPanel.tsx?t=1785126586241:704
[   29549ms] [LOG] [BackendBanner] backendStatus: null type: object startupComplete: false @ http://localhost:5173/src/pages/ConversationPanel.tsx?t=1785126586241:704
[   29565ms] [LOG] [BackendBanner] backendStatus: null type: object startupComplete: false @ http://localhost:5173/src/pages/ConversationPanel.tsx?t=1785126586241:704
[   29565ms] [LOG] [BackendBanner] backendStatus: null type: object startupComplete: false @ http://localhost:5173/src/pages/ConversationPanel.tsx?t=1785126586241:704
[   29581ms] [LOG] [BackendBanner] backendStatus: null type: object startupComplete: false @ http://localhost:5173/src/pages/ConversationPanel.tsx?t=1785126586241:704
[   29582ms] [LOG] [BackendBanner] backendStatus: null type: object startupComplete: false @ http://localhost:5173/src/pages/ConversationPanel.tsx?t=1785126586241:704
[   29598ms] [LOG] [BackendBanner] backendStatus: null type: object startupComplete: false @ http://localhost:5173/src/pages/ConversationPanel.tsx?t=1785126586241:704
[   29598ms] [LOG] [BackendBanner] backendStatus: null type: object startupComplete: false @ http://localhost:5173/src/pages/ConversationPanel.tsx?t=1785126586241:704
[   29614ms] [LOG] [BackendBanner] backendStatus: null type: object startupComplete: false @ http://localhost:5173/src/pages/ConversationPanel.tsx?t=1785126586241:704
[   29615ms] [LOG] [BackendBanner] backendStatus: null type: object startupComplete: false @ http://localhost:5173/src/pages/ConversationPanel.tsx?t=1785126586241:704
[   29631ms] [LOG] [Frontend] Health check attempt 1 @ http://localhost:5173/src/pages/ConversationPanel.tsx?t=1785126586241:151
[   29631ms] [LOG] [Frontend] Health response: null @ http://localhost:5173/src/pages/ConversationPanel.tsx?t=1785126586241:153
[   29632ms] [LOG] [BackendBanner] backendStatus: null type: object startupComplete: false @ http://localhost:5173/src/pages/ConversationPanel.tsx?t=1785126586241:704
[   29632ms] [LOG] [BackendBanner] backendStatus: null type: object startupComplete: false @ http://localhost:5173/src/pages/ConversationPanel.tsx?t=1785126586241:704
[   29647ms] [LOG] [BackendBanner] backendStatus: null type: object startupComplete: false @ http://localhost:5173/src/pages/ConversationPanel.tsx?t=1785126586241:704
[   29648ms] [LOG] [BackendBanner] backendStatus: null type: object startupComplete: false @ http://localhost:5173/src/pages/ConversationPanel.tsx?t=1785126586241:704
[   29664ms] [LOG] [BackendBanner] backendStatus: null type: object startupComplete: false @ http://localhost:5173/src/pages/ConversationPanel.tsx?t=1785126586241:704
[   29664ms] [LOG] [BackendBanner] backendStatus: null type: object startupComplete: false @ http://localhost:5173/src/pages/ConversationPanel.tsx?t=1785126586241:704
[   29681ms] [LOG] [BackendBanner] backendStatus: null type: object startupComplete: false @ http://localhost:5173/src/pages/ConversationPanel.tsx?t=1785126586241:704
[   29682ms] [LOG] [BackendBanner] backendStatus: null type: object startupComplete: false @ http://localhost:5173/src/pages/ConversationPanel.tsx?t=1785126586241:704
[   29698ms] [LOG] [BackendBanner] backendStatus: null type: object startupComplete: false @ http://localhost:5173/src/pages/ConversationPanel.tsx?t=1785126586241:704
[   29698ms] [LOG] [BackendBanner] backendStatus: null type: object startupComplete: false @ http://localhost:5173/src/pages/ConversationPanel.tsx?t=1785126586241:704
[   29714ms] [LOG] [BackendBanner] backendStatus: null type: object startupComplete: false @ http://localhost:5173/src/pages/ConversationPanel.tsx?t=1785126586241:704
[   29714ms] [LOG] [BackendBanner] backendStatus: null type: object startupComplete: false @ http://localhost:5173/src/pages/ConversationPanel.tsx?t=1785126586241:704
[   29731ms] [LOG] [BackendBanner] backendStatus: null type: object startupComplete: false @ http://localhost:5173/src/pages/ConversationPanel.tsx?t=1785126586241:704
[   29732ms] [LOG] [BackendBanner] backendStatus: null type: object startupComplete: false @ http://localhost:5173/src/pages/ConversationPanel.tsx?t=1785126586241:704
[   29747ms] [LOG] [BackendBanner] backendStatus: null type: object startupComplete: false @ http://localhost:5173/src/pages/ConversationPanel.tsx?t=1785126586241:704
[   29747ms] [LOG] [BackendBanner] backendStatus: null type: object startupComplete: false @ http://localhost:5173/src/pages/ConversationPanel.tsx?t=1785126586241:704
[   29763ms] [LOG] [BackendBanner] backendStatus: null type: object startupComplete: false @ http://localhost:5173/src/pages/ConversationPanel.tsx?t=1785126586241:704
[   29764ms] [LOG] [BackendBanner] backendStatus: null type: object startupComplete: false @ http://localhost:5173/src/pages/ConversationPanel.tsx?t=1785126586241:704
[   29780ms] [LOG] [BackendBanner] backendStatus: null type: object startupComplete: false @ http://localhost:5173/src/pages/ConversationPanel.tsx?t=1785126586241:704
[   29781ms] [LOG] [BackendBanner] backendStatus: null type: object startupComplete: false @ http://localhost:5173/src/pages/ConversationPanel.tsx?t=1785126586241:704
[   29797ms] [LOG] [BackendBanner] backendStatus: null type: object startupComplete: false @ http://localhost:5173/src/pages/ConversationPanel.tsx?t=1785126586241:704
[   29798ms] [LOG] [BackendBanner] backendStatus: null type: object startupComplete: false @ http://localhost:5173/src/pages/ConversationPanel.tsx?t=1785126586241:704
[   29814ms] [LOG] [BackendBanner] backendStatus: null type: object startupComplete: false @ http://localhost:5173/src/pages/ConversationPanel.tsx?t=1785126586241:704
[   29814ms] [LOG] [BackendBanner] backendStatus: null type: object startupComplete: false @ http://localhost:5173/src/pages/ConversationPanel.tsx?t=1785126586241:704
[   29831ms] [LOG] [BackendBanner] backendStatus: null type: object startupComplete: false @ http://localhost:5173/src/pages/ConversationPanel.tsx?t=1785126586241:704
[   29832ms] [LOG] [BackendBanner] backendStatus: null type: object startupComplete: false @ http://localhost:5173/src/pages/ConversationPanel.tsx?t=1785126586241:704
[   29846ms] [LOG] [BackendBanner] backendStatus: null type: object startupComplete: false @ http://localhost:5173/src/pages/ConversationPanel.tsx?t=1785126586241:704
[   29846ms] [LOG] [BackendBanner] backendStatus: null type: object startupComplete: false @ http://localhost:5173/src/pages/ConversationPanel.tsx?t=1785126586241:704
[   29863ms] [LOG] [BackendBanner] backendStatus: null type: object startupComplete: false @ http://localhost:5173/src/pages/ConversationPanel.tsx?t=1785126586241:704
[   29863ms] [LOG] [BackendBanner] backendStatus: null type: object startupComplete: false @ http://localhost:5173/src/pages/ConversationPanel.tsx?t=1785126586241:704
[   29880ms] [LOG] [BackendBanner] backendStatus: null type: object startupComplete: false @ http://localhost:5173/src/pages/ConversationPanel.tsx?t=1785126586241:704
[   29881ms] [LOG] [BackendBanner] backendStatus: null type: object startupComplete: false @ http://localhost:5173/src/pages/ConversationPanel.tsx?t=1785126586241:704
[   29897ms] [LOG] [BackendBanner] backendStatus: null type: object startupComplete: false @ http://localhost:5173/src/pages/ConversationPanel.tsx?t=1785126586241:704
[   29897ms] [LOG] [BackendBanner] backendStatus: null type: object startupComplete: false @ http://localhost:5173/src/pages/ConversationPanel.tsx?t=1785126586241:704
[   29913ms] [LOG] [BackendBanner] backendStatus: null type: object startupComplete: false @ http://localhost:5173/src/pages/ConversationPanel.tsx?t=1785126586241:704
[   29913ms] [LOG] [BackendBanner] backendStatus: null type: object startupComplete: false @ http://localhost:5173/src/pages/ConversationPanel.tsx?t=1785126586241:704
[   29930ms] [LOG] [BackendBanner] backendStatus: null type: object startupComplete: false @ http://localhost:5173/src/pages/ConversationPanel.tsx?t=1785126586241:704
[   29930ms] [LOG] [BackendBanner] backendStatus: null type: object startupComplete: false @ http://localhost:5173/src/pages/ConversationPanel.tsx?t=1785126586241:704
[   29947ms] [LOG] [BackendBanner] backendStatus: null type: object startupComplete: false @ http://localhost:5173/src/pages/ConversationPanel.tsx?t=1785126586241:704
[   29947ms] [LOG] [BackendBanner] backendStatus: null type: object startupComplete: false @ http://localhost:5173/src/pages/ConversationPanel.tsx?t=1785126586241:704
[   29963ms] [LOG] [BackendBanner] backendStatus: null type: object startupComplete: false @ http://localhost:5173/src/pages/ConversationPanel.tsx?t=1785126586241:704
[   29964ms] [LOG] [BackendBanner] backendStatus: null type: object startupComplete: false @ http://localhost:5173/src/pages/ConversationPanel.tsx?t=1785126586241:704
[   29980ms] [LOG] [BackendBanner] backendStatus: null type: object startupComplete: false @ http://localhost:5173/src/pages/ConversationPanel.tsx?t=1785126586241:704
[   29981ms] [LOG] [BackendBanner] backendStatus: null type: object startupComplete: false @ http://localhost:5173/src/pages/ConversationPanel.tsx?t=1785126586241:704
[   29997ms] [LOG] [BackendBanner] backendStatus: null type: object startupComplete: false @ http://localhost:5173/src/pages/ConversationPanel.tsx?t=1785126586241:704
[   29997ms] [LOG] [BackendBanner] backendStatus: null type: object startupComplete: false @ http://localhost:5173/src/pages/ConversationPanel.tsx?t=1785126586241:704
[   30013ms] [LOG] [BackendBanner] backendStatus: null type: object startupComplete: false @ http://localhost:5173/src/pages/ConversationPanel.tsx?t=1785126586241:704
[   30014ms] [LOG] [BackendBanner] backendStatus: null type: object startupComplete: false @ http://localhost:5173/src/pages/ConversationPanel.tsx?t=1785126586241:704
[   30030ms] [LOG] [BackendBanner] backendStatus: null type: object startupComplete: false @ http://localhost:5173/src/pages/ConversationPanel.tsx?t=1785126586241:704
[   30030ms] [LOG] [BackendBanner] backendStatus: null type: object startupComplete: false @ http://localhost:5173/src/pages/ConversationPanel.tsx?t=1785126586241:704
[   30047ms] [LOG] [BackendBanner] backendStatus: null type: object startupComplete: false @ http://localhost:5173/src/pages/ConversationPanel.tsx?t=1785126586241:704
[   30047ms] [LOG] [BackendBanner] backendStatus: null type: object startupComplete: false @ http://localhost:5173/src/pages/ConversationPanel.tsx?t=1785126586241:704
[   30063ms] [LOG] [BackendBanner] backendStatus: null type: object startupComplete: false @ http://localhost:5173/src/pages/ConversationPanel.tsx?t=1785126586241:704
[   30063ms] [LOG] [BackendBanner] backendStatus: null type: object startupComplete: false @ http://localhost:5173/src/pages/ConversationPanel.tsx?t=1785126586241:704
[   30080ms] [LOG] [BackendBanner] backendStatus: null type: object startupComplete: false @ http://localhost:5173/src/pages/ConversationPanel.tsx?t=1785126586241:704
[   30080ms] [LOG] [BackendBanner] backendStatus: null type: object startupComplete: false @ http://localhost:5173/src/pages/ConversationPanel.tsx?t=1785126586241:704
[   30096ms] [LOG] [BackendBanner] backendStatus: null type: object startupComplete: false @ http://localhost:5173/src/pages/ConversationPanel.tsx?t=1785126586241:704
[   30097ms] [LOG] [BackendBanner] backendStatus: null type: object startupComplete: false @ http://localhost:5173/src/pages/ConversationPanel.tsx?t=1785126586241:704
[   30113ms] [LOG] [BackendBanner] backendStatus: null type: object startupComplete: false @ http://localhost:5173/src/pages/ConversationPanel.tsx?t=1785126586241:704
[   30114ms] [LOG] [BackendBanner] backendStatus: null type: object startupComplete: false @ http://localhost:5173/src/pages/ConversationPanel.tsx?t=1785126586241:704
[   30130ms] [LOG] [BackendBanner] backendStatus: null type: object startupComplete: false @ http://localhost:5173/src/pages/ConversationPanel.tsx?t=1785126586241:704
[   30130ms] [LOG] [BackendBanner] backendStatus: null type: object startupComplete: false @ http://localhost:5173/src/pages/ConversationPanel.tsx?t=1785126586241:704
[   30146ms] [LOG] [BackendBanner] backendStatus: null type: object startupComplete: false @ http://localhost:5173/src/pages/ConversationPanel.tsx?t=1785126586241:704
[   30147ms] [LOG] [BackendBanner] backendStatus: null type: object startupComplete: false @ http://localhost:5173/src/pages/ConversationPanel.tsx?t=1785126586241:704
[   30163ms] [LOG] [BackendBanner] backendStatus: null type: object startupComplete: false @ http://localhost:5173/src/pages/ConversationPanel.tsx?t=1785126586241:704
[   30164ms] [LOG] [BackendBanner] backendStatus: null type: object startupComplete: false @ http://localhost:5173/src/pages/ConversationPanel.tsx?t=1785126586241:704
[   30180ms] [LOG] [BackendBanner] backendStatus: null type: object startupComplete: false @ http://localhost:5173/src/pages/ConversationPanel.tsx?t=1785126586241:704
[   30180ms] [LOG] [BackendBanner] backendStatus: null type: object startupComplete: false @ http://localhost:5173/src/pages/ConversationPanel.tsx?t=1785126586241:704
[   30197ms] [LOG] [BackendBanner] backendStatus: null type: object startupComplete: false @ http://localhost:5173/src/pages/ConversationPanel.tsx?t=1785126586241:704
[   30197ms] [LOG] [BackendBanner] backendStatus: null type: object startupComplete: false @ http://localhost:5173/src/pages/ConversationPanel.tsx?t=1785126586241:704
[   30213ms] [LOG] [BackendBanner] backendStatus: null type: object startupComplete: false @ http://localhost:5173/src/pages/ConversationPanel.tsx?t=1785126586241:704
[   30214ms] [LOG] [BackendBanner] backendStatus: null type: object startupComplete: false @ http://localhost:5173/src/pages/ConversationPanel.tsx?t=1785126586241:704
[   30230ms] [LOG] [BackendBanner] backendStatus: null type: object startupComplete: false @ http://localhost:5173/src/pages/ConversationPanel.tsx?t=1785126586241:704
[   30231ms] [LOG] [BackendBanner] backendStatus: null type: object startupComplete: false @ http://localhost:5173/src/pages/ConversationPanel.tsx?t=1785126586241:704
[   30246ms] [LOG] [BackendBanner] backendStatus: null type: object startupComplete: false @ http://localhost:5173/src/pages/ConversationPanel.tsx?t=1785126586241:704
[   30247ms] [LOG] [BackendBanner] backendStatus: null type: object startupComplete: false @ http://localhost:5173/src/pages/ConversationPanel.tsx?t=1785126586241:704
[   30263ms] [LOG] [BackendBanner] backendStatus: null type: object startupComplete: false @ http://localhost:5173/src/pages/ConversationPanel.tsx?t=1785126586241:704
[   30263ms] [LOG] [BackendBanner] backendStatus: null type: object startupComplete: false @ http://localhost:5173/src/pages/ConversationPanel.tsx?t=1785126586241:704
[   30280ms] [LOG] [BackendBanner] backendStatus: null type: object startupComplete: false @ http://localhost:5173/src/pages/ConversationPanel.tsx?t=1785126586241:704
[   30280ms] [LOG] [BackendBanner] backendStatus: null type: object startupComplete: false @ http://localhost:5173/src/pages/ConversationPanel.tsx?t=1785126586241:704
[   30296ms] [LOG] [BackendBanner] backendStatus: null type: object startupComplete: false @ http://localhost:5173/src/pages/ConversationPanel.tsx?t=1785126586241:704
[   30297ms] [LOG] [BackendBanner] backendStatus: null type: object startupComplete: false @ http://localhost:5173/src/pages/ConversationPanel.tsx?t=1785126586241:704
[   30313ms] [LOG] [BackendBanner] backendStatus: null type: object startupComplete: false @ http://localhost:5173/src/pages/ConversationPanel.tsx?t=1785126586241:704
[   30313ms] [LOG] [BackendBanner] backendStatus: null type: object startupComplete: false @ http://localhost:5173/src/pages/ConversationPanel.tsx?t=1785126586241:704
[   30330ms] [LOG] [BackendBanner] backendStatus: null type: object startupComplete: false @ http://localhost:5173/src/pages/ConversationPanel.tsx?t=1785126586241:704
[   30331ms] [LOG] [BackendBanner] backendStatus: null type: object startupComplete: false @ http://localhost:5173/src/pages/ConversationPanel.tsx?t=1785126586241:704
[   30347ms] [LOG] [BackendBanner] backendStatus: null type: object startupComplete: false @ http://localhost:5173/src/pages/ConversationPanel.tsx?t=1785126586241:704
[   30347ms] [LOG] [BackendBanner] backendStatus: null type: object startupComplete: false @ http://localhost:5173/src/pages/ConversationPanel.tsx?t=1785126586241:704
[   30363ms] [LOG] [BackendBanner] backendStatus: null type: object startupComplete: false @ http://localhost:5173/src/pages/ConversationPanel.tsx?t=1785126586241:704
[   30363ms] [LOG] [BackendBanner] backendStatus: null type: object startupComplete: false @ http://localhost:5173/src/pages/ConversationPanel.tsx?t=1785126586241:704
[   30380ms] [LOG] [BackendBanner] backendStatus: null type: object startupComplete: false @ http://localhost:5173/src/pages/ConversationPanel.tsx?t=1785126586241:704
[   30381ms] [LOG] [BackendBanner] backendStatus: null type: object startupComplete: false @ http://localhost:5173/src/pages/ConversationPanel.tsx?t=1785126586241:704
[   30397ms] [LOG] [BackendBanner] backendStatus: null type: object startupComplete: false @ http://localhost:5173/src/pages/ConversationPanel.tsx?t=1785126586241:704
[   30397ms] [LOG] [BackendBanner] backendStatus: null type: object startupComplete: false @ http://localhost:5173/src/pages/ConversationPanel.tsx?t=1785126586241:704
[   30413ms] [LOG] [BackendBanner] backendStatus: null type: object startupComplete: false @ http://localhost:5173/src/pages/ConversationPanel.tsx?t=1785126586241:704
[   30413ms] [LOG] [BackendBanner] backendStatus: null type: object startupComplete: false @ http://localhost:5173/src/pages/ConversationPanel.tsx?t=1785126586241:704
[   30430ms] [LOG] [BackendBanner] backendStatus: null type: object startupComplete: false @ http://localhost:5173/src/pages/ConversationPanel.tsx?t=1785126586241:704
[   30430ms] [LOG] [BackendBanner] backendStatus: null type: object startupComplete: false @ http://localhost:5173/src/pages/ConversationPanel.tsx?t=1785126586241:704
[   30446ms] [LOG] [BackendBanner] backendStatus: null type: object startupComplete: false @ http://localhost:5173/src/pages/ConversationPanel.tsx?t=1785126586241:704
[   30447ms] [LOG] [BackendBanner] backendStatus: null type: object startupComplete: false @ http://localhost:5173/src/pages/ConversationPanel.tsx?t=1785126586241:704
[   30464ms] [LOG] [BackendBanner] backendStatus: null type: object startupComplete: false @ http://localhost:5173/src/pages/ConversationPanel.tsx?t=1785126586241:704
[   30464ms] [LOG] [BackendBanner] backendStatus: null type: object startupComplete: false @ http://localhost:5173/src/pages/ConversationPanel.tsx?t=1785126586241:704
[   30480ms] [LOG] [BackendBanner] backendStatus: null type: object startupComplete: false @ http://localhost:5173/src/pages/ConversationPanel.tsx?t=1785126586241:704
[   30480ms] [LOG] [BackendBanner] backendStatus: null type: object startupComplete: false @ http://localhost:5173/src/pages/ConversationPanel.tsx?t=1785126586241:704
[   30497ms] [LOG] [BackendBanner] backendStatus: null type: object startupComplete: false @ http://localhost:5173/src/pages/ConversationPanel.tsx?t=1785126586241:704
[   30498ms] [LOG] [BackendBanner] backendStatus: null type: object startupComplete: false @ http://localhost:5173/src/pages/ConversationPanel.tsx?t=1785126586241:704
[   30514ms] [LOG] [BackendBanner] backendStatus: null type: object startupComplete: false @ http://localhost:5173/src/pages/ConversationPanel.tsx?t=1785126586241:704
[   30514ms] [LOG] [BackendBanner] backendStatus: null type: object startupComplete: false @ http://localhost:5173/src/pages/ConversationPanel.tsx?t=1785126586241:704
[   30531ms] [LOG] [BackendBanner] backendStatus: null type: object startupComplete: false @ http://localhost:5173/src/pages/ConversationPanel.tsx?t=1785126586241:704
[   30531ms] [LOG] [BackendBanner] backendStatus: null type: object startupComplete: false @ http://localhost:5173/src/pages/ConversationPanel.tsx?t=1785126586241:704
[   30547ms] [LOG] [BackendBanner] backendStatus: null type: object startupComplete: false @ http://localhost:5173/src/pages/ConversationPanel.tsx?t=1785126586241:704
[   30547ms] [LOG] [BackendBanner] backendStatus: null type: object startupComplete: false @ http://localhost:5173/src/pages/ConversationPanel.tsx?t=1785126586241:704
[   30563ms] [LOG] [BackendBanner] backendStatus: null type: object startupComplete: false @ http://localhost:5173/src/pages/ConversationPanel.tsx?t=1785126586241:704
[   30564ms] [LOG] [BackendBanner] backendStatus: null type: object startupComplete: false @ http://localhost:5173/src/pages/ConversationPanel.tsx?t=1785126586241:704
[   30580ms] [LOG] [BackendBanner] backendStatus: null type: object startupComplete: false @ http://localhost:5173/src/pages/ConversationPanel.tsx?t=1785126586241:704
[   30581ms] [LOG] [BackendBanner] backendStatus: null type: object startupComplete: false @ http://localhost:5173/src/pages/ConversationPanel.tsx?t=1785126586241:704
[   30597ms] [LOG] [BackendBanner] backendStatus: null type: object startupComplete: false @ http://localhost:5173/src/pages/ConversationPanel.tsx?t=1785126586241:704
[   30597ms] [LOG] [BackendBanner] backendStatus: null type: object startupComplete: false @ http://localhost:5173/src/pages/ConversationPanel.tsx?t=1785126586241:704
[   30614ms] [LOG] [BackendBanner] backendStatus: null type: object startupComplete: false @ http://localhost:5173/src/pages/ConversationPanel.tsx?t=1785126586241:704
[   30614ms] [LOG] [BackendBanner] backendStatus: null type: object startupComplete: false @ http://localhost:5173/src/pages/ConversationPanel.tsx?t=1785126586241:704
[   30630ms] [LOG] [BackendBanner] backendStatus: null type: object startupComplete: false @ http://localhost:5173/src/pages/ConversationPanel.tsx?t=1785126586241:704
[   30631ms] [LOG] [BackendBanner] backendStatus: null type: object startupComplete: false @ http://localhost:5173/src/pages/ConversationPanel.tsx?t=1785126586241:704
[   30647ms] [LOG] [BackendBanner] backendStatus: null type: object startupComplete: false @ http://localhost:5173/src/pages/ConversationPanel.tsx?t=1785126586241:704
[   30648ms] [LOG] [BackendBanner] backendStatus: null type: object startupComplete: false @ http://localhost:5173/src/pages/ConversationPanel.tsx?t=1785126586241:704
[   30664ms] [LOG] [BackendBanner] backendStatus: null type: object startupComplete: false @ http://localhost:5173/src/pages/ConversationPanel.tsx?t=1785126586241:704
[   30664ms] [LOG] [BackendBanner] backendStatus: null type: object startupComplete: false @ http://localhost:5173/src/pages/ConversationPanel.tsx?t=1785126586241:704
[   30683ms] [LOG] [BackendBanner] backendStatus: null type: object startupComplete: false @ http://localhost:5173/src/pages/ConversationPanel.tsx?t=1785126586241:704
[   30683ms] [LOG] [BackendBanner] backendStatus: null type: object startupComplete: false @ http://localhost:5173/src/pages/ConversationPanel.tsx?t=1785126586241:704
[   30697ms] [LOG] [BackendBanner] backendStatus: null type: object startupComplete: false @ http://localhost:5173/src/pages/ConversationPanel.tsx?t=1785126586241:704
[   30698ms] [LOG] [BackendBanner] backendStatus: null type: object startupComplete: false @ http://localhost:5173/src/pages/ConversationPanel.tsx?t=1785126586241:704
[   30716ms] [LOG] [BackendBanner] backendStatus: null type: object startupComplete: false @ http://localhost:5173/src/pages/ConversationPanel.tsx?t=1785126586241:704
[   30716ms] [LOG] [BackendBanner] backendStatus: null type: object startupComplete: false @ http://localhost:5173/src/pages/ConversationPanel.tsx?t=1785126586241:704
[   30731ms] [LOG] [BackendBanner] backendStatus: null type: object startupComplete: false @ http://localhost:5173/src/pages/ConversationPanel.tsx?t=1785126586241:704
[   30732ms] [LOG] [BackendBanner] backendStatus: null type: object startupComplete: false @ http://localhost:5173/src/pages/ConversationPanel.tsx?t=1785126586241:704
[   30754ms] TypeError: Cannot read properties of undefined (reading 'nodes')
    at useFrameStateBridge (http://localhost:5173/src/core/bridge/FrameStateBridge.ts:203:13)
    at UniverseView (http://localhost:5173/src/pages/UniverseView.tsx?t=1785121609291:48:7)
    at renderWithHooks (http://localhost:5173/node_modules/.vite/deps/chunk-2EG2ZD3U.js?v=6057410a:11548:26)
    at mountIndeterminateComponent (http://localhost:5173/node_modules/.vite/deps/chunk-2EG2ZD3U.js?v=6057410a:14926:21)
    at beginWork (http://localhost:5173/node_modules/.vite/deps/chunk-2EG2ZD3U.js?v=6057410a:15914:22)
    at HTMLUnknownElement.callCallback2 (http://localhost:5173/node_modules/.vite/deps/chunk-2EG2ZD3U.js?v=6057410a:3674:22)
    at Object.invokeGuardedCallbackDev (http://localhost:5173/node_modules/.vite/deps/chunk-2EG2ZD3U.js?v=6057410a:3699:24)
    at invokeGuardedCallback (http://localhost:5173/node_modules/.vite/deps/chunk-2EG2ZD3U.js?v=6057410a:3733:39)
    at beginWork$1 (http://localhost:5173/node_modules/.vite/deps/chunk-2EG2ZD3U.js?v=6057410a:19765:15)
    at performUnitOfWork (http://localhost:5173/node_modules/.vite/deps/chunk-2EG2ZD3U.js?v=6057410a:19198:20)
[   30765ms] TypeError: Cannot read properties of undefined (reading 'nodes')
    at useFrameStateBridge (http://localhost:5173/src/core/bridge/FrameStateBridge.ts:203:13)
    at UniverseView (http://localhost:5173/src/pages/UniverseView.tsx?t=1785121609291:48:7)
    at renderWithHooks (http://localhost:5173/node_modules/.vite/deps/chunk-2EG2ZD3U.js?v=6057410a:11548:26)
    at mountIndeterminateComponent (http://localhost:5173/node_modules/.vite/deps/chunk-2EG2ZD3U.js?v=6057410a:14926:21)
    at beginWork (http://localhost:5173/node_modules/.vite/deps/chunk-2EG2ZD3U.js?v=6057410a:15914:22)
    at HTMLUnknownElement.callCallback2 (http://localhost:5173/node_modules/.vite/deps/chunk-2EG2ZD3U.js?v=6057410a:3674:22)
    at Object.invokeGuardedCallbackDev (http://localhost:5173/node_modules/.vite/deps/chunk-2EG2ZD3U.js?v=6057410a:3699:24)
    at invokeGuardedCallback (http://localhost:5173/node_modules/.vite/deps/chunk-2EG2ZD3U.js?v=6057410a:3733:39)
    at beginWork$1 (http://localhost:5173/node_modules/.vite/deps/chunk-2EG2ZD3U.js?v=6057410a:19765:15)
    at performUnitOfWork (http://localhost:5173/node_modules/.vite/deps/chunk-2EG2ZD3U.js?v=6057410a:19198:20)
[   30772ms] [ERROR] The above error occurred in the <UniverseView> component:

    at UniverseView (http://localhost:5173/src/pages/UniverseView.tsx?t=1785121609291:30:3)
    at R3FErrorBoundary (http://localhost:5173/src/components/R3FErrorBoundary.tsx:7:5)
    at div
    at MotionComponent (http://localhost:5173/node_modules/.vite/deps/framer-motion.js?v=6057410a:945:40)
    at div
    at CameraController2 (http://localhost:5173/src/components/spatial/camera/CameraController.tsx?t=1785127696740:25:3)
    at div
    at DesktopShell (http://localhost:5173/src/components/layout/DesktopShell.tsx?t=1785129319275:28:32)
    at div
    at div
    at div
    at ZaramProvider (http://localhost:5173/src/context/ZaramContext.jsx:20:33)
    at App (http://localhost:5173/src/App.jsx?t=1785129319275:112:27)
    at ThemeProvider (http://localhost:5173/src/theme/ThemeProvider.tsx:22:33)
    at PresenceProvider (http://localhost:5173/src/context/PresenceContext.tsx:25:36)
    at QueryClientProvider (http://localhost:5173/node_modules/.vite/deps/@tanstack_react-query.js?v=6057410a:3239:3)
    at ErrorBoundary (http://localhost:5173/src/components/common/ErrorBoundary.tsx:7:5)

React will try to recreate this component tree from scratch using the error boundary you provided, R3FErrorBoundary. @ http://localhost:5173/node_modules/.vite/deps/@react-three_fiber.js?v=6057410a:17704
[   30773ms] [ERROR] [R3FErrorBoundary] Caught error: TypeError: Cannot read properties of undefined (reading 'nodes')
    at useFrameStateBridge (http://localhost:5173/src/core/bridge/FrameStateBridge.ts:203:13)
    at UniverseView (http://localhost:5173/src/pages/UniverseView.tsx?t=1785121609291:48:7)
    at renderWithHooks (http://localhost:5173/node_modules/.vite/deps/chunk-2EG2ZD3U.js?v=6057410a:11548:26)
    at mountIndeterminateComponent (http://localhost:5173/node_modules/.vite/deps/chunk-2EG2ZD3U.js?v=6057410a:14926:21)
    at beginWork (http://localhost:5173/node_modules/.vite/deps/chunk-2EG2ZD3U.js?v=6057410a:15914:22)
    at beginWork$1 (http://localhost:5173/node_modules/.vite/deps/chunk-2EG2ZD3U.js?v=6057410a:19753:22)
    at performUnitOfWork (http://localhost:5173/node_modules/.vite/deps/chunk-2EG2ZD3U.js?v=6057410a:19198:20)
    at workLoopSync (http://localhost:5173/node_modules/.vite/deps/chunk-2EG2ZD3U.js?v=6057410a:19137:13)
    at renderRootSync (http://localhost:5173/node_modules/.vite/deps/chunk-2EG2ZD3U.js?v=6057410a:19116:15)
    at recoverFromConcurrentError (http://localhost:5173/node_modules/.vite/deps/chunk-2EG2ZD3U.js?v=6057410a:18736:28) @ http://localhost:5173/node_modules/.vite/deps/@react-three_fiber.js?v=6057410a:17704
[   30773ms] [ERROR] [R3FErrorBoundary] Component stack: 
    at UniverseView (http://localhost:5173/src/pages/UniverseView.tsx?t=1785121609291:30:3)
    at R3FErrorBoundary (http://localhost:5173/src/components/R3FErrorBoundary.tsx:7:5)
    at div
    at MotionComponent (http://localhost:5173/node_modules/.vite/deps/framer-motion.js?v=6057410a:945:40)
    at div
    at CameraController2 (http://localhost:5173/src/components/spatial/camera/CameraController.tsx?t=1785127696740:25:3)
    at div
    at DesktopShell (http://localhost:5173/src/components/layout/DesktopShell.tsx?t=1785129319275:28:32)
    at div
    at div
    at div
    at ZaramProvider (http://localhost:5173/src/context/ZaramContext.jsx:20:33)
    at App (http://localhost:5173/src/App.jsx?t=1785129319275:112:27)
    at ThemeProvider (http://localhost:5173/src/theme/ThemeProvider.tsx:22:33)
    at PresenceProvider (http://localhost:5173/src/context/PresenceContext.tsx:25:36)
    at QueryClientProvider (http://localhost:5173/node_modules/.vite/deps/@tanstack_react-query.js?v=6057410a:3239:3)
    at ErrorBoundary (http://localhost:5173/src/components/common/ErrorBoundary.tsx:7:5) @ http://localhost:5173/node_modules/.vite/deps/@react-three_fiber.js?v=6057410a:17704
[   34489ms] [INFO] %cDownload the React DevTools for a better development experience: https://reactjs.org/link/react-devtools font-weight:bold @ http://localhost:5173/node_modules/.vite/deps/chunk-2EG2ZD3U.js?v=6057410a:21550
[   34985ms] [WARNING] [DEPRECATED] Default export is deprecated. Instead use `import { create } from 'zustand'`. @ http://localhost:5173/node_modules/.vite/deps/zustand.js?v=6057410a:233
[   38030ms] TypeError: Cannot read properties of undefined (reading 'nodes')
    at useFrameStateBridge (http://localhost:5173/src/core/bridge/FrameStateBridge.ts:203:13)
    at UniverseView (http://localhost:5173/src/pages/UniverseView.tsx?t=1785121609291:48:7)
    at renderWithHooks (http://localhost:5173/node_modules/.vite/deps/chunk-2EG2ZD3U.js?v=6057410a:11548:26)
    at mountIndeterminateComponent (http://localhost:5173/node_modules/.vite/deps/chunk-2EG2ZD3U.js?v=6057410a:14926:21)
    at beginWork (http://localhost:5173/node_modules/.vite/deps/chunk-2EG2ZD3U.js?v=6057410a:15914:22)
    at HTMLUnknownElement.callCallback2 (http://localhost:5173/node_modules/.vite/deps/chunk-2EG2ZD3U.js?v=6057410a:3674:22)
    at Object.invokeGuardedCallbackDev (http://localhost:5173/node_modules/.vite/deps/chunk-2EG2ZD3U.js?v=6057410a:3699:24)
    at invokeGuardedCallback (http://localhost:5173/node_modules/.vite/deps/chunk-2EG2ZD3U.js?v=6057410a:3733:39)
    at beginWork$1 (http://localhost:5173/node_modules/.vite/deps/chunk-2EG2ZD3U.js?v=6057410a:19765:15)
    at performUnitOfWork (http://localhost:5173/node_modules/.vite/deps/chunk-2EG2ZD3U.js?v=6057410a:19198:20)
[   38040ms] TypeError: Cannot read properties of undefined (reading 'nodes')
    at useFrameStateBridge (http://localhost:5173/src/core/bridge/FrameStateBridge.ts:203:13)
    at UniverseView (http://localhost:5173/src/pages/UniverseView.tsx?t=1785121609291:48:7)
    at renderWithHooks (http://localhost:5173/node_modules/.vite/deps/chunk-2EG2ZD3U.js?v=6057410a:11548:26)
    at mountIndeterminateComponent (http://localhost:5173/node_modules/.vite/deps/chunk-2EG2ZD3U.js?v=6057410a:14926:21)
    at beginWork (http://localhost:5173/node_modules/.vite/deps/chunk-2EG2ZD3U.js?v=6057410a:15914:22)
    at HTMLUnknownElement.callCallback2 (http://localhost:5173/node_modules/.vite/deps/chunk-2EG2ZD3U.js?v=6057410a:3674:22)
    at Object.invokeGuardedCallbackDev (http://localhost:5173/node_modules/.vite/deps/chunk-2EG2ZD3U.js?v=6057410a:3699:24)
    at invokeGuardedCallback (http://localhost:5173/node_modules/.vite/deps/chunk-2EG2ZD3U.js?v=6057410a:3733:39)
    at beginWork$1 (http://localhost:5173/node_modules/.vite/deps/chunk-2EG2ZD3U.js?v=6057410a:19765:15)
    at performUnitOfWork (http://localhost:5173/node_modules/.vite/deps/chunk-2EG2ZD3U.js?v=6057410a:19198:20)
[   38047ms] [ERROR] The above error occurred in the <UniverseView> component:

    at UniverseView (http://localhost:5173/src/pages/UniverseView.tsx?t=1785121609291:30:3)
    at R3FErrorBoundary (http://localhost:5173/src/components/R3FErrorBoundary.tsx:7:5)
    at div
    at MotionComponent (http://localhost:5173/node_modules/.vite/deps/framer-motion.js?v=6057410a:945:40)
    at div
    at CameraController2 (http://localhost:5173/src/components/spatial/camera/CameraController.tsx?t=1785127696740:25:3)
    at div
    at DesktopShell (http://localhost:5173/src/components/layout/DesktopShell.tsx?t=1785129319275:28:32)
    at div
    at div
    at div
    at ZaramProvider (http://localhost:5173/src/context/ZaramContext.jsx:20:33)
    at App (http://localhost:5173/src/App.jsx?t=1785129319275:112:27)
    at ThemeProvider (http://localhost:5173/src/theme/ThemeProvider.tsx:22:33)
    at PresenceProvider (http://localhost:5173/src/context/PresenceContext.tsx:25:36)
    at QueryClientProvider (http://localhost:5173/node_modules/.vite/deps/@tanstack_react-query.js?v=6057410a:3239:3)
    at ErrorBoundary (http://localhost:5173/src/components/common/ErrorBoundary.tsx:7:5)

React will try to recreate this component tree from scratch using the error boundary you provided, R3FErrorBoundary. @ http://localhost:5173/node_modules/.vite/deps/@react-three_fiber.js?v=6057410a:17704
[   38047ms] [ERROR] [R3FErrorBoundary] Caught error: TypeError: Cannot read properties of undefined (reading 'nodes')
    at useFrameStateBridge (http://localhost:5173/src/core/bridge/FrameStateBridge.ts:203:13)
    at UniverseView (http://localhost:5173/src/pages/UniverseView.tsx?t=1785121609291:48:7)
    at renderWithHooks (http://localhost:5173/node_modules/.vite/deps/chunk-2EG2ZD3U.js?v=6057410a:11548:26)
    at mountIndeterminateComponent (http://localhost:5173/node_modules/.vite/deps/chunk-2EG2ZD3U.js?v=6057410a:14926:21)
    at beginWork (http://localhost:5173/node_modules/.vite/deps/chunk-2EG2ZD3U.js?v=6057410a:15914:22)
    at beginWork$1 (http://localhost:5173/node_modules/.vite/deps/chunk-2EG2ZD3U.js?v=6057410a:19753:22)
    at performUnitOfWork (http://localhost:5173/node_modules/.vite/deps/chunk-2EG2ZD3U.js?v=6057410a:19198:20)
    at workLoopSync (http://localhost:5173/node_modules/.vite/deps/chunk-2EG2ZD3U.js?v=6057410a:19137:13)
    at renderRootSync (http://localhost:5173/node_modules/.vite/deps/chunk-2EG2ZD3U.js?v=6057410a:19116:15)
    at recoverFromConcurrentError (http://localhost:5173/node_modules/.vite/deps/chunk-2EG2ZD3U.js?v=6057410a:18736:28) @ http://localhost:5173/node_modules/.vite/deps/@react-three_fiber.js?v=6057410a:17704
[   38048ms] [ERROR] [R3FErrorBoundary] Component stack: 
    at UniverseView (http://localhost:5173/src/pages/UniverseView.tsx?t=1785121609291:30:3)
    at R3FErrorBoundary (http://localhost:5173/src/components/R3FErrorBoundary.tsx:7:5)
    at div
    at MotionComponent (http://localhost:5173/node_modules/.vite/deps/framer-motion.js?v=6057410a:945:40)
    at div
    at CameraController2 (http://localhost:5173/src/components/spatial/camera/CameraController.tsx?t=1785127696740:25:3)
    at div
    at DesktopShell (http://localhost:5173/src/components/layout/DesktopShell.tsx?t=1785129319275:28:32)
    at div
    at div
    at div
    at ZaramProvider (http://localhost:5173/src/context/ZaramContext.jsx:20:33)
    at App (http://localhost:5173/src/App.jsx?t=1785129319275:112:27)
    at ThemeProvider (http://localhost:5173/src/theme/ThemeProvider.tsx:22:33)
    at PresenceProvider (http://localhost:5173/src/context/PresenceContext.tsx:25:36)
    at QueryClientProvider (http://localhost:5173/node_modules/.vite/deps/@tanstack_react-query.js?v=6057410a:3239:3)
    at ErrorBoundary (http://localhost:5173/src/components/common/ErrorBoundary.tsx:7:5) @ http://localhost:5173/node_modules/.vite/deps/@react-three_fiber.js?v=6057410a:17704
[   39815ms] [INFO] %cDownload the React DevTools for a better development experience: https://reactjs.org/link/react-devtools font-weight:bold @ http://localhost:5173/node_modules/.vite/deps/chunk-2EG2ZD3U.js?v=6057410a:21550
[   40221ms] [WARNING] [DEPRECATED] Default export is deprecated. Instead use `import { create } from 'zustand'`. @ http://localhost:5173/node_modules/.vite/deps/zustand.js?v=6057410a:233
[   43264ms] TypeError: Cannot read properties of undefined (reading 'nodes')
    at useFrameStateBridge (http://localhost:5173/src/core/bridge/FrameStateBridge.ts:203:13)
    at UniverseView (http://localhost:5173/src/pages/UniverseView.tsx?t=1785121609291:48:7)
    at renderWithHooks (http://localhost:5173/node_modules/.vite/deps/chunk-2EG2ZD3U.js?v=6057410a:11548:26)
    at mountIndeterminateComponent (http://localhost:5173/node_modules/.vite/deps/chunk-2EG2ZD3U.js?v=6057410a:14926:21)
    at beginWork (http://localhost:5173/node_modules/.vite/deps/chunk-2EG2ZD3U.js?v=6057410a:15914:22)
    at HTMLUnknownElement.callCallback2 (http://localhost:5173/node_modules/.vite/deps/chunk-2EG2ZD3U.js?v=6057410a:3674:22)
    at Object.invokeGuardedCallbackDev (http://localhost:5173/node_modules/.vite/deps/chunk-2EG2ZD3U.js?v=6057410a:3699:24)
    at invokeGuardedCallback (http://localhost:5173/node_modules/.vite/deps/chunk-2EG2ZD3U.js?v=6057410a:3733:39)
    at beginWork$1 (http://localhost:5173/node_modules/.vite/deps/chunk-2EG2ZD3U.js?v=6057410a:19765:15)
    at performUnitOfWork (http://localhost:5173/node_modules/.vite/deps/chunk-2EG2ZD3U.js?v=6057410a:19198:20)
[   43274ms] TypeError: Cannot read properties of undefined (reading 'nodes')
    at useFrameStateBridge (http://localhost:5173/src/core/bridge/FrameStateBridge.ts:203:13)
    at UniverseView (http://localhost:5173/src/pages/UniverseView.tsx?t=1785121609291:48:7)
    at renderWithHooks (http://localhost:5173/node_modules/.vite/deps/chunk-2EG2ZD3U.js?v=6057410a:11548:26)
    at mountIndeterminateComponent (http://localhost:5173/node_modules/.vite/deps/chunk-2EG2ZD3U.js?v=6057410a:14926:21)
    at beginWork (http://localhost:5173/node_modules/.vite/deps/chunk-2EG2ZD3U.js?v=6057410a:15914:22)
    at HTMLUnknownElement.callCallback2 (http://localhost:5173/node_modules/.vite/deps/chunk-2EG2ZD3U.js?v=6057410a:3674:22)
    at Object.invokeGuardedCallbackDev (http://localhost:5173/node_modules/.vite/deps/chunk-2EG2ZD3U.js?v=6057410a:3699:24)
    at invokeGuardedCallback (http://localhost:5173/node_modules/.vite/deps/chunk-2EG2ZD3U.js?v=6057410a:3733:39)
    at beginWork$1 (http://localhost:5173/node_modules/.vite/deps/chunk-2EG2ZD3U.js?v=6057410a:19765:15)
    at performUnitOfWork (http://localhost:5173/node_modules/.vite/deps/chunk-2EG2ZD3U.js?v=6057410a:19198:20)
[   43281ms] [ERROR] The above error occurred in the <UniverseView> component:

    at UniverseView (http://localhost:5173/src/pages/UniverseView.tsx?t=1785121609291:30:3)
    at R3FErrorBoundary (http://localhost:5173/src/components/R3FErrorBoundary.tsx:7:5)
    at div
    at MotionComponent (http://localhost:5173/node_modules/.vite/deps/framer-motion.js?v=6057410a:945:40)
    at div
    at CameraController2 (http://localhost:5173/src/components/spatial/camera/CameraController.tsx?t=1785127696740:25:3)
    at div
    at DesktopShell (http://localhost:5173/src/components/layout/DesktopShell.tsx?t=1785129319275:28:32)
    at div
    at div
    at div
    at ZaramProvider (http://localhost:5173/src/context/ZaramContext.jsx:20:33)
    at App (http://localhost:5173/src/App.jsx?t=1785129319275:112:27)
    at ThemeProvider (http://localhost:5173/src/theme/ThemeProvider.tsx:22:33)
    at PresenceProvider (http://localhost:5173/src/context/PresenceContext.tsx:25:36)
    at QueryClientProvider (http://localhost:5173/node_modules/.vite/deps/@tanstack_react-query.js?v=6057410a:3239:3)
    at ErrorBoundary (http://localhost:5173/src/components/common/ErrorBoundary.tsx:7:5)

React will try to recreate this component tree from scratch using the error boundary you provided, R3FErrorBoundary. @ http://localhost:5173/node_modules/.vite/deps/@react-three_fiber.js?v=6057410a:17704
[   43282ms] [ERROR] [R3FErrorBoundary] Caught error: TypeError: Cannot read properties of undefined (reading 'nodes')
    at useFrameStateBridge (http://localhost:5173/src/core/bridge/FrameStateBridge.ts:203:13)
    at UniverseView (http://localhost:5173/src/pages/UniverseView.tsx?t=1785121609291:48:7)
    at renderWithHooks (http://localhost:5173/node_modules/.vite/deps/chunk-2EG2ZD3U.js?v=6057410a:11548:26)
    at mountIndeterminateComponent (http://localhost:5173/node_modules/.vite/deps/chunk-2EG2ZD3U.js?v=6057410a:14926:21)
    at beginWork (http://localhost:5173/node_modules/.vite/deps/chunk-2EG2ZD3U.js?v=6057410a:15914:22)
    at beginWork$1 (http://localhost:5173/node_modules/.vite/deps/chunk-2EG2ZD3U.js?v=6057410a:19753:22)
    at performUnitOfWork (http://localhost:5173/node_modules/.vite/deps/chunk-2EG2ZD3U.js?v=6057410a:19198:20)
    at workLoopSync (http://localhost:5173/node_modules/.vite/deps/chunk-2EG2ZD3U.js?v=6057410a:19137:13)
    at renderRootSync (http://localhost:5173/node_modules/.vite/deps/chunk-2EG2ZD3U.js?v=6057410a:19116:15)
    at recoverFromConcurrentError (http://localhost:5173/node_modules/.vite/deps/chunk-2EG2ZD3U.js?v=6057410a:18736:28) @ http://localhost:5173/node_modules/.vite/deps/@react-three_fiber.js?v=6057410a:17704
[   43282ms] [ERROR] [R3FErrorBoundary] Component stack: 
    at UniverseView (http://localhost:5173/src/pages/UniverseView.tsx?t=1785121609291:30:3)
    at R3FErrorBoundary (http://localhost:5173/src/components/R3FErrorBoundary.tsx:7:5)
    at div
    at MotionComponent (http://localhost:5173/node_modules/.vite/deps/framer-motion.js?v=6057410a:945:40)
    at div
    at CameraController2 (http://localhost:5173/src/components/spatial/camera/CameraController.tsx?t=1785127696740:25:3)
    at div
    at DesktopShell (http://localhost:5173/src/components/layout/DesktopShell.tsx?t=1785129319275:28:32)
    at div
    at div
    at div
    at ZaramProvider (http://localhost:5173/src/context/ZaramContext.jsx:20:33)
    at App (http://localhost:5173/src/App.jsx?t=1785129319275:112:27)
    at ThemeProvider (http://localhost:5173/src/theme/ThemeProvider.tsx:22:33)
    at PresenceProvider (http://localhost:5173/src/context/PresenceContext.tsx:25:36)
    at QueryClientProvider (http://localhost:5173/node_modules/.vite/deps/@tanstack_react-query.js?v=6057410a:3239:3)
    at ErrorBoundary (http://localhost:5173/src/components/common/ErrorBoundary.tsx:7:5) @ http://localhost:5173/node_modules/.vite/deps/@react-three_fiber.js?v=6057410a:17704
[   45639ms] [INFO] %cDownload the React DevTools for a better development experience: https://reactjs.org/link/react-devtools font-weight:bold @ http://localhost:5173/node_modules/.vite/deps/chunk-2EG2ZD3U.js?v=6057410a:21550
[   46075ms] [WARNING] [DEPRECATED] Default export is deprecated. Instead use `import { create } from 'zustand'`. @ http://localhost:5173/node_modules/.vite/deps/zustand.js?v=6057410a:233
[   49130ms] TypeError: Cannot read properties of undefined (reading 'nodes')
    at useFrameStateBridge (http://localhost:5173/src/core/bridge/FrameStateBridge.ts:203:13)
    at UniverseView (http://localhost:5173/src/pages/UniverseView.tsx?t=1785121609291:48:7)
    at renderWithHooks (http://localhost:5173/node_modules/.vite/deps/chunk-2EG2ZD3U.js?v=6057410a:11548:26)
    at mountIndeterminateComponent (http://localhost:5173/node_modules/.vite/deps/chunk-2EG2ZD3U.js?v=6057410a:14926:21)
    at beginWork (http://localhost:5173/node_modules/.vite/deps/chunk-2EG2ZD3U.js?v=6057410a:15914:22)
    at HTMLUnknownElement.callCallback2 (http://localhost:5173/node_modules/.vite/deps/chunk-2EG2ZD3U.js?v=6057410a:3674:22)
    at Object.invokeGuardedCallbackDev (http://localhost:5173/node_modules/.vite/deps/chunk-2EG2ZD3U.js?v=6057410a:3699:24)
    at invokeGuardedCallback (http://localhost:5173/node_modules/.vite/deps/chunk-2EG2ZD3U.js?v=6057410a:3733:39)
    at beginWork$1 (http://localhost:5173/node_modules/.vite/deps/chunk-2EG2ZD3U.js?v=6057410a:19765:15)
    at performUnitOfWork (http://localhost:5173/node_modules/.vite/deps/chunk-2EG2ZD3U.js?v=6057410a:19198:20)
[   49140ms] TypeError: Cannot read properties of undefined (reading 'nodes')
    at useFrameStateBridge (http://localhost:5173/src/core/bridge/FrameStateBridge.ts:203:13)
    at UniverseView (http://localhost:5173/src/pages/UniverseView.tsx?t=1785121609291:48:7)
    at renderWithHooks (http://localhost:5173/node_modules/.vite/deps/chunk-2EG2ZD3U.js?v=6057410a:11548:26)
    at mountIndeterminateComponent (http://localhost:5173/node_modules/.vite/deps/chunk-2EG2ZD3U.js?v=6057410a:14926:21)
    at beginWork (http://localhost:5173/node_modules/.vite/deps/chunk-2EG2ZD3U.js?v=6057410a:15914:22)
    at HTMLUnknownElement.callCallback2 (http://localhost:5173/node_modules/.vite/deps/chunk-2EG2ZD3U.js?v=6057410a:3674:22)
    at Object.invokeGuardedCallbackDev (http://localhost:5173/node_modules/.vite/deps/chunk-2EG2ZD3U.js?v=6057410a:3699:24)
    at invokeGuardedCallback (http://localhost:5173/node_modules/.vite/deps/chunk-2EG2ZD3U.js?v=6057410a:3733:39)
    at beginWork$1 (http://localhost:5173/node_modules/.vite/deps/chunk-2EG2ZD3U.js?v=6057410a:19765:15)
    at performUnitOfWork (http://localhost:5173/node_modules/.vite/deps/chunk-2EG2ZD3U.js?v=6057410a:19198:20)
[   49146ms] [ERROR] The above error occurred in the <UniverseView> component:

    at UniverseView (http://localhost:5173/src/pages/UniverseView.tsx?t=1785121609291:30:3)
    at R3FErrorBoundary (http://localhost:5173/src/components/R3FErrorBoundary.tsx:7:5)
    at div
    at MotionComponent (http://localhost:5173/node_modules/.vite/deps/framer-motion.js?v=6057410a:945:40)
    at div
    at CameraController2 (http://localhost:5173/src/components/spatial/camera/CameraController.tsx?t=1785127696740:25:3)
    at div
    at DesktopShell (http://localhost:5173/src/components/layout/DesktopShell.tsx?t=1785129319275:28:32)
    at div
    at div
    at div
    at ZaramProvider (http://localhost:5173/src/context/ZaramContext.jsx:20:33)
    at App (http://localhost:5173/src/App.jsx?t=1785129319275:112:27)
    at ThemeProvider (http://localhost:5173/src/theme/ThemeProvider.tsx:22:33)
    at PresenceProvider (http://localhost:5173/src/context/PresenceContext.tsx:25:36)
    at QueryClientProvider (http://localhost:5173/node_modules/.vite/deps/@tanstack_react-query.js?v=6057410a:3239:3)
    at ErrorBoundary (http://localhost:5173/src/components/common/ErrorBoundary.tsx:7:5)

React will try to recreate this component tree from scratch using the error boundary you provided, R3FErrorBoundary. @ http://localhost:5173/node_modules/.vite/deps/@react-three_fiber.js?v=6057410a:17704
[   49146ms] [ERROR] [R3FErrorBoundary] Caught error: TypeError: Cannot read properties of undefined (reading 'nodes')
    at useFrameStateBridge (http://localhost:5173/src/core/bridge/FrameStateBridge.ts:203:13)
    at UniverseView (http://localhost:5173/src/pages/UniverseView.tsx?t=1785121609291:48:7)
    at renderWithHooks (http://localhost:5173/node_modules/.vite/deps/chunk-2EG2ZD3U.js?v=6057410a:11548:26)
    at mountIndeterminateComponent (http://localhost:5173/node_modules/.vite/deps/chunk-2EG2ZD3U.js?v=6057410a:14926:21)
    at beginWork (http://localhost:5173/node_modules/.vite/deps/chunk-2EG2ZD3U.js?v=6057410a:15914:22)
    at beginWork$1 (http://localhost:5173/node_modules/.vite/deps/chunk-2EG2ZD3U.js?v=6057410a:19753:22)
    at performUnitOfWork (http://localhost:5173/node_modules/.vite/deps/chunk-2EG2ZD3U.js?v=6057410a:19198:20)
    at workLoopSync (http://localhost:5173/node_modules/.vite/deps/chunk-2EG2ZD3U.js?v=6057410a:19137:13)
    at renderRootSync (http://localhost:5173/node_modules/.vite/deps/chunk-2EG2ZD3U.js?v=6057410a:19116:15)
    at recoverFromConcurrentError (http://localhost:5173/node_modules/.vite/deps/chunk-2EG2ZD3U.js?v=6057410a:18736:28) @ http://localhost:5173/node_modules/.vite/deps/@react-three_fiber.js?v=6057410a:17704
[   49146ms] [ERROR] [R3FErrorBoundary] Component stack: 
    at UniverseView (http://localhost:5173/src/pages/UniverseView.tsx?t=1785121609291:30:3)
    at R3FErrorBoundary (http://localhost:5173/src/components/R3FErrorBoundary.tsx:7:5)
    at div
    at MotionComponent (http://localhost:5173/node_modules/.vite/deps/framer-motion.js?v=6057410a:945:40)
    at div
    at CameraController2 (http://localhost:5173/src/components/spatial/camera/CameraController.tsx?t=1785127696740:25:3)
    at div
    at DesktopShell (http://localhost:5173/src/components/layout/DesktopShell.tsx?t=1785129319275:28:32)
    at div
    at div
    at div
    at ZaramProvider (http://localhost:5173/src/context/ZaramContext.jsx:20:33)
    at App (http://localhost:5173/src/App.jsx?t=1785129319275:112:27)
    at ThemeProvider (http://localhost:5173/src/theme/ThemeProvider.tsx:22:33)
    at PresenceProvider (http://localhost:5173/src/context/PresenceContext.tsx:25:36)
    at QueryClientProvider (http://localhost:5173/node_modules/.vite/deps/@tanstack_react-query.js?v=6057410a:3239:3)
    at ErrorBoundary (http://localhost:5173/src/components/common/ErrorBoundary.tsx:7:5) @ http://localhost:5173/node_modules/.vite/deps/@react-three_fiber.js?v=6057410a:17704
[   57957ms] [INFO] %cDownload the React DevTools for a better development experience: https://reactjs.org/link/react-devtools font-weight:bold @ http://localhost:5173/node_modules/.vite/deps/chunk-2EG2ZD3U.js?v=6057410a:21550
[   58291ms] [WARNING] [DEPRECATED] Default export is deprecated. Instead use `import { create } from 'zustand'`. @ http://localhost:5173/node_modules/.vite/deps/zustand.js?v=6057410a:233
[   61357ms] TypeError: Cannot read properties of undefined (reading 'nodes')
    at useFrameStateBridge (http://localhost:5173/src/core/bridge/FrameStateBridge.ts:203:13)
    at UniverseView (http://localhost:5173/src/pages/UniverseView.tsx?t=1785121609291:48:7)
    at renderWithHooks (http://localhost:5173/node_modules/.vite/deps/chunk-2EG2ZD3U.js?v=6057410a:11548:26)
    at mountIndeterminateComponent (http://localhost:5173/node_modules/.vite/deps/chunk-2EG2ZD3U.js?v=6057410a:14926:21)
    at beginWork (http://localhost:5173/node_modules/.vite/deps/chunk-2EG2ZD3U.js?v=6057410a:15914:22)
    at HTMLUnknownElement.callCallback2 (http://localhost:5173/node_modules/.vite/deps/chunk-2EG2ZD3U.js?v=6057410a:3674:22)
    at Object.invokeGuardedCallbackDev (http://localhost:5173/node_modules/.vite/deps/chunk-2EG2ZD3U.js?v=6057410a:3699:24)
    at invokeGuardedCallback (http://localhost:5173/node_modules/.vite/deps/chunk-2EG2ZD3U.js?v=6057410a:3733:39)
    at beginWork$1 (http://localhost:5173/node_modules/.vite/deps/chunk-2EG2ZD3U.js?v=6057410a:19765:15)
    at performUnitOfWork (http://localhost:5173/node_modules/.vite/deps/chunk-2EG2ZD3U.js?v=6057410a:19198:20)
[   61357ms] TypeError: Cannot read properties of undefined (reading 'nodes')
    at useFrameStateBridge (http://localhost:5173/src/core/bridge/FrameStateBridge.ts:203:13)
    at UniverseView (http://localhost:5173/src/pages/UniverseView.tsx?t=1785121609291:48:7)
    at renderWithHooks (http://localhost:5173/node_modules/.vite/deps/chunk-2EG2ZD3U.js?v=6057410a:11548:26)
    at mountIndeterminateComponent (http://localhost:5173/node_modules/.vite/deps/chunk-2EG2ZD3U.js?v=6057410a:14926:21)
    at beginWork (http://localhost:5173/node_modules/.vite/deps/chunk-2EG2ZD3U.js?v=6057410a:15914:22)
    at HTMLUnknownElement.callCallback2 (http://localhost:5173/node_modules/.vite/deps/chunk-2EG2ZD3U.js?v=6057410a:3674:22)
    at Object.invokeGuardedCallbackDev (http://localhost:5173/node_modules/.vite/deps/chunk-2EG2ZD3U.js?v=6057410a:3699:24)
    at invokeGuardedCallback (http://localhost:5173/node_modules/.vite/deps/chunk-2EG2ZD3U.js?v=6057410a:3733:39)
    at beginWork$1 (http://localhost:5173/node_modules/.vite/deps/chunk-2EG2ZD3U.js?v=6057410a:19765:15)
    at performUnitOfWork (http://localhost:5173/node_modules/.vite/deps/chunk-2EG2ZD3U.js?v=6057410a:19198:20)
[   61364ms] [ERROR] The above error occurred in the <UniverseView> component:

    at UniverseView (http://localhost:5173/src/pages/UniverseView.tsx?t=1785121609291:30:3)
    at R3FErrorBoundary (http://localhost:5173/src/components/R3FErrorBoundary.tsx:7:5)
    at div
    at MotionComponent (http://localhost:5173/node_modules/.vite/deps/framer-motion.js?v=6057410a:945:40)
    at div
    at CameraController2 (http://localhost:5173/src/components/spatial/camera/CameraController.tsx?t=1785127696740:25:3)
    at div
    at DesktopShell (http://localhost:5173/src/components/layout/DesktopShell.tsx?t=1785129319275:28:32)
    at div
    at div
    at div
    at ZaramProvider (http://localhost:5173/src/context/ZaramContext.jsx:20:33)
    at App (http://localhost:5173/src/App.jsx?t=1785129319275:112:27)
    at ThemeProvider (http://localhost:5173/src/theme/ThemeProvider.tsx:22:33)
    at PresenceProvider (http://localhost:5173/src/context/PresenceContext.tsx:25:36)
    at QueryClientProvider (http://localhost:5173/node_modules/.vite/deps/@tanstack_react-query.js?v=6057410a:3239:3)
    at ErrorBoundary (http://localhost:5173/src/components/common/ErrorBoundary.tsx:7:5)

React will try to recreate this component tree from scratch using the error boundary you provided, R3FErrorBoundary. @ http://localhost:5173/node_modules/.vite/deps/@react-three_fiber.js?v=6057410a:17704
[   61364ms] [ERROR] [R3FErrorBoundary] Caught error: TypeError: Cannot read properties of undefined (reading 'nodes')
    at useFrameStateBridge (http://localhost:5173/src/core/bridge/FrameStateBridge.ts:203:13)
    at UniverseView (http://localhost:5173/src/pages/UniverseView.tsx?t=1785121609291:48:7)
    at renderWithHooks (http://localhost:5173/node_modules/.vite/deps/chunk-2EG2ZD3U.js?v=6057410a:11548:26)
    at mountIndeterminateComponent (http://localhost:5173/node_modules/.vite/deps/chunk-2EG2ZD3U.js?v=6057410a:14926:21)
    at beginWork (http://localhost:5173/node_modules/.vite/deps/chunk-2EG2ZD3U.js?v=6057410a:15914:22)
    at beginWork$1 (http://localhost:5173/node_modules/.vite/deps/chunk-2EG2ZD3U.js?v=6057410a:19753:22)
    at performUnitOfWork (http://localhost:5173/node_modules/.vite/deps/chunk-2EG2ZD3U.js?v=6057410a:19198:20)
    at workLoopSync (http://localhost:5173/node_modules/.vite/deps/chunk-2EG2ZD3U.js?v=6057410a:19137:13)
    at renderRootSync (http://localhost:5173/node_modules/.vite/deps/chunk-2EG2ZD3U.js?v=6057410a:19116:15)
    at recoverFromConcurrentError (http://localhost:5173/node_modules/.vite/deps/chunk-2EG2ZD3U.js?v=6057410a:18736:28) @ http://localhost:5173/node_modules/.vite/deps/@react-three_fiber.js?v=6057410a:17704
[   61365ms] [ERROR] [R3FErrorBoundary] Component stack: 
    at UniverseView (http://localhost:5173/src/pages/UniverseView.tsx?t=1785121609291:30:3)
    at R3FErrorBoundary (http://localhost:5173/src/components/R3FErrorBoundary.tsx:7:5)
    at div
    at MotionComponent (http://localhost:5173/node_modules/.vite/deps/framer-motion.js?v=6057410a:945:40)
    at div
    at CameraController2 (http://localhost:5173/src/components/spatial/camera/CameraController.tsx?t=1785127696740:25:3)
    at div
    at DesktopShell (http://localhost:5173/src/components/layout/DesktopShell.tsx?t=1785129319275:28:32)
    at div
    at div
    at div
    at ZaramProvider (http://localhost:5173/src/context/ZaramContext.jsx:20:33)
    at App (http://localhost:5173/src/App.jsx?t=1785129319275:112:27)
    at ThemeProvider (http://localhost:5173/src/theme/ThemeProvider.tsx:22:33)
    at PresenceProvider (http://localhost:5173/src/context/PresenceContext.tsx:25:36)
    at QueryClientProvider (http://localhost:5173/node_modules/.vite/deps/@tanstack_react-query.js?v=6057410a:3239:3)
    at ErrorBoundary (http://localhost:5173/src/components/common/ErrorBoundary.tsx:7:5) @ http://localhost:5173/node_modules/.vite/deps/@react-three_fiber.js?v=6057410a:17704
[   71127ms] TypeError: Cannot read properties of undefined (reading 'nodes')
    at useFrameStateBridge (http://localhost:5173/src/core/bridge/FrameStateBridge.ts:203:13)
    at UniverseView (http://localhost:5173/src/pages/UniverseView.tsx?t=1785121609291:48:7)
    at renderWithHooks (http://localhost:5173/node_modules/.vite/deps/chunk-2EG2ZD3U.js?v=6057410a:11548:26)
    at mountIndeterminateComponent (http://localhost:5173/node_modules/.vite/deps/chunk-2EG2ZD3U.js?v=6057410a:14926:21)
    at beginWork (http://localhost:5173/node_modules/.vite/deps/chunk-2EG2ZD3U.js?v=6057410a:15914:22)
    at HTMLUnknownElement.callCallback2 (http://localhost:5173/node_modules/.vite/deps/chunk-2EG2ZD3U.js?v=6057410a:3674:22)
    at Object.invokeGuardedCallbackDev (http://localhost:5173/node_modules/.vite/deps/chunk-2EG2ZD3U.js?v=6057410a:3699:24)
    at invokeGuardedCallback (http://localhost:5173/node_modules/.vite/deps/chunk-2EG2ZD3U.js?v=6057410a:3733:39)
    at beginWork$1 (http://localhost:5173/node_modules/.vite/deps/chunk-2EG2ZD3U.js?v=6057410a:19765:15)
    at performUnitOfWork (http://localhost:5173/node_modules/.vite/deps/chunk-2EG2ZD3U.js?v=6057410a:19198:20)
[   71129ms] TypeError: Cannot read properties of undefined (reading 'nodes')
    at useFrameStateBridge (http://localhost:5173/src/core/bridge/FrameStateBridge.ts:203:13)
    at UniverseView (http://localhost:5173/src/pages/UniverseView.tsx?t=1785121609291:48:7)
    at renderWithHooks (http://localhost:5173/node_modules/.vite/deps/chunk-2EG2ZD3U.js?v=6057410a:11548:26)
    at mountIndeterminateComponent (http://localhost:5173/node_modules/.vite/deps/chunk-2EG2ZD3U.js?v=6057410a:14926:21)
    at beginWork (http://localhost:5173/node_modules/.vite/deps/chunk-2EG2ZD3U.js?v=6057410a:15914:22)
    at HTMLUnknownElement.callCallback2 (http://localhost:5173/node_modules/.vite/deps/chunk-2EG2ZD3U.js?v=6057410a:3674:22)
    at Object.invokeGuardedCallbackDev (http://localhost:5173/node_modules/.vite/deps/chunk-2EG2ZD3U.js?v=6057410a:3699:24)
    at invokeGuardedCallback (http://localhost:5173/node_modules/.vite/deps/chunk-2EG2ZD3U.js?v=6057410a:3733:39)
    at beginWork$1 (http://localhost:5173/node_modules/.vite/deps/chunk-2EG2ZD3U.js?v=6057410a:19765:15)
    at performUnitOfWork (http://localhost:5173/node_modules/.vite/deps/chunk-2EG2ZD3U.js?v=6057410a:19198:20)
[   71131ms] [ERROR] The above error occurred in the <UniverseView> component:

    at UniverseView (http://localhost:5173/src/pages/UniverseView.tsx?t=1785121609291:30:3)
    at R3FErrorBoundary (http://localhost:5173/src/components/R3FErrorBoundary.tsx:7:5)
    at div
    at MotionComponent (http://localhost:5173/node_modules/.vite/deps/framer-motion.js?v=6057410a:945:40)
    at div
    at CameraController2 (http://localhost:5173/src/components/spatial/camera/CameraController.tsx?t=1785127696740:25:3)
    at div
    at DesktopShell (http://localhost:5173/src/components/layout/DesktopShell.tsx?t=1785129319275:28:32)
    at div
    at div
    at div
    at ZaramProvider (http://localhost:5173/src/context/ZaramContext.jsx:20:33)
    at App (http://localhost:5173/src/App.jsx?t=1785129319275:112:27)
    at ThemeProvider (http://localhost:5173/src/theme/ThemeProvider.tsx:22:33)
    at PresenceProvider (http://localhost:5173/src/context/PresenceContext.tsx:25:36)
    at QueryClientProvider (http://localhost:5173/node_modules/.vite/deps/@tanstack_react-query.js?v=6057410a:3239:3)
    at ErrorBoundary (http://localhost:5173/src/components/common/ErrorBoundary.tsx:7:5)

React will try to recreate this component tree from scratch using the error boundary you provided, R3FErrorBoundary. @ http://localhost:5173/node_modules/.vite/deps/@react-three_fiber.js?v=6057410a:17704
[   71131ms] [ERROR] [R3FErrorBoundary] Caught error: TypeError: Cannot read properties of undefined (reading 'nodes')
    at useFrameStateBridge (http://localhost:5173/src/core/bridge/FrameStateBridge.ts:203:13)
    at UniverseView (http://localhost:5173/src/pages/UniverseView.tsx?t=1785121609291:48:7)
    at renderWithHooks (http://localhost:5173/node_modules/.vite/deps/chunk-2EG2ZD3U.js?v=6057410a:11548:26)
    at mountIndeterminateComponent (http://localhost:5173/node_modules/.vite/deps/chunk-2EG2ZD3U.js?v=6057410a:14926:21)
    at beginWork (http://localhost:5173/node_modules/.vite/deps/chunk-2EG2ZD3U.js?v=6057410a:15914:22)
    at beginWork$1 (http://localhost:5173/node_modules/.vite/deps/chunk-2EG2ZD3U.js?v=6057410a:19753:22)
    at performUnitOfWork (http://localhost:5173/node_modules/.vite/deps/chunk-2EG2ZD3U.js?v=6057410a:19198:20)
    at workLoopSync (http://localhost:5173/node_modules/.vite/deps/chunk-2EG2ZD3U.js?v=6057410a:19137:13)
    at renderRootSync (http://localhost:5173/node_modules/.vite/deps/chunk-2EG2ZD3U.js?v=6057410a:19116:15)
    at recoverFromConcurrentError (http://localhost:5173/node_modules/.vite/deps/chunk-2EG2ZD3U.js?v=6057410a:18736:28) @ http://localhost:5173/node_modules/.vite/deps/@react-three_fiber.js?v=6057410a:17704
[   71132ms] [ERROR] [R3FErrorBoundary] Component stack: 
    at UniverseView (http://localhost:5173/src/pages/UniverseView.tsx?t=1785121609291:30:3)
    at R3FErrorBoundary (http://localhost:5173/src/components/R3FErrorBoundary.tsx:7:5)
    at div
    at MotionComponent (http://localhost:5173/node_modules/.vite/deps/framer-motion.js?v=6057410a:945:40)
    at div
    at CameraController2 (http://localhost:5173/src/components/spatial/camera/CameraController.tsx?t=1785127696740:25:3)
    at div
    at DesktopShell (http://localhost:5173/src/components/layout/DesktopShell.tsx?t=1785129319275:28:32)
    at div
    at div
    at div
    at ZaramProvider (http://localhost:5173/src/context/ZaramContext.jsx:20:33)
    at App (http://localhost:5173/src/App.jsx?t=1785129319275:112:27)
    at ThemeProvider (http://localhost:5173/src/theme/ThemeProvider.tsx:22:33)
    at PresenceProvider (http://localhost:5173/src/context/PresenceContext.tsx:25:36)
    at QueryClientProvider (http://localhost:5173/node_modules/.vite/deps/@tanstack_react-query.js?v=6057410a:3239:3)
    at ErrorBoundary (http://localhost:5173/src/components/common/ErrorBoundary.tsx:7:5) @ http://localhost:5173/node_modules/.vite/deps/@react-three_fiber.js?v=6057410a:17704
[   71975ms] TypeError: Cannot read properties of undefined (reading 'nodes')
    at useFrameStateBridge (http://localhost:5173/src/core/bridge/FrameStateBridge.ts:203:13)
    at UniverseView (http://localhost:5173/src/pages/UniverseView.tsx?t=1785121609291:48:7)
    at renderWithHooks (http://localhost:5173/node_modules/.vite/deps/chunk-2EG2ZD3U.js?v=6057410a:11548:26)
    at mountIndeterminateComponent (http://localhost:5173/node_modules/.vite/deps/chunk-2EG2ZD3U.js?v=6057410a:14926:21)
    at beginWork (http://localhost:5173/node_modules/.vite/deps/chunk-2EG2ZD3U.js?v=6057410a:15914:22)
    at HTMLUnknownElement.callCallback2 (http://localhost:5173/node_modules/.vite/deps/chunk-2EG2ZD3U.js?v=6057410a:3674:22)
    at Object.invokeGuardedCallbackDev (http://localhost:5173/node_modules/.vite/deps/chunk-2EG2ZD3U.js?v=6057410a:3699:24)
    at invokeGuardedCallback (http://localhost:5173/node_modules/.vite/deps/chunk-2EG2ZD3U.js?v=6057410a:3733:39)
    at beginWork$1 (http://localhost:5173/node_modules/.vite/deps/chunk-2EG2ZD3U.js?v=6057410a:19765:15)
    at performUnitOfWork (http://localhost:5173/node_modules/.vite/deps/chunk-2EG2ZD3U.js?v=6057410a:19198:20)
[   71977ms] TypeError: Cannot read properties of undefined (reading 'nodes')
    at useFrameStateBridge (http://localhost:5173/src/core/bridge/FrameStateBridge.ts:203:13)
    at UniverseView (http://localhost:5173/src/pages/UniverseView.tsx?t=1785121609291:48:7)
    at renderWithHooks (http://localhost:5173/node_modules/.vite/deps/chunk-2EG2ZD3U.js?v=6057410a:11548:26)
    at mountIndeterminateComponent (http://localhost:5173/node_modules/.vite/deps/chunk-2EG2ZD3U.js?v=6057410a:14926:21)
    at beginWork (http://localhost:5173/node_modules/.vite/deps/chunk-2EG2ZD3U.js?v=6057410a:15914:22)
    at HTMLUnknownElement.callCallback2 (http://localhost:5173/node_modules/.vite/deps/chunk-2EG2ZD3U.js?v=6057410a:3674:22)
    at Object.invokeGuardedCallbackDev (http://localhost:5173/node_modules/.vite/deps/chunk-2EG2ZD3U.js?v=6057410a:3699:24)
    at invokeGuardedCallback (http://localhost:5173/node_modules/.vite/deps/chunk-2EG2ZD3U.js?v=6057410a:3733:39)
    at beginWork$1 (http://localhost:5173/node_modules/.vite/deps/chunk-2EG2ZD3U.js?v=6057410a:19765:15)
    at performUnitOfWork (http://localhost:5173/node_modules/.vite/deps/chunk-2EG2ZD3U.js?v=6057410a:19198:20)
[   71980ms] [ERROR] The above error occurred in the <UniverseView> component:

    at UniverseView (http://localhost:5173/src/pages/UniverseView.tsx?t=1785121609291:30:3)
    at R3FErrorBoundary (http://localhost:5173/src/components/R3FErrorBoundary.tsx:7:5)
    at div
    at MotionComponent (http://localhost:5173/node_modules/.vite/deps/framer-motion.js?v=6057410a:945:40)
    at div
    at CameraController2 (http://localhost:5173/src/components/spatial/camera/CameraController.tsx?t=1785127696740:25:3)
    at div
    at DesktopShell (http://localhost:5173/src/components/layout/DesktopShell.tsx?t=1785129319275:28:32)
    at div
    at div
    at div
    at ZaramProvider (http://localhost:5173/src/context/ZaramContext.jsx:20:33)
    at App (http://localhost:5173/src/App.jsx?t=1785129319275:112:27)
    at ThemeProvider (http://localhost:5173/src/theme/ThemeProvider.tsx:22:33)
    at PresenceProvider (http://localhost:5173/src/context/PresenceContext.tsx:25:36)
    at QueryClientProvider (http://localhost:5173/node_modules/.vite/deps/@tanstack_react-query.js?v=6057410a:3239:3)
    at ErrorBoundary (http://localhost:5173/src/components/common/ErrorBoundary.tsx:7:5)

React will try to recreate this component tree from scratch using the error boundary you provided, R3FErrorBoundary. @ http://localhost:5173/node_modules/.vite/deps/@react-three_fiber.js?v=6057410a:17704
[   71981ms] [ERROR] [R3FErrorBoundary] Caught error: TypeError: Cannot read properties of undefined (reading 'nodes')
    at useFrameStateBridge (http://localhost:5173/src/core/bridge/FrameStateBridge.ts:203:13)
    at UniverseView (http://localhost:5173/src/pages/UniverseView.tsx?t=1785121609291:48:7)
    at renderWithHooks (http://localhost:5173/node_modules/.vite/deps/chunk-2EG2ZD3U.js?v=6057410a:11548:26)
    at mountIndeterminateComponent (http://localhost:5173/node_modules/.vite/deps/chunk-2EG2ZD3U.js?v=6057410a:14926:21)
    at beginWork (http://localhost:5173/node_modules/.vite/deps/chunk-2EG2ZD3U.js?v=6057410a:15914:22)
    at beginWork$1 (http://localhost:5173/node_modules/.vite/deps/chunk-2EG2ZD3U.js?v=6057410a:19753:22)
    at performUnitOfWork (http://localhost:5173/node_modules/.vite/deps/chunk-2EG2ZD3U.js?v=6057410a:19198:20)
    at workLoopSync (http://localhost:5173/node_modules/.vite/deps/chunk-2EG2ZD3U.js?v=6057410a:19137:13)
    at renderRootSync (http://localhost:5173/node_modules/.vite/deps/chunk-2EG2ZD3U.js?v=6057410a:19116:15)
    at recoverFromConcurrentError (http://localhost:5173/node_modules/.vite/deps/chunk-2EG2ZD3U.js?v=6057410a:18736:28) @ http://localhost:5173/node_modules/.vite/deps/@react-three_fiber.js?v=6057410a:17704
[   71981ms] [ERROR] [R3FErrorBoundary] Component stack: 
    at UniverseView (http://localhost:5173/src/pages/UniverseView.tsx?t=1785121609291:30:3)
    at R3FErrorBoundary (http://localhost:5173/src/components/R3FErrorBoundary.tsx:7:5)
    at div
    at MotionComponent (http://localhost:5173/node_modules/.vite/deps/framer-motion.js?v=6057410a:945:40)
    at div
    at CameraController2 (http://localhost:5173/src/components/spatial/camera/CameraController.tsx?t=1785127696740:25:3)
    at div
    at DesktopShell (http://localhost:5173/src/components/layout/DesktopShell.tsx?t=1785129319275:28:32)
    at div
    at div
    at div
    at ZaramProvider (http://localhost:5173/src/context/ZaramContext.jsx:20:33)
    at App (http://localhost:5173/src/App.jsx?t=1785129319275:112:27)
    at ThemeProvider (http://localhost:5173/src/theme/ThemeProvider.tsx:22:33)
    at PresenceProvider (http://localhost:5173/src/context/PresenceContext.tsx:25:36)
    at QueryClientProvider (http://localhost:5173/node_modules/.vite/deps/@tanstack_react-query.js?v=6057410a:3239:3)
    at ErrorBoundary (http://localhost:5173/src/components/common/ErrorBoundary.tsx:7:5) @ http://localhost:5173/node_modules/.vite/deps/@react-three_fiber.js?v=6057410a:17704
[   88714ms] [INFO] %cDownload the React DevTools for a better development experience: https://reactjs.org/link/react-devtools font-weight:bold @ http://localhost:5173/node_modules/.vite/deps/chunk-2EG2ZD3U.js?v=6057410a:21550
[   89164ms] [WARNING] [DEPRECATED] Default export is deprecated. Instead use `import { create } from 'zustand'`. @ http://localhost:5173/node_modules/.vite/deps/zustand.js?v=6057410a:233
[   92213ms] TypeError: Cannot read properties of undefined (reading 'nodes')
    at useFrameStateBridge (http://localhost:5173/src/core/bridge/FrameStateBridge.ts:203:13)
    at UniverseView (http://localhost:5173/src/pages/UniverseView.tsx?t=1785121609291:48:7)
    at renderWithHooks (http://localhost:5173/node_modules/.vite/deps/chunk-2EG2ZD3U.js?v=6057410a:11548:26)
    at mountIndeterminateComponent (http://localhost:5173/node_modules/.vite/deps/chunk-2EG2ZD3U.js?v=6057410a:14926:21)
    at beginWork (http://localhost:5173/node_modules/.vite/deps/chunk-2EG2ZD3U.js?v=6057410a:15914:22)
    at HTMLUnknownElement.callCallback2 (http://localhost:5173/node_modules/.vite/deps/chunk-2EG2ZD3U.js?v=6057410a:3674:22)
    at Object.invokeGuardedCallbackDev (http://localhost:5173/node_modules/.vite/deps/chunk-2EG2ZD3U.js?v=6057410a:3699:24)
    at invokeGuardedCallback (http://localhost:5173/node_modules/.vite/deps/chunk-2EG2ZD3U.js?v=6057410a:3733:39)
    at beginWork$1 (http://localhost:5173/node_modules/.vite/deps/chunk-2EG2ZD3U.js?v=6057410a:19765:15)
    at performUnitOfWork (http://localhost:5173/node_modules/.vite/deps/chunk-2EG2ZD3U.js?v=6057410a:19198:20)
[   92223ms] TypeError: Cannot read properties of undefined (reading 'nodes')
    at useFrameStateBridge (http://localhost:5173/src/core/bridge/FrameStateBridge.ts:203:13)
    at UniverseView (http://localhost:5173/src/pages/UniverseView.tsx?t=1785121609291:48:7)
    at renderWithHooks (http://localhost:5173/node_modules/.vite/deps/chunk-2EG2ZD3U.js?v=6057410a:11548:26)
    at mountIndeterminateComponent (http://localhost:5173/node_modules/.vite/deps/chunk-2EG2ZD3U.js?v=6057410a:14926:21)
    at beginWork (http://localhost:5173/node_modules/.vite/deps/chunk-2EG2ZD3U.js?v=6057410a:15914:22)
    at HTMLUnknownElement.callCallback2 (http://localhost:5173/node_modules/.vite/deps/chunk-2EG2ZD3U.js?v=6057410a:3674:22)
    at Object.invokeGuardedCallbackDev (http://localhost:5173/node_modules/.vite/deps/chunk-2EG2ZD3U.js?v=6057410a:3699:24)
    at invokeGuardedCallback (http://localhost:5173/node_modules/.vite/deps/chunk-2EG2ZD3U.js?v=6057410a:3733:39)
    at beginWork$1 (http://localhost:5173/node_modules/.vite/deps/chunk-2EG2ZD3U.js?v=6057410a:19765:15)
    at performUnitOfWork (http://localhost:5173/node_modules/.vite/deps/chunk-2EG2ZD3U.js?v=6057410a:19198:20)
[   92231ms] [ERROR] The above error occurred in the <UniverseView> component:

    at UniverseView (http://localhost:5173/src/pages/UniverseView.tsx?t=1785121609291:30:3)
    at R3FErrorBoundary (http://localhost:5173/src/components/R3FErrorBoundary.tsx:7:5)
    at div
    at MotionComponent (http://localhost:5173/node_modules/.vite/deps/framer-motion.js?v=6057410a:945:40)
    at div
    at CameraController2 (http://localhost:5173/src/components/spatial/camera/CameraController.tsx?t=1785127696740:25:3)
    at div
    at DesktopShell (http://localhost:5173/src/components/layout/DesktopShell.tsx?t=1785129319275:28:32)
    at div
    at div
    at div
    at ZaramProvider (http://localhost:5173/src/context/ZaramContext.jsx:20:33)
    at App (http://localhost:5173/src/App.jsx?t=1785129319275:112:27)
    at ThemeProvider (http://localhost:5173/src/theme/ThemeProvider.tsx:22:33)
    at PresenceProvider (http://localhost:5173/src/context/PresenceContext.tsx:25:36)
    at QueryClientProvider (http://localhost:5173/node_modules/.vite/deps/@tanstack_react-query.js?v=6057410a:3239:3)
    at ErrorBoundary (http://localhost:5173/src/components/common/ErrorBoundary.tsx:7:5)

React will try to recreate this component tree from scratch using the error boundary you provided, R3FErrorBoundary. @ http://localhost:5173/node_modules/.vite/deps/@react-three_fiber.js?v=6057410a:17704
[   92231ms] [ERROR] [R3FErrorBoundary] Caught error: TypeError: Cannot read properties of undefined (reading 'nodes')
    at useFrameStateBridge (http://localhost:5173/src/core/bridge/FrameStateBridge.ts:203:13)
    at UniverseView (http://localhost:5173/src/pages/UniverseView.tsx?t=1785121609291:48:7)
    at renderWithHooks (http://localhost:5173/node_modules/.vite/deps/chunk-2EG2ZD3U.js?v=6057410a:11548:26)
    at mountIndeterminateComponent (http://localhost:5173/node_modules/.vite/deps/chunk-2EG2ZD3U.js?v=6057410a:14926:21)
    at beginWork (http://localhost:5173/node_modules/.vite/deps/chunk-2EG2ZD3U.js?v=6057410a:15914:22)
    at beginWork$1 (http://localhost:5173/node_modules/.vite/deps/chunk-2EG2ZD3U.js?v=6057410a:19753:22)
    at performUnitOfWork (http://localhost:5173/node_modules/.vite/deps/chunk-2EG2ZD3U.js?v=6057410a:19198:20)
    at workLoopSync (http://localhost:5173/node_modules/.vite/deps/chunk-2EG2ZD3U.js?v=6057410a:19137:13)
    at renderRootSync (http://localhost:5173/node_modules/.vite/deps/chunk-2EG2ZD3U.js?v=6057410a:19116:15)
    at recoverFromConcurrentError (http://localhost:5173/node_modules/.vite/deps/chunk-2EG2ZD3U.js?v=6057410a:18736:28) @ http://localhost:5173/node_modules/.vite/deps/@react-three_fiber.js?v=6057410a:17704
[   92232ms] [ERROR] [R3FErrorBoundary] Component stack: 
    at UniverseView (http://localhost:5173/src/pages/UniverseView.tsx?t=1785121609291:30:3)
    at R3FErrorBoundary (http://localhost:5173/src/components/R3FErrorBoundary.tsx:7:5)
    at div
    at MotionComponent (http://localhost:5173/node_modules/.vite/deps/framer-motion.js?v=6057410a:945:40)
    at div
    at CameraController2 (http://localhost:5173/src/components/spatial/camera/CameraController.tsx?t=1785127696740:25:3)
    at div
    at DesktopShell (http://localhost:5173/src/components/layout/DesktopShell.tsx?t=1785129319275:28:32)
    at div
    at div
    at div
    at ZaramProvider (http://localhost:5173/src/context/ZaramContext.jsx:20:33)
    at App (http://localhost:5173/src/App.jsx?t=1785129319275:112:27)
    at ThemeProvider (http://localhost:5173/src/theme/ThemeProvider.tsx:22:33)
    at PresenceProvider (http://localhost:5173/src/context/PresenceContext.tsx:25:36)
    at QueryClientProvider (http://localhost:5173/node_modules/.vite/deps/@tanstack_react-query.js?v=6057410a:3239:3)
    at ErrorBoundary (http://localhost:5173/src/components/common/ErrorBoundary.tsx:7:5) @ http://localhost:5173/node_modules/.vite/deps/@react-three_fiber.js?v=6057410a:17704
[  123843ms] [INFO] %cDownload the React DevTools for a better development experience: https://reactjs.org/link/react-devtools font-weight:bold @ http://localhost:5173/node_modules/.vite/deps/chunk-2EG2ZD3U.js?v=6057410a:21550
[  124312ms] [WARNING] [DEPRECATED] Default export is deprecated. Instead use `import { create } from 'zustand'`. @ http://localhost:5173/node_modules/.vite/deps/zustand.js?v=6057410a:233
[  127363ms] TypeError: Cannot read properties of undefined (reading 'nodes')
    at useFrameStateBridge (http://localhost:5173/src/core/bridge/FrameStateBridge.ts:203:13)
    at UniverseView (http://localhost:5173/src/pages/UniverseView.tsx?t=1785121609291:48:7)
    at renderWithHooks (http://localhost:5173/node_modules/.vite/deps/chunk-2EG2ZD3U.js?v=6057410a:11548:26)
    at mountIndeterminateComponent (http://localhost:5173/node_modules/.vite/deps/chunk-2EG2ZD3U.js?v=6057410a:14926:21)
    at beginWork (http://localhost:5173/node_modules/.vite/deps/chunk-2EG2ZD3U.js?v=6057410a:15914:22)
    at HTMLUnknownElement.callCallback2 (http://localhost:5173/node_modules/.vite/deps/chunk-2EG2ZD3U.js?v=6057410a:3674:22)
    at Object.invokeGuardedCallbackDev (http://localhost:5173/node_modules/.vite/deps/chunk-2EG2ZD3U.js?v=6057410a:3699:24)
    at invokeGuardedCallback (http://localhost:5173/node_modules/.vite/deps/chunk-2EG2ZD3U.js?v=6057410a:3733:39)
    at beginWork$1 (http://localhost:5173/node_modules/.vite/deps/chunk-2EG2ZD3U.js?v=6057410a:19765:15)
    at performUnitOfWork (http://localhost:5173/node_modules/.vite/deps/chunk-2EG2ZD3U.js?v=6057410a:19198:20)
[  127374ms] TypeError: Cannot read properties of undefined (reading 'nodes')
    at useFrameStateBridge (http://localhost:5173/src/core/bridge/FrameStateBridge.ts:203:13)
    at UniverseView (http://localhost:5173/src/pages/UniverseView.tsx?t=1785121609291:48:7)
    at renderWithHooks (http://localhost:5173/node_modules/.vite/deps/chunk-2EG2ZD3U.js?v=6057410a:11548:26)
    at mountIndeterminateComponent (http://localhost:5173/node_modules/.vite/deps/chunk-2EG2ZD3U.js?v=6057410a:14926:21)
    at beginWork (http://localhost:5173/node_modules/.vite/deps/chunk-2EG2ZD3U.js?v=6057410a:15914:22)
    at HTMLUnknownElement.callCallback2 (http://localhost:5173/node_modules/.vite/deps/chunk-2EG2ZD3U.js?v=6057410a:3674:22)
    at Object.invokeGuardedCallbackDev (http://localhost:5173/node_modules/.vite/deps/chunk-2EG2ZD3U.js?v=6057410a:3699:24)
    at invokeGuardedCallback (http://localhost:5173/node_modules/.vite/deps/chunk-2EG2ZD3U.js?v=6057410a:3733:39)
    at beginWork$1 (http://localhost:5173/node_modules/.vite/deps/chunk-2EG2ZD3U.js?v=6057410a:19765:15)
    at performUnitOfWork (http://localhost:5173/node_modules/.vite/deps/chunk-2EG2ZD3U.js?v=6057410a:19198:20)
[  127379ms] [ERROR] The above error occurred in the <UniverseView> component:

    at UniverseView (http://localhost:5173/src/pages/UniverseView.tsx?t=1785121609291:30:3)
    at R3FErrorBoundary (http://localhost:5173/src/components/R3FErrorBoundary.tsx:7:5)
    at div
    at MotionComponent (http://localhost:5173/node_modules/.vite/deps/framer-motion.js?v=6057410a:945:40)
    at div
    at CameraController2 (http://localhost:5173/src/components/spatial/camera/CameraController.tsx?t=1785127696740:25:3)
    at div
    at DesktopShell (http://localhost:5173/src/components/layout/DesktopShell.tsx?t=1785129319275:28:32)
    at div
    at div
    at div
    at ZaramProvider (http://localhost:5173/src/context/ZaramContext.jsx:20:33)
    at App (http://localhost:5173/src/App.jsx?t=1785129319275:112:27)
    at ThemeProvider (http://localhost:5173/src/theme/ThemeProvider.tsx:22:33)
    at PresenceProvider (http://localhost:5173/src/context/PresenceContext.tsx:25:36)
    at QueryClientProvider (http://localhost:5173/node_modules/.vite/deps/@tanstack_react-query.js?v=6057410a:3239:3)
    at ErrorBoundary (http://localhost:5173/src/components/common/ErrorBoundary.tsx:7:5)

React will try to recreate this component tree from scratch using the error boundary you provided, R3FErrorBoundary. @ http://localhost:5173/node_modules/.vite/deps/@react-three_fiber.js?v=6057410a:17704
[  127379ms] [ERROR] [R3FErrorBoundary] Caught error: TypeError: Cannot read properties of undefined (reading 'nodes')
    at useFrameStateBridge (http://localhost:5173/src/core/bridge/FrameStateBridge.ts:203:13)
    at UniverseView (http://localhost:5173/src/pages/UniverseView.tsx?t=1785121609291:48:7)
    at renderWithHooks (http://localhost:5173/node_modules/.vite/deps/chunk-2EG2ZD3U.js?v=6057410a:11548:26)
    at mountIndeterminateComponent (http://localhost:5173/node_modules/.vite/deps/chunk-2EG2ZD3U.js?v=6057410a:14926:21)
    at beginWork (http://localhost:5173/node_modules/.vite/deps/chunk-2EG2ZD3U.js?v=6057410a:15914:22)
    at beginWork$1 (http://localhost:5173/node_modules/.vite/deps/chunk-2EG2ZD3U.js?v=6057410a:19753:22)
    at performUnitOfWork (http://localhost:5173/node_modules/.vite/deps/chunk-2EG2ZD3U.js?v=6057410a:19198:20)
    at workLoopSync (http://localhost:5173/node_modules/.vite/deps/chunk-2EG2ZD3U.js?v=6057410a:19137:13)
    at renderRootSync (http://localhost:5173/node_modules/.vite/deps/chunk-2EG2ZD3U.js?v=6057410a:19116:15)
    at recoverFromConcurrentError (http://localhost:5173/node_modules/.vite/deps/chunk-2EG2ZD3U.js?v=6057410a:18736:28) @ http://localhost:5173/node_modules/.vite/deps/@react-three_fiber.js?v=6057410a:17704
[  127380ms] [ERROR] [R3FErrorBoundary] Component stack: 
    at UniverseView (http://localhost:5173/src/pages/UniverseView.tsx?t=1785121609291:30:3)
    at R3FErrorBoundary (http://localhost:5173/src/components/R3FErrorBoundary.tsx:7:5)
    at div
    at MotionComponent (http://localhost:5173/node_modules/.vite/deps/framer-motion.js?v=6057410a:945:40)
    at div
    at CameraController2 (http://localhost:5173/src/components/spatial/camera/CameraController.tsx?t=1785127696740:25:3)
    at div
    at DesktopShell (http://localhost:5173/src/components/layout/DesktopShell.tsx?t=1785129319275:28:32)
    at div
    at div
    at div
    at ZaramProvider (http://localhost:5173/src/context/ZaramContext.jsx:20:33)
    at App (http://localhost:5173/src/App.jsx?t=1785129319275:112:27)
    at ThemeProvider (http://localhost:5173/src/theme/ThemeProvider.tsx:22:33)
    at PresenceProvider (http://localhost:5173/src/context/PresenceContext.tsx:25:36)
    at QueryClientProvider (http://localhost:5173/node_modules/.vite/deps/@tanstack_react-query.js?v=6057410a:3239:3)
    at ErrorBoundary (http://localhost:5173/src/components/common/ErrorBoundary.tsx:7:5) @ http://localhost:5173/node_modules/.vite/deps/@react-three_fiber.js?v=6057410a:17704
