[    1854ms] [INFO] %cDownload the React DevTools for a better development experience: https://reactjs.org/link/react-devtools font-weight:bold @ http://localhost:5173/node_modules/.vite/deps/chunk-2EG2ZD3U.js?v=6057410a:21550
[    2723ms] [WARNING] [DEPRECATED] Default export is deprecated. Instead use `import { create } from 'zustand'`. @ http://localhost:5173/node_modules/.vite/deps/zustand.js?v=6057410a:233
[    3227ms] [ERROR] Failed to load resource: the server responded with a status of 404 (Not Found) @ http://localhost:5173/favicon.ico:0
[    6536ms] [WARNING] THREE.Clock: This module has been deprecated. Please use THREE.Timer instead. @ http://localhost:5173/node_modules/.vite/deps/chunk-2LMVBLFU.js?v=6057410a:746
[   21450ms] [LOG] [BackendBanner] backendStatus: null type: object startupComplete: false @ http://localhost:5173/src/pages/ConversationPanel.tsx?t=1785126586241:704
[   21451ms] [LOG] [BackendBanner] backendStatus: null type: object startupComplete: false @ http://localhost:5173/src/pages/ConversationPanel.tsx?t=1785126586241:704
[   21488ms] [LOG] [Frontend] Health check attempt 0 @ http://localhost:5173/src/pages/ConversationPanel.tsx?t=1785126586241:151
[   21490ms] [LOG] [Frontend] Health check attempt 0 @ http://localhost:5173/src/pages/ConversationPanel.tsx?t=1785126586241:151
[   21491ms] [LOG] [Frontend] Health response: null @ http://localhost:5173/src/pages/ConversationPanel.tsx?t=1785126586241:153
[   21491ms] [LOG] [Frontend] Health response: null @ http://localhost:5173/src/pages/ConversationPanel.tsx?t=1785126586241:153
[   21502ms] [LOG] [BackendBanner] backendStatus: null type: object startupComplete: false @ http://localhost:5173/src/pages/ConversationPanel.tsx?t=1785126586241:704
[   21503ms] [LOG] [BackendBanner] backendStatus: null type: object startupComplete: false @ http://localhost:5173/src/pages/ConversationPanel.tsx?t=1785126586241:704
[   21506ms] [LOG] [BackendBanner] backendStatus: null type: object startupComplete: false @ http://localhost:5173/src/pages/ConversationPanel.tsx?t=1785126586241:704
[   21506ms] [LOG] [BackendBanner] backendStatus: null type: object startupComplete: false @ http://localhost:5173/src/pages/ConversationPanel.tsx?t=1785126586241:704
[   21514ms] [LOG] [BackendBanner] backendStatus: null type: object startupComplete: false @ http://localhost:5173/src/pages/ConversationPanel.tsx?t=1785126586241:704
[   21515ms] [LOG] [BackendBanner] backendStatus: null type: object startupComplete: false @ http://localhost:5173/src/pages/ConversationPanel.tsx?t=1785126586241:704
[   21524ms] [LOG] [BackendBanner] backendStatus: null type: object startupComplete: false @ http://localhost:5173/src/pages/ConversationPanel.tsx?t=1785126586241:704
[   21525ms] [LOG] [BackendBanner] backendStatus: null type: object startupComplete: false @ http://localhost:5173/src/pages/ConversationPanel.tsx?t=1785126586241:704
[   21537ms] [LOG] [BackendBanner] backendStatus: null type: object startupComplete: false @ http://localhost:5173/src/pages/ConversationPanel.tsx?t=1785126586241:704
[   21537ms] [LOG] [BackendBanner] backendStatus: null type: object startupComplete: false @ http://localhost:5173/src/pages/ConversationPanel.tsx?t=1785126586241:704
[   21551ms] [LOG] [BackendBanner] backendStatus: null type: object startupComplete: false @ http://localhost:5173/src/pages/ConversationPanel.tsx?t=1785126586241:704
[   21552ms] [LOG] [BackendBanner] backendStatus: null type: object startupComplete: false @ http://localhost:5173/src/pages/ConversationPanel.tsx?t=1785126586241:704
[   21567ms] [LOG] [BackendBanner] backendStatus: null type: object startupComplete: false @ http://localhost:5173/src/pages/ConversationPanel.tsx?t=1785126586241:704
[   21568ms] [LOG] [BackendBanner] backendStatus: null type: object startupComplete: false @ http://localhost:5173/src/pages/ConversationPanel.tsx?t=1785126586241:704
[   21585ms] [LOG] [BackendBanner] backendStatus: null type: object startupComplete: false @ http://localhost:5173/src/pages/ConversationPanel.tsx?t=1785126586241:704
[   21585ms] [LOG] [BackendBanner] backendStatus: null type: object startupComplete: false @ http://localhost:5173/src/pages/ConversationPanel.tsx?t=1785126586241:704
[   21600ms] [LOG] [BackendBanner] backendStatus: null type: object startupComplete: false @ http://localhost:5173/src/pages/ConversationPanel.tsx?t=1785126586241:704
[   21600ms] [LOG] [BackendBanner] backendStatus: null type: object startupComplete: false @ http://localhost:5173/src/pages/ConversationPanel.tsx?t=1785126586241:704
[   21618ms] [LOG] [BackendBanner] backendStatus: null type: object startupComplete: false @ http://localhost:5173/src/pages/ConversationPanel.tsx?t=1785126586241:704
[   21618ms] [LOG] [BackendBanner] backendStatus: null type: object startupComplete: false @ http://localhost:5173/src/pages/ConversationPanel.tsx?t=1785126586241:704
[   21635ms] [LOG] [BackendBanner] backendStatus: null type: object startupComplete: false @ http://localhost:5173/src/pages/ConversationPanel.tsx?t=1785126586241:704
[   21635ms] [LOG] [BackendBanner] backendStatus: null type: object startupComplete: false @ http://localhost:5173/src/pages/ConversationPanel.tsx?t=1785126586241:704
[   21651ms] [LOG] [BackendBanner] backendStatus: null type: object startupComplete: false @ http://localhost:5173/src/pages/ConversationPanel.tsx?t=1785126586241:704
[   21651ms] [LOG] [BackendBanner] backendStatus: null type: object startupComplete: false @ http://localhost:5173/src/pages/ConversationPanel.tsx?t=1785126586241:704
[   21668ms] [LOG] [BackendBanner] backendStatus: null type: object startupComplete: false @ http://localhost:5173/src/pages/ConversationPanel.tsx?t=1785126586241:704
[   21669ms] [LOG] [BackendBanner] backendStatus: null type: object startupComplete: false @ http://localhost:5173/src/pages/ConversationPanel.tsx?t=1785126586241:704
[   21692ms] [LOG] [BackendBanner] backendStatus: null type: object startupComplete: false @ http://localhost:5173/src/pages/ConversationPanel.tsx?t=1785126586241:704
[   21692ms] [LOG] [BackendBanner] backendStatus: null type: object startupComplete: false @ http://localhost:5173/src/pages/ConversationPanel.tsx?t=1785126586241:704
[   21699ms] [LOG] [BackendBanner] backendStatus: null type: object startupComplete: false @ http://localhost:5173/src/pages/ConversationPanel.tsx?t=1785126586241:704
[   21699ms] [LOG] [BackendBanner] backendStatus: null type: object startupComplete: false @ http://localhost:5173/src/pages/ConversationPanel.tsx?t=1785126586241:704
[   21719ms] [LOG] [BackendBanner] backendStatus: null type: object startupComplete: false @ http://localhost:5173/src/pages/ConversationPanel.tsx?t=1785126586241:704
[   21720ms] [LOG] [BackendBanner] backendStatus: null type: object startupComplete: false @ http://localhost:5173/src/pages/ConversationPanel.tsx?t=1785126586241:704
[   21737ms] [LOG] [BackendBanner] backendStatus: null type: object startupComplete: false @ http://localhost:5173/src/pages/ConversationPanel.tsx?t=1785126586241:704
[   21738ms] [LOG] [BackendBanner] backendStatus: null type: object startupComplete: false @ http://localhost:5173/src/pages/ConversationPanel.tsx?t=1785126586241:704
[   21753ms] [LOG] [BackendBanner] backendStatus: null type: object startupComplete: false @ http://localhost:5173/src/pages/ConversationPanel.tsx?t=1785126586241:704
[   21754ms] [LOG] [BackendBanner] backendStatus: null type: object startupComplete: false @ http://localhost:5173/src/pages/ConversationPanel.tsx?t=1785126586241:704
[   21767ms] [LOG] [BackendBanner] backendStatus: null type: object startupComplete: false @ http://localhost:5173/src/pages/ConversationPanel.tsx?t=1785126586241:704
[   21768ms] [LOG] [BackendBanner] backendStatus: null type: object startupComplete: false @ http://localhost:5173/src/pages/ConversationPanel.tsx?t=1785126586241:704
[   21783ms] [LOG] [BackendBanner] backendStatus: null type: object startupComplete: false @ http://localhost:5173/src/pages/ConversationPanel.tsx?t=1785126586241:704
[   21784ms] [LOG] [BackendBanner] backendStatus: null type: object startupComplete: false @ http://localhost:5173/src/pages/ConversationPanel.tsx?t=1785126586241:704
[   21799ms] [LOG] [BackendBanner] backendStatus: null type: object startupComplete: false @ http://localhost:5173/src/pages/ConversationPanel.tsx?t=1785126586241:704
[   21800ms] [LOG] [BackendBanner] backendStatus: null type: object startupComplete: false @ http://localhost:5173/src/pages/ConversationPanel.tsx?t=1785126586241:704
[   21816ms] [LOG] [BackendBanner] backendStatus: null type: object startupComplete: false @ http://localhost:5173/src/pages/ConversationPanel.tsx?t=1785126586241:704
[   21816ms] [LOG] [BackendBanner] backendStatus: null type: object startupComplete: false @ http://localhost:5173/src/pages/ConversationPanel.tsx?t=1785126586241:704
[   21836ms] [LOG] [BackendBanner] backendStatus: null type: object startupComplete: false @ http://localhost:5173/src/pages/ConversationPanel.tsx?t=1785126586241:704
[   21837ms] [LOG] [BackendBanner] backendStatus: null type: object startupComplete: false @ http://localhost:5173/src/pages/ConversationPanel.tsx?t=1785126586241:704
[   21851ms] [LOG] [BackendBanner] backendStatus: null type: object startupComplete: false @ http://localhost:5173/src/pages/ConversationPanel.tsx?t=1785126586241:704
[   21851ms] [LOG] [BackendBanner] backendStatus: null type: object startupComplete: false @ http://localhost:5173/src/pages/ConversationPanel.tsx?t=1785126586241:704
[   21869ms] [LOG] [BackendBanner] backendStatus: null type: object startupComplete: false @ http://localhost:5173/src/pages/ConversationPanel.tsx?t=1785126586241:704
[   21869ms] [LOG] [BackendBanner] backendStatus: null type: object startupComplete: false @ http://localhost:5173/src/pages/ConversationPanel.tsx?t=1785126586241:704
[   21885ms] [LOG] [BackendBanner] backendStatus: null type: object startupComplete: false @ http://localhost:5173/src/pages/ConversationPanel.tsx?t=1785126586241:704
[   21886ms] [LOG] [BackendBanner] backendStatus: null type: object startupComplete: false @ http://localhost:5173/src/pages/ConversationPanel.tsx?t=1785126586241:704
[   21901ms] [LOG] [BackendBanner] backendStatus: null type: object startupComplete: false @ http://localhost:5173/src/pages/ConversationPanel.tsx?t=1785126586241:704
[   21902ms] [LOG] [BackendBanner] backendStatus: null type: object startupComplete: false @ http://localhost:5173/src/pages/ConversationPanel.tsx?t=1785126586241:704
[   21919ms] [LOG] [BackendBanner] backendStatus: null type: object startupComplete: false @ http://localhost:5173/src/pages/ConversationPanel.tsx?t=1785126586241:704
[   21919ms] [LOG] [BackendBanner] backendStatus: null type: object startupComplete: false @ http://localhost:5173/src/pages/ConversationPanel.tsx?t=1785126586241:704
[   21933ms] [LOG] [BackendBanner] backendStatus: null type: object startupComplete: false @ http://localhost:5173/src/pages/ConversationPanel.tsx?t=1785126586241:704
[   21934ms] [LOG] [BackendBanner] backendStatus: null type: object startupComplete: false @ http://localhost:5173/src/pages/ConversationPanel.tsx?t=1785126586241:704
[   21951ms] [LOG] [BackendBanner] backendStatus: null type: object startupComplete: false @ http://localhost:5173/src/pages/ConversationPanel.tsx?t=1785126586241:704
[   21952ms] [LOG] [BackendBanner] backendStatus: null type: object startupComplete: false @ http://localhost:5173/src/pages/ConversationPanel.tsx?t=1785126586241:704
[   21965ms] [LOG] [BackendBanner] backendStatus: null type: object startupComplete: false @ http://localhost:5173/src/pages/ConversationPanel.tsx?t=1785126586241:704
[   21966ms] [LOG] [BackendBanner] backendStatus: null type: object startupComplete: false @ http://localhost:5173/src/pages/ConversationPanel.tsx?t=1785126586241:704
[   21982ms] [LOG] [BackendBanner] backendStatus: null type: object startupComplete: false @ http://localhost:5173/src/pages/ConversationPanel.tsx?t=1785126586241:704
[   21983ms] [LOG] [BackendBanner] backendStatus: null type: object startupComplete: false @ http://localhost:5173/src/pages/ConversationPanel.tsx?t=1785126586241:704
[   21999ms] [LOG] [BackendBanner] backendStatus: null type: object startupComplete: false @ http://localhost:5173/src/pages/ConversationPanel.tsx?t=1785126586241:704
[   21999ms] [LOG] [BackendBanner] backendStatus: null type: object startupComplete: false @ http://localhost:5173/src/pages/ConversationPanel.tsx?t=1785126586241:704
[   22031ms] [LOG] [BackendBanner] backendStatus: null type: object startupComplete: false @ http://localhost:5173/src/pages/ConversationPanel.tsx?t=1785126586241:704
[   22032ms] [LOG] [BackendBanner] backendStatus: null type: object startupComplete: false @ http://localhost:5173/src/pages/ConversationPanel.tsx?t=1785126586241:704
[   22036ms] [LOG] THREE.WebGLRenderer: Context Lost. @ http://localhost:5173/node_modules/.vite/deps/chunk-2LMVBLFU.js?v=6057410a:721
[   22037ms] [LOG] [BackendBanner] backendStatus: null type: object startupComplete: false @ http://localhost:5173/src/pages/ConversationPanel.tsx?t=1785126586241:704
[   22037ms] [LOG] [BackendBanner] backendStatus: null type: object startupComplete: false @ http://localhost:5173/src/pages/ConversationPanel.tsx?t=1785126586241:704
[   22049ms] [LOG] [BackendBanner] backendStatus: null type: object startupComplete: false @ http://localhost:5173/src/pages/ConversationPanel.tsx?t=1785126586241:704
[   22050ms] [LOG] [BackendBanner] backendStatus: null type: object startupComplete: false @ http://localhost:5173/src/pages/ConversationPanel.tsx?t=1785126586241:704
[   22064ms] [LOG] [BackendBanner] backendStatus: null type: object startupComplete: false @ http://localhost:5173/src/pages/ConversationPanel.tsx?t=1785126586241:704
[   22064ms] [LOG] [BackendBanner] backendStatus: null type: object startupComplete: false @ http://localhost:5173/src/pages/ConversationPanel.tsx?t=1785126586241:704
[   22082ms] [LOG] [BackendBanner] backendStatus: null type: object startupComplete: false @ http://localhost:5173/src/pages/ConversationPanel.tsx?t=1785126586241:704
[   22083ms] [LOG] [BackendBanner] backendStatus: null type: object startupComplete: false @ http://localhost:5173/src/pages/ConversationPanel.tsx?t=1785126586241:704
[   22099ms] [LOG] [BackendBanner] backendStatus: null type: object startupComplete: false @ http://localhost:5173/src/pages/ConversationPanel.tsx?t=1785126586241:704
[   22100ms] [LOG] [BackendBanner] backendStatus: null type: object startupComplete: false @ http://localhost:5173/src/pages/ConversationPanel.tsx?t=1785126586241:704
[   22115ms] [LOG] [BackendBanner] backendStatus: null type: object startupComplete: false @ http://localhost:5173/src/pages/ConversationPanel.tsx?t=1785126586241:704
[   22115ms] [LOG] [BackendBanner] backendStatus: null type: object startupComplete: false @ http://localhost:5173/src/pages/ConversationPanel.tsx?t=1785126586241:704
[   22131ms] [LOG] [BackendBanner] backendStatus: null type: object startupComplete: false @ http://localhost:5173/src/pages/ConversationPanel.tsx?t=1785126586241:704
[   22131ms] [LOG] [BackendBanner] backendStatus: null type: object startupComplete: false @ http://localhost:5173/src/pages/ConversationPanel.tsx?t=1785126586241:704
[   22148ms] [LOG] [BackendBanner] backendStatus: null type: object startupComplete: false @ http://localhost:5173/src/pages/ConversationPanel.tsx?t=1785126586241:704
[   22148ms] [LOG] [BackendBanner] backendStatus: null type: object startupComplete: false @ http://localhost:5173/src/pages/ConversationPanel.tsx?t=1785126586241:704
[   22165ms] [LOG] [BackendBanner] backendStatus: null type: object startupComplete: false @ http://localhost:5173/src/pages/ConversationPanel.tsx?t=1785126586241:704
[   22166ms] [LOG] [BackendBanner] backendStatus: null type: object startupComplete: false @ http://localhost:5173/src/pages/ConversationPanel.tsx?t=1785126586241:704
[   22180ms] [LOG] [BackendBanner] backendStatus: null type: object startupComplete: false @ http://localhost:5173/src/pages/ConversationPanel.tsx?t=1785126586241:704
[   22181ms] [LOG] [BackendBanner] backendStatus: null type: object startupComplete: false @ http://localhost:5173/src/pages/ConversationPanel.tsx?t=1785126586241:704
[   22198ms] [LOG] [BackendBanner] backendStatus: null type: object startupComplete: false @ http://localhost:5173/src/pages/ConversationPanel.tsx?t=1785126586241:704
[   22198ms] [LOG] [BackendBanner] backendStatus: null type: object startupComplete: false @ http://localhost:5173/src/pages/ConversationPanel.tsx?t=1785126586241:704
[   22215ms] [LOG] [BackendBanner] backendStatus: null type: object startupComplete: false @ http://localhost:5173/src/pages/ConversationPanel.tsx?t=1785126586241:704
[   22215ms] [LOG] [BackendBanner] backendStatus: null type: object startupComplete: false @ http://localhost:5173/src/pages/ConversationPanel.tsx?t=1785126586241:704
[   22232ms] [LOG] [BackendBanner] backendStatus: null type: object startupComplete: false @ http://localhost:5173/src/pages/ConversationPanel.tsx?t=1785126586241:704
[   22232ms] [LOG] [BackendBanner] backendStatus: null type: object startupComplete: false @ http://localhost:5173/src/pages/ConversationPanel.tsx?t=1785126586241:704
[   22247ms] [LOG] [BackendBanner] backendStatus: null type: object startupComplete: false @ http://localhost:5173/src/pages/ConversationPanel.tsx?t=1785126586241:704
[   22247ms] [LOG] [BackendBanner] backendStatus: null type: object startupComplete: false @ http://localhost:5173/src/pages/ConversationPanel.tsx?t=1785126586241:704
[   22266ms] [LOG] [BackendBanner] backendStatus: null type: object startupComplete: false @ http://localhost:5173/src/pages/ConversationPanel.tsx?t=1785126586241:704
[   22266ms] [LOG] [BackendBanner] backendStatus: null type: object startupComplete: false @ http://localhost:5173/src/pages/ConversationPanel.tsx?t=1785126586241:704
[   22281ms] [LOG] [BackendBanner] backendStatus: null type: object startupComplete: false @ http://localhost:5173/src/pages/ConversationPanel.tsx?t=1785126586241:704
[   22282ms] [LOG] [BackendBanner] backendStatus: null type: object startupComplete: false @ http://localhost:5173/src/pages/ConversationPanel.tsx?t=1785126586241:704
[   22297ms] [LOG] [BackendBanner] backendStatus: null type: object startupComplete: false @ http://localhost:5173/src/pages/ConversationPanel.tsx?t=1785126586241:704
[   22298ms] [LOG] [BackendBanner] backendStatus: null type: object startupComplete: false @ http://localhost:5173/src/pages/ConversationPanel.tsx?t=1785126586241:704
[   22316ms] [LOG] [BackendBanner] backendStatus: null type: object startupComplete: false @ http://localhost:5173/src/pages/ConversationPanel.tsx?t=1785126586241:704
[   22316ms] [LOG] [BackendBanner] backendStatus: null type: object startupComplete: false @ http://localhost:5173/src/pages/ConversationPanel.tsx?t=1785126586241:704
[   22331ms] [LOG] [BackendBanner] backendStatus: null type: object startupComplete: false @ http://localhost:5173/src/pages/ConversationPanel.tsx?t=1785126586241:704
[   22332ms] [LOG] [BackendBanner] backendStatus: null type: object startupComplete: false @ http://localhost:5173/src/pages/ConversationPanel.tsx?t=1785126586241:704
[   22348ms] [LOG] [BackendBanner] backendStatus: null type: object startupComplete: false @ http://localhost:5173/src/pages/ConversationPanel.tsx?t=1785126586241:704
[   22348ms] [LOG] [BackendBanner] backendStatus: null type: object startupComplete: false @ http://localhost:5173/src/pages/ConversationPanel.tsx?t=1785126586241:704
[   22365ms] [LOG] [BackendBanner] backendStatus: null type: object startupComplete: false @ http://localhost:5173/src/pages/ConversationPanel.tsx?t=1785126586241:704
[   22365ms] [LOG] [BackendBanner] backendStatus: null type: object startupComplete: false @ http://localhost:5173/src/pages/ConversationPanel.tsx?t=1785126586241:704
[   22380ms] [LOG] [BackendBanner] backendStatus: null type: object startupComplete: false @ http://localhost:5173/src/pages/ConversationPanel.tsx?t=1785126586241:704
[   22381ms] [LOG] [BackendBanner] backendStatus: null type: object startupComplete: false @ http://localhost:5173/src/pages/ConversationPanel.tsx?t=1785126586241:704
[   22398ms] [LOG] [BackendBanner] backendStatus: null type: object startupComplete: false @ http://localhost:5173/src/pages/ConversationPanel.tsx?t=1785126586241:704
[   22398ms] [LOG] [BackendBanner] backendStatus: null type: object startupComplete: false @ http://localhost:5173/src/pages/ConversationPanel.tsx?t=1785126586241:704
[   22415ms] [LOG] [BackendBanner] backendStatus: null type: object startupComplete: false @ http://localhost:5173/src/pages/ConversationPanel.tsx?t=1785126586241:704
[   22415ms] [LOG] [BackendBanner] backendStatus: null type: object startupComplete: false @ http://localhost:5173/src/pages/ConversationPanel.tsx?t=1785126586241:704
[   22432ms] [LOG] [BackendBanner] backendStatus: null type: object startupComplete: false @ http://localhost:5173/src/pages/ConversationPanel.tsx?t=1785126586241:704
[   22433ms] [LOG] [BackendBanner] backendStatus: null type: object startupComplete: false @ http://localhost:5173/src/pages/ConversationPanel.tsx?t=1785126586241:704
[   22448ms] [LOG] [BackendBanner] backendStatus: null type: object startupComplete: false @ http://localhost:5173/src/pages/ConversationPanel.tsx?t=1785126586241:704
[   22448ms] [LOG] [BackendBanner] backendStatus: null type: object startupComplete: false @ http://localhost:5173/src/pages/ConversationPanel.tsx?t=1785126586241:704
[   22465ms] [LOG] [BackendBanner] backendStatus: null type: object startupComplete: false @ http://localhost:5173/src/pages/ConversationPanel.tsx?t=1785126586241:704
[   22465ms] [LOG] [BackendBanner] backendStatus: null type: object startupComplete: false @ http://localhost:5173/src/pages/ConversationPanel.tsx?t=1785126586241:704
[   22481ms] [LOG] [BackendBanner] backendStatus: null type: object startupComplete: false @ http://localhost:5173/src/pages/ConversationPanel.tsx?t=1785126586241:704
[   22481ms] [LOG] [BackendBanner] backendStatus: null type: object startupComplete: false @ http://localhost:5173/src/pages/ConversationPanel.tsx?t=1785126586241:704
[   22498ms] [LOG] [BackendBanner] backendStatus: null type: object startupComplete: false @ http://localhost:5173/src/pages/ConversationPanel.tsx?t=1785126586241:704
[   22498ms] [LOG] [BackendBanner] backendStatus: null type: object startupComplete: false @ http://localhost:5173/src/pages/ConversationPanel.tsx?t=1785126586241:704
[   22515ms] [LOG] [BackendBanner] backendStatus: null type: object startupComplete: false @ http://localhost:5173/src/pages/ConversationPanel.tsx?t=1785126586241:704
[   22515ms] [LOG] [BackendBanner] backendStatus: null type: object startupComplete: false @ http://localhost:5173/src/pages/ConversationPanel.tsx?t=1785126586241:704
[   22532ms] [LOG] [BackendBanner] backendStatus: null type: object startupComplete: false @ http://localhost:5173/src/pages/ConversationPanel.tsx?t=1785126586241:704
[   22532ms] [LOG] [BackendBanner] backendStatus: null type: object startupComplete: false @ http://localhost:5173/src/pages/ConversationPanel.tsx?t=1785126586241:704
[   22549ms] [LOG] [BackendBanner] backendStatus: null type: object startupComplete: false @ http://localhost:5173/src/pages/ConversationPanel.tsx?t=1785126586241:704
[   22549ms] [LOG] [BackendBanner] backendStatus: null type: object startupComplete: false @ http://localhost:5173/src/pages/ConversationPanel.tsx?t=1785126586241:704
[   22565ms] [LOG] [BackendBanner] backendStatus: null type: object startupComplete: false @ http://localhost:5173/src/pages/ConversationPanel.tsx?t=1785126586241:704
[   22566ms] [LOG] [BackendBanner] backendStatus: null type: object startupComplete: false @ http://localhost:5173/src/pages/ConversationPanel.tsx?t=1785126586241:704
[   22581ms] [LOG] [BackendBanner] backendStatus: null type: object startupComplete: false @ http://localhost:5173/src/pages/ConversationPanel.tsx?t=1785126586241:704
[   22581ms] [LOG] [BackendBanner] backendStatus: null type: object startupComplete: false @ http://localhost:5173/src/pages/ConversationPanel.tsx?t=1785126586241:704
[   22598ms] [LOG] [BackendBanner] backendStatus: null type: object startupComplete: false @ http://localhost:5173/src/pages/ConversationPanel.tsx?t=1785126586241:704
[   22598ms] [LOG] [BackendBanner] backendStatus: null type: object startupComplete: false @ http://localhost:5173/src/pages/ConversationPanel.tsx?t=1785126586241:704
[   22614ms] [LOG] [BackendBanner] backendStatus: null type: object startupComplete: false @ http://localhost:5173/src/pages/ConversationPanel.tsx?t=1785126586241:704
[   22615ms] [LOG] [BackendBanner] backendStatus: null type: object startupComplete: false @ http://localhost:5173/src/pages/ConversationPanel.tsx?t=1785126586241:704
[   22633ms] [LOG] [BackendBanner] backendStatus: null type: object startupComplete: false @ http://localhost:5173/src/pages/ConversationPanel.tsx?t=1785126586241:704
[   22633ms] [LOG] [BackendBanner] backendStatus: null type: object startupComplete: false @ http://localhost:5173/src/pages/ConversationPanel.tsx?t=1785126586241:704
[   22652ms] [LOG] [BackendBanner] backendStatus: null type: object startupComplete: false @ http://localhost:5173/src/pages/ConversationPanel.tsx?t=1785126586241:704
[   22652ms] [LOG] [BackendBanner] backendStatus: null type: object startupComplete: false @ http://localhost:5173/src/pages/ConversationPanel.tsx?t=1785126586241:704
[   22663ms] [LOG] [BackendBanner] backendStatus: null type: object startupComplete: false @ http://localhost:5173/src/pages/ConversationPanel.tsx?t=1785126586241:704
[   22663ms] [LOG] [BackendBanner] backendStatus: null type: object startupComplete: false @ http://localhost:5173/src/pages/ConversationPanel.tsx?t=1785126586241:704
[   22682ms] [LOG] [BackendBanner] backendStatus: null type: object startupComplete: false @ http://localhost:5173/src/pages/ConversationPanel.tsx?t=1785126586241:704
[   22682ms] [LOG] [BackendBanner] backendStatus: null type: object startupComplete: false @ http://localhost:5173/src/pages/ConversationPanel.tsx?t=1785126586241:704
[   22698ms] [LOG] [BackendBanner] backendStatus: null type: object startupComplete: false @ http://localhost:5173/src/pages/ConversationPanel.tsx?t=1785126586241:704
[   22699ms] [LOG] [BackendBanner] backendStatus: null type: object startupComplete: false @ http://localhost:5173/src/pages/ConversationPanel.tsx?t=1785126586241:704
[   22715ms] [LOG] [BackendBanner] backendStatus: null type: object startupComplete: false @ http://localhost:5173/src/pages/ConversationPanel.tsx?t=1785126586241:704
[   22716ms] [LOG] [BackendBanner] backendStatus: null type: object startupComplete: false @ http://localhost:5173/src/pages/ConversationPanel.tsx?t=1785126586241:704
[   22731ms] [LOG] [BackendBanner] backendStatus: null type: object startupComplete: false @ http://localhost:5173/src/pages/ConversationPanel.tsx?t=1785126586241:704
[   22732ms] [LOG] [BackendBanner] backendStatus: null type: object startupComplete: false @ http://localhost:5173/src/pages/ConversationPanel.tsx?t=1785126586241:704
[   22749ms] [LOG] [BackendBanner] backendStatus: null type: object startupComplete: false @ http://localhost:5173/src/pages/ConversationPanel.tsx?t=1785126586241:704
[   22750ms] [LOG] [BackendBanner] backendStatus: null type: object startupComplete: false @ http://localhost:5173/src/pages/ConversationPanel.tsx?t=1785126586241:704
[   22766ms] [LOG] [BackendBanner] backendStatus: null type: object startupComplete: false @ http://localhost:5173/src/pages/ConversationPanel.tsx?t=1785126586241:704
[   22767ms] [LOG] [BackendBanner] backendStatus: null type: object startupComplete: false @ http://localhost:5173/src/pages/ConversationPanel.tsx?t=1785126586241:704
[   22782ms] [LOG] [BackendBanner] backendStatus: null type: object startupComplete: false @ http://localhost:5173/src/pages/ConversationPanel.tsx?t=1785126586241:704
[   22783ms] [LOG] [BackendBanner] backendStatus: null type: object startupComplete: false @ http://localhost:5173/src/pages/ConversationPanel.tsx?t=1785126586241:704
[   22798ms] [LOG] [BackendBanner] backendStatus: null type: object startupComplete: false @ http://localhost:5173/src/pages/ConversationPanel.tsx?t=1785126586241:704
[   22799ms] [LOG] [BackendBanner] backendStatus: null type: object startupComplete: false @ http://localhost:5173/src/pages/ConversationPanel.tsx?t=1785126586241:704
[   22816ms] [LOG] [BackendBanner] backendStatus: null type: object startupComplete: false @ http://localhost:5173/src/pages/ConversationPanel.tsx?t=1785126586241:704
[   22816ms] [LOG] [BackendBanner] backendStatus: null type: object startupComplete: false @ http://localhost:5173/src/pages/ConversationPanel.tsx?t=1785126586241:704
[   22831ms] [LOG] [BackendBanner] backendStatus: null type: object startupComplete: false @ http://localhost:5173/src/pages/ConversationPanel.tsx?t=1785126586241:704
[   22832ms] [LOG] [BackendBanner] backendStatus: null type: object startupComplete: false @ http://localhost:5173/src/pages/ConversationPanel.tsx?t=1785126586241:704
[   22852ms] [LOG] [BackendBanner] backendStatus: null type: object startupComplete: false @ http://localhost:5173/src/pages/ConversationPanel.tsx?t=1785126586241:704
[   22852ms] [LOG] [BackendBanner] backendStatus: null type: object startupComplete: false @ http://localhost:5173/src/pages/ConversationPanel.tsx?t=1785126586241:704
[   22866ms] [LOG] [BackendBanner] backendStatus: null type: object startupComplete: false @ http://localhost:5173/src/pages/ConversationPanel.tsx?t=1785126586241:704
[   22866ms] [LOG] [BackendBanner] backendStatus: null type: object startupComplete: false @ http://localhost:5173/src/pages/ConversationPanel.tsx?t=1785126586241:704
[   22883ms] [LOG] [BackendBanner] backendStatus: null type: object startupComplete: false @ http://localhost:5173/src/pages/ConversationPanel.tsx?t=1785126586241:704
[   22884ms] [LOG] [BackendBanner] backendStatus: null type: object startupComplete: false @ http://localhost:5173/src/pages/ConversationPanel.tsx?t=1785126586241:704
[   22900ms] [LOG] [BackendBanner] backendStatus: null type: object startupComplete: false @ http://localhost:5173/src/pages/ConversationPanel.tsx?t=1785126586241:704
[   22900ms] [LOG] [BackendBanner] backendStatus: null type: object startupComplete: false @ http://localhost:5173/src/pages/ConversationPanel.tsx?t=1785126586241:704
[   22916ms] [LOG] [BackendBanner] backendStatus: null type: object startupComplete: false @ http://localhost:5173/src/pages/ConversationPanel.tsx?t=1785126586241:704
[   22916ms] [LOG] [BackendBanner] backendStatus: null type: object startupComplete: false @ http://localhost:5173/src/pages/ConversationPanel.tsx?t=1785126586241:704
[   22930ms] [LOG] [BackendBanner] backendStatus: null type: object startupComplete: false @ http://localhost:5173/src/pages/ConversationPanel.tsx?t=1785126586241:704
[   22930ms] [LOG] [BackendBanner] backendStatus: null type: object startupComplete: false @ http://localhost:5173/src/pages/ConversationPanel.tsx?t=1785126586241:704
[   22951ms] [LOG] [BackendBanner] backendStatus: null type: object startupComplete: false @ http://localhost:5173/src/pages/ConversationPanel.tsx?t=1785126586241:704
[   22953ms] [LOG] [BackendBanner] backendStatus: null type: object startupComplete: false @ http://localhost:5173/src/pages/ConversationPanel.tsx?t=1785126586241:704
[   22967ms] [LOG] [BackendBanner] backendStatus: null type: object startupComplete: false @ http://localhost:5173/src/pages/ConversationPanel.tsx?t=1785126586241:704
[   22968ms] [LOG] [BackendBanner] backendStatus: null type: object startupComplete: false @ http://localhost:5173/src/pages/ConversationPanel.tsx?t=1785126586241:704
[   22983ms] [LOG] [BackendBanner] backendStatus: null type: object startupComplete: false @ http://localhost:5173/src/pages/ConversationPanel.tsx?t=1785126586241:704
[   22984ms] [LOG] [BackendBanner] backendStatus: null type: object startupComplete: false @ http://localhost:5173/src/pages/ConversationPanel.tsx?t=1785126586241:704
[   22999ms] [LOG] [BackendBanner] backendStatus: null type: object startupComplete: false @ http://localhost:5173/src/pages/ConversationPanel.tsx?t=1785126586241:704
[   23000ms] [LOG] [BackendBanner] backendStatus: null type: object startupComplete: false @ http://localhost:5173/src/pages/ConversationPanel.tsx?t=1785126586241:704
[   23017ms] [LOG] [BackendBanner] backendStatus: null type: object startupComplete: false @ http://localhost:5173/src/pages/ConversationPanel.tsx?t=1785126586241:704
[   23018ms] [LOG] [BackendBanner] backendStatus: null type: object startupComplete: false @ http://localhost:5173/src/pages/ConversationPanel.tsx?t=1785126586241:704
[   23034ms] [LOG] [BackendBanner] backendStatus: null type: object startupComplete: false @ http://localhost:5173/src/pages/ConversationPanel.tsx?t=1785126586241:704
[   23034ms] [LOG] [BackendBanner] backendStatus: null type: object startupComplete: false @ http://localhost:5173/src/pages/ConversationPanel.tsx?t=1785126586241:704
[   23049ms] [LOG] [BackendBanner] backendStatus: null type: object startupComplete: false @ http://localhost:5173/src/pages/ConversationPanel.tsx?t=1785126586241:704
[   23050ms] [LOG] [BackendBanner] backendStatus: null type: object startupComplete: false @ http://localhost:5173/src/pages/ConversationPanel.tsx?t=1785126586241:704
[   23066ms] [LOG] [BackendBanner] backendStatus: null type: object startupComplete: false @ http://localhost:5173/src/pages/ConversationPanel.tsx?t=1785126586241:704
[   23066ms] [LOG] [BackendBanner] backendStatus: null type: object startupComplete: false @ http://localhost:5173/src/pages/ConversationPanel.tsx?t=1785126586241:704
[   23084ms] [LOG] [BackendBanner] backendStatus: null type: object startupComplete: false @ http://localhost:5173/src/pages/ConversationPanel.tsx?t=1785126586241:704
[   23084ms] [LOG] [BackendBanner] backendStatus: null type: object startupComplete: false @ http://localhost:5173/src/pages/ConversationPanel.tsx?t=1785126586241:704
[   23100ms] [LOG] [BackendBanner] backendStatus: null type: object startupComplete: false @ http://localhost:5173/src/pages/ConversationPanel.tsx?t=1785126586241:704
[   23100ms] [LOG] [BackendBanner] backendStatus: null type: object startupComplete: false @ http://localhost:5173/src/pages/ConversationPanel.tsx?t=1785126586241:704
[   23115ms] [LOG] [BackendBanner] backendStatus: null type: object startupComplete: false @ http://localhost:5173/src/pages/ConversationPanel.tsx?t=1785126586241:704
[   23115ms] [LOG] [BackendBanner] backendStatus: null type: object startupComplete: false @ http://localhost:5173/src/pages/ConversationPanel.tsx?t=1785126586241:704
[   23130ms] [LOG] [BackendBanner] backendStatus: null type: object startupComplete: false @ http://localhost:5173/src/pages/ConversationPanel.tsx?t=1785126586241:704
[   23131ms] [LOG] [BackendBanner] backendStatus: null type: object startupComplete: false @ http://localhost:5173/src/pages/ConversationPanel.tsx?t=1785126586241:704
[   23155ms] [LOG] [BackendBanner] backendStatus: null type: object startupComplete: false @ http://localhost:5173/src/pages/ConversationPanel.tsx?t=1785126586241:704
[   23155ms] [LOG] [BackendBanner] backendStatus: null type: object startupComplete: false @ http://localhost:5173/src/pages/ConversationPanel.tsx?t=1785126586241:704
[   23167ms] [LOG] [BackendBanner] backendStatus: null type: object startupComplete: false @ http://localhost:5173/src/pages/ConversationPanel.tsx?t=1785126586241:704
[   23167ms] [LOG] [BackendBanner] backendStatus: null type: object startupComplete: false @ http://localhost:5173/src/pages/ConversationPanel.tsx?t=1785126586241:704
[   23184ms] [LOG] [BackendBanner] backendStatus: null type: object startupComplete: false @ http://localhost:5173/src/pages/ConversationPanel.tsx?t=1785126586241:704
[   23185ms] [LOG] [BackendBanner] backendStatus: null type: object startupComplete: false @ http://localhost:5173/src/pages/ConversationPanel.tsx?t=1785126586241:704
[   23202ms] [LOG] [BackendBanner] backendStatus: null type: object startupComplete: false @ http://localhost:5173/src/pages/ConversationPanel.tsx?t=1785126586241:704
[   23202ms] [LOG] [BackendBanner] backendStatus: null type: object startupComplete: false @ http://localhost:5173/src/pages/ConversationPanel.tsx?t=1785126586241:704
[   23216ms] [LOG] [BackendBanner] backendStatus: null type: object startupComplete: false @ http://localhost:5173/src/pages/ConversationPanel.tsx?t=1785126586241:704
[   23217ms] [LOG] [BackendBanner] backendStatus: null type: object startupComplete: false @ http://localhost:5173/src/pages/ConversationPanel.tsx?t=1785126586241:704
[   23236ms] [LOG] [BackendBanner] backendStatus: null type: object startupComplete: false @ http://localhost:5173/src/pages/ConversationPanel.tsx?t=1785126586241:704
[   23237ms] [LOG] [BackendBanner] backendStatus: null type: object startupComplete: false @ http://localhost:5173/src/pages/ConversationPanel.tsx?t=1785126586241:704
[   23249ms] [LOG] [BackendBanner] backendStatus: null type: object startupComplete: false @ http://localhost:5173/src/pages/ConversationPanel.tsx?t=1785126586241:704
[   23249ms] [LOG] [BackendBanner] backendStatus: null type: object startupComplete: false @ http://localhost:5173/src/pages/ConversationPanel.tsx?t=1785126586241:704
[   23265ms] [LOG] [BackendBanner] backendStatus: null type: object startupComplete: false @ http://localhost:5173/src/pages/ConversationPanel.tsx?t=1785126586241:704
[   23266ms] [LOG] [BackendBanner] backendStatus: null type: object startupComplete: false @ http://localhost:5173/src/pages/ConversationPanel.tsx?t=1785126586241:704
[   23281ms] [LOG] [BackendBanner] backendStatus: null type: object startupComplete: false @ http://localhost:5173/src/pages/ConversationPanel.tsx?t=1785126586241:704
[   23281ms] [LOG] [BackendBanner] backendStatus: null type: object startupComplete: false @ http://localhost:5173/src/pages/ConversationPanel.tsx?t=1785126586241:704
[   23299ms] [LOG] [BackendBanner] backendStatus: null type: object startupComplete: false @ http://localhost:5173/src/pages/ConversationPanel.tsx?t=1785126586241:704
[   23299ms] [LOG] [BackendBanner] backendStatus: null type: object startupComplete: false @ http://localhost:5173/src/pages/ConversationPanel.tsx?t=1785126586241:704
[   23317ms] [LOG] [BackendBanner] backendStatus: null type: object startupComplete: false @ http://localhost:5173/src/pages/ConversationPanel.tsx?t=1785126586241:704
[   23317ms] [LOG] [BackendBanner] backendStatus: null type: object startupComplete: false @ http://localhost:5173/src/pages/ConversationPanel.tsx?t=1785126586241:704
[   23341ms] [LOG] [BackendBanner] backendStatus: null type: object startupComplete: false @ http://localhost:5173/src/pages/ConversationPanel.tsx?t=1785126586241:704
[   23342ms] [LOG] [BackendBanner] backendStatus: null type: object startupComplete: false @ http://localhost:5173/src/pages/ConversationPanel.tsx?t=1785126586241:704
[   23350ms] [LOG] [BackendBanner] backendStatus: null type: object startupComplete: false @ http://localhost:5173/src/pages/ConversationPanel.tsx?t=1785126586241:704
[   23351ms] [LOG] [BackendBanner] backendStatus: null type: object startupComplete: false @ http://localhost:5173/src/pages/ConversationPanel.tsx?t=1785126586241:704
[   23365ms] [LOG] [BackendBanner] backendStatus: null type: object startupComplete: false @ http://localhost:5173/src/pages/ConversationPanel.tsx?t=1785126586241:704
[   23365ms] [LOG] [BackendBanner] backendStatus: null type: object startupComplete: false @ http://localhost:5173/src/pages/ConversationPanel.tsx?t=1785126586241:704
[   23381ms] [LOG] [BackendBanner] backendStatus: null type: object startupComplete: false @ http://localhost:5173/src/pages/ConversationPanel.tsx?t=1785126586241:704
[   23381ms] [LOG] [BackendBanner] backendStatus: null type: object startupComplete: false @ http://localhost:5173/src/pages/ConversationPanel.tsx?t=1785126586241:704
[   23400ms] [LOG] [BackendBanner] backendStatus: null type: object startupComplete: false @ http://localhost:5173/src/pages/ConversationPanel.tsx?t=1785126586241:704
[   23400ms] [LOG] [BackendBanner] backendStatus: null type: object startupComplete: false @ http://localhost:5173/src/pages/ConversationPanel.tsx?t=1785126586241:704
[   23414ms] [LOG] [BackendBanner] backendStatus: null type: object startupComplete: false @ http://localhost:5173/src/pages/ConversationPanel.tsx?t=1785126586241:704
[   23414ms] [LOG] [BackendBanner] backendStatus: null type: object startupComplete: false @ http://localhost:5173/src/pages/ConversationPanel.tsx?t=1785126586241:704
[   23431ms] [LOG] [BackendBanner] backendStatus: null type: object startupComplete: false @ http://localhost:5173/src/pages/ConversationPanel.tsx?t=1785126586241:704
[   23432ms] [LOG] [BackendBanner] backendStatus: null type: object startupComplete: false @ http://localhost:5173/src/pages/ConversationPanel.tsx?t=1785126586241:704
[   23450ms] [LOG] [BackendBanner] backendStatus: null type: object startupComplete: false @ http://localhost:5173/src/pages/ConversationPanel.tsx?t=1785126586241:704
[   23450ms] [LOG] [BackendBanner] backendStatus: null type: object startupComplete: false @ http://localhost:5173/src/pages/ConversationPanel.tsx?t=1785126586241:704
[   23466ms] [LOG] [BackendBanner] backendStatus: null type: object startupComplete: false @ http://localhost:5173/src/pages/ConversationPanel.tsx?t=1785126586241:704
[   23466ms] [LOG] [BackendBanner] backendStatus: null type: object startupComplete: false @ http://localhost:5173/src/pages/ConversationPanel.tsx?t=1785126586241:704
[   23484ms] [LOG] [BackendBanner] backendStatus: null type: object startupComplete: false @ http://localhost:5173/src/pages/ConversationPanel.tsx?t=1785126586241:704
[   23485ms] [LOG] [BackendBanner] backendStatus: null type: object startupComplete: false @ http://localhost:5173/src/pages/ConversationPanel.tsx?t=1785126586241:704
[   23499ms] [LOG] [BackendBanner] backendStatus: null type: object startupComplete: false @ http://localhost:5173/src/pages/ConversationPanel.tsx?t=1785126586241:704
[   23500ms] [LOG] [BackendBanner] backendStatus: null type: object startupComplete: false @ http://localhost:5173/src/pages/ConversationPanel.tsx?t=1785126586241:704
[   23515ms] [LOG] [BackendBanner] backendStatus: null type: object startupComplete: false @ http://localhost:5173/src/pages/ConversationPanel.tsx?t=1785126586241:704
[   23515ms] [LOG] [BackendBanner] backendStatus: null type: object startupComplete: false @ http://localhost:5173/src/pages/ConversationPanel.tsx?t=1785126586241:704
[   23532ms] [LOG] [BackendBanner] backendStatus: null type: object startupComplete: false @ http://localhost:5173/src/pages/ConversationPanel.tsx?t=1785126586241:704
[   23532ms] [LOG] [BackendBanner] backendStatus: null type: object startupComplete: false @ http://localhost:5173/src/pages/ConversationPanel.tsx?t=1785126586241:704
[   23550ms] [LOG] [BackendBanner] backendStatus: null type: object startupComplete: false @ http://localhost:5173/src/pages/ConversationPanel.tsx?t=1785126586241:704
[   23550ms] [LOG] [BackendBanner] backendStatus: null type: object startupComplete: false @ http://localhost:5173/src/pages/ConversationPanel.tsx?t=1785126586241:704
[   23567ms] [LOG] [BackendBanner] backendStatus: null type: object startupComplete: false @ http://localhost:5173/src/pages/ConversationPanel.tsx?t=1785126586241:704
[   23567ms] [LOG] [BackendBanner] backendStatus: null type: object startupComplete: false @ http://localhost:5173/src/pages/ConversationPanel.tsx?t=1785126586241:704
[   23582ms] [LOG] [BackendBanner] backendStatus: null type: object startupComplete: false @ http://localhost:5173/src/pages/ConversationPanel.tsx?t=1785126586241:704
[   23582ms] [LOG] [BackendBanner] backendStatus: null type: object startupComplete: false @ http://localhost:5173/src/pages/ConversationPanel.tsx?t=1785126586241:704
[   23598ms] [LOG] [BackendBanner] backendStatus: null type: object startupComplete: false @ http://localhost:5173/src/pages/ConversationPanel.tsx?t=1785126586241:704
[   23598ms] [LOG] [BackendBanner] backendStatus: null type: object startupComplete: false @ http://localhost:5173/src/pages/ConversationPanel.tsx?t=1785126586241:704
[   23615ms] [LOG] [BackendBanner] backendStatus: null type: object startupComplete: false @ http://localhost:5173/src/pages/ConversationPanel.tsx?t=1785126586241:704
[   23615ms] [LOG] [BackendBanner] backendStatus: null type: object startupComplete: false @ http://localhost:5173/src/pages/ConversationPanel.tsx?t=1785126586241:704
[   23630ms] [LOG] [BackendBanner] backendStatus: null type: object startupComplete: false @ http://localhost:5173/src/pages/ConversationPanel.tsx?t=1785126586241:704
[   23630ms] [LOG] [BackendBanner] backendStatus: null type: object startupComplete: false @ http://localhost:5173/src/pages/ConversationPanel.tsx?t=1785126586241:704
[   23648ms] [LOG] [BackendBanner] backendStatus: null type: object startupComplete: false @ http://localhost:5173/src/pages/ConversationPanel.tsx?t=1785126586241:704
[   23649ms] [LOG] [BackendBanner] backendStatus: null type: object startupComplete: false @ http://localhost:5173/src/pages/ConversationPanel.tsx?t=1785126586241:704
[   23670ms] [LOG] [BackendBanner] backendStatus: null type: object startupComplete: false @ http://localhost:5173/src/pages/ConversationPanel.tsx?t=1785126586241:704
[   23671ms] [LOG] [BackendBanner] backendStatus: null type: object startupComplete: false @ http://localhost:5173/src/pages/ConversationPanel.tsx?t=1785126586241:704
[   23682ms] [LOG] [BackendBanner] backendStatus: null type: object startupComplete: false @ http://localhost:5173/src/pages/ConversationPanel.tsx?t=1785126586241:704
[   23682ms] [LOG] [BackendBanner] backendStatus: null type: object startupComplete: false @ http://localhost:5173/src/pages/ConversationPanel.tsx?t=1785126586241:704
[   23698ms] [LOG] [BackendBanner] backendStatus: null type: object startupComplete: false @ http://localhost:5173/src/pages/ConversationPanel.tsx?t=1785126586241:704
[   23699ms] [LOG] [BackendBanner] backendStatus: null type: object startupComplete: false @ http://localhost:5173/src/pages/ConversationPanel.tsx?t=1785126586241:704
[   23715ms] [LOG] [BackendBanner] backendStatus: null type: object startupComplete: false @ http://localhost:5173/src/pages/ConversationPanel.tsx?t=1785126586241:704
[   23715ms] [LOG] [BackendBanner] backendStatus: null type: object startupComplete: false @ http://localhost:5173/src/pages/ConversationPanel.tsx?t=1785126586241:704
[   23731ms] [LOG] [BackendBanner] backendStatus: null type: object startupComplete: false @ http://localhost:5173/src/pages/ConversationPanel.tsx?t=1785126586241:704
[   23731ms] [LOG] [BackendBanner] backendStatus: null type: object startupComplete: false @ http://localhost:5173/src/pages/ConversationPanel.tsx?t=1785126586241:704
[   23748ms] [LOG] [BackendBanner] backendStatus: null type: object startupComplete: false @ http://localhost:5173/src/pages/ConversationPanel.tsx?t=1785126586241:704
[   23748ms] [LOG] [BackendBanner] backendStatus: null type: object startupComplete: false @ http://localhost:5173/src/pages/ConversationPanel.tsx?t=1785126586241:704
[   23766ms] [LOG] [BackendBanner] backendStatus: null type: object startupComplete: false @ http://localhost:5173/src/pages/ConversationPanel.tsx?t=1785126586241:704
[   23767ms] [LOG] [BackendBanner] backendStatus: null type: object startupComplete: false @ http://localhost:5173/src/pages/ConversationPanel.tsx?t=1785126586241:704
[   23781ms] [LOG] [BackendBanner] backendStatus: null type: object startupComplete: false @ http://localhost:5173/src/pages/ConversationPanel.tsx?t=1785126586241:704
[   23781ms] [LOG] [BackendBanner] backendStatus: null type: object startupComplete: false @ http://localhost:5173/src/pages/ConversationPanel.tsx?t=1785126586241:704
[   23799ms] [LOG] [BackendBanner] backendStatus: null type: object startupComplete: false @ http://localhost:5173/src/pages/ConversationPanel.tsx?t=1785126586241:704
[   23799ms] [LOG] [BackendBanner] backendStatus: null type: object startupComplete: false @ http://localhost:5173/src/pages/ConversationPanel.tsx?t=1785126586241:704
[   23815ms] [LOG] [BackendBanner] backendStatus: null type: object startupComplete: false @ http://localhost:5173/src/pages/ConversationPanel.tsx?t=1785126586241:704
[   23815ms] [LOG] [BackendBanner] backendStatus: null type: object startupComplete: false @ http://localhost:5173/src/pages/ConversationPanel.tsx?t=1785126586241:704
[   23833ms] [LOG] [BackendBanner] backendStatus: null type: object startupComplete: false @ http://localhost:5173/src/pages/ConversationPanel.tsx?t=1785126586241:704
[   23833ms] [LOG] [BackendBanner] backendStatus: null type: object startupComplete: false @ http://localhost:5173/src/pages/ConversationPanel.tsx?t=1785126586241:704
[   23848ms] [LOG] [BackendBanner] backendStatus: null type: object startupComplete: false @ http://localhost:5173/src/pages/ConversationPanel.tsx?t=1785126586241:704
[   23849ms] [LOG] [BackendBanner] backendStatus: null type: object startupComplete: false @ http://localhost:5173/src/pages/ConversationPanel.tsx?t=1785126586241:704
[   23864ms] [LOG] [BackendBanner] backendStatus: null type: object startupComplete: false @ http://localhost:5173/src/pages/ConversationPanel.tsx?t=1785126586241:704
[   23865ms] [LOG] [BackendBanner] backendStatus: null type: object startupComplete: false @ http://localhost:5173/src/pages/ConversationPanel.tsx?t=1785126586241:704
[   23886ms] [LOG] [BackendBanner] backendStatus: null type: object startupComplete: false @ http://localhost:5173/src/pages/ConversationPanel.tsx?t=1785126586241:704
[   23887ms] [LOG] [BackendBanner] backendStatus: null type: object startupComplete: false @ http://localhost:5173/src/pages/ConversationPanel.tsx?t=1785126586241:704
[   23901ms] [LOG] [BackendBanner] backendStatus: null type: object startupComplete: false @ http://localhost:5173/src/pages/ConversationPanel.tsx?t=1785126586241:704
[   23902ms] [LOG] [BackendBanner] backendStatus: null type: object startupComplete: false @ http://localhost:5173/src/pages/ConversationPanel.tsx?t=1785126586241:704
[   23918ms] [LOG] [BackendBanner] backendStatus: null type: object startupComplete: false @ http://localhost:5173/src/pages/ConversationPanel.tsx?t=1785126586241:704
[   23918ms] [LOG] [BackendBanner] backendStatus: null type: object startupComplete: false @ http://localhost:5173/src/pages/ConversationPanel.tsx?t=1785126586241:704
[   23933ms] [LOG] [BackendBanner] backendStatus: null type: object startupComplete: false @ http://localhost:5173/src/pages/ConversationPanel.tsx?t=1785126586241:704
[   23933ms] [LOG] [BackendBanner] backendStatus: null type: object startupComplete: false @ http://localhost:5173/src/pages/ConversationPanel.tsx?t=1785126586241:704
[   23949ms] [LOG] [BackendBanner] backendStatus: null type: object startupComplete: false @ http://localhost:5173/src/pages/ConversationPanel.tsx?t=1785126586241:704
[   23949ms] [LOG] [BackendBanner] backendStatus: null type: object startupComplete: false @ http://localhost:5173/src/pages/ConversationPanel.tsx?t=1785126586241:704
[   23969ms] [LOG] [BackendBanner] backendStatus: null type: object startupComplete: false @ http://localhost:5173/src/pages/ConversationPanel.tsx?t=1785126586241:704
[   23969ms] [LOG] [BackendBanner] backendStatus: null type: object startupComplete: false @ http://localhost:5173/src/pages/ConversationPanel.tsx?t=1785126586241:704
[   23981ms] [LOG] [BackendBanner] backendStatus: null type: object startupComplete: false @ http://localhost:5173/src/pages/ConversationPanel.tsx?t=1785126586241:704
[   23982ms] [LOG] [BackendBanner] backendStatus: null type: object startupComplete: false @ http://localhost:5173/src/pages/ConversationPanel.tsx?t=1785126586241:704
[   23998ms] [LOG] [BackendBanner] backendStatus: null type: object startupComplete: false @ http://localhost:5173/src/pages/ConversationPanel.tsx?t=1785126586241:704
[   23998ms] [LOG] [BackendBanner] backendStatus: null type: object startupComplete: false @ http://localhost:5173/src/pages/ConversationPanel.tsx?t=1785126586241:704
[   24015ms] [LOG] [BackendBanner] backendStatus: null type: object startupComplete: false @ http://localhost:5173/src/pages/ConversationPanel.tsx?t=1785126586241:704
[   24015ms] [LOG] [BackendBanner] backendStatus: null type: object startupComplete: false @ http://localhost:5173/src/pages/ConversationPanel.tsx?t=1785126586241:704
[   24035ms] [LOG] [BackendBanner] backendStatus: null type: object startupComplete: false @ http://localhost:5173/src/pages/ConversationPanel.tsx?t=1785126586241:704
[   24035ms] [LOG] [BackendBanner] backendStatus: null type: object startupComplete: false @ http://localhost:5173/src/pages/ConversationPanel.tsx?t=1785126586241:704
[   24048ms] [LOG] [BackendBanner] backendStatus: null type: object startupComplete: false @ http://localhost:5173/src/pages/ConversationPanel.tsx?t=1785126586241:704
[   24049ms] [LOG] [BackendBanner] backendStatus: null type: object startupComplete: false @ http://localhost:5173/src/pages/ConversationPanel.tsx?t=1785126586241:704
[   24066ms] [LOG] [BackendBanner] backendStatus: null type: object startupComplete: false @ http://localhost:5173/src/pages/ConversationPanel.tsx?t=1785126586241:704
[   24067ms] [LOG] [BackendBanner] backendStatus: null type: object startupComplete: false @ http://localhost:5173/src/pages/ConversationPanel.tsx?t=1785126586241:704
[   24086ms] [LOG] [BackendBanner] backendStatus: null type: object startupComplete: false @ http://localhost:5173/src/pages/ConversationPanel.tsx?t=1785126586241:704
[   24087ms] [LOG] [BackendBanner] backendStatus: null type: object startupComplete: false @ http://localhost:5173/src/pages/ConversationPanel.tsx?t=1785126586241:704
[   24100ms] [LOG] [BackendBanner] backendStatus: null type: object startupComplete: false @ http://localhost:5173/src/pages/ConversationPanel.tsx?t=1785126586241:704
[   24101ms] [LOG] [BackendBanner] backendStatus: null type: object startupComplete: false @ http://localhost:5173/src/pages/ConversationPanel.tsx?t=1785126586241:704
[   24118ms] [LOG] [BackendBanner] backendStatus: null type: object startupComplete: false @ http://localhost:5173/src/pages/ConversationPanel.tsx?t=1785126586241:704
[   24119ms] [LOG] [BackendBanner] backendStatus: null type: object startupComplete: false @ http://localhost:5173/src/pages/ConversationPanel.tsx?t=1785126586241:704
[   24131ms] [LOG] [BackendBanner] backendStatus: null type: object startupComplete: false @ http://localhost:5173/src/pages/ConversationPanel.tsx?t=1785126586241:704
[   24132ms] [LOG] [BackendBanner] backendStatus: null type: object startupComplete: false @ http://localhost:5173/src/pages/ConversationPanel.tsx?t=1785126586241:704
[   24150ms] [LOG] [BackendBanner] backendStatus: null type: object startupComplete: false @ http://localhost:5173/src/pages/ConversationPanel.tsx?t=1785126586241:704
[   24151ms] [LOG] [BackendBanner] backendStatus: null type: object startupComplete: false @ http://localhost:5173/src/pages/ConversationPanel.tsx?t=1785126586241:704
[   24165ms] [LOG] [BackendBanner] backendStatus: null type: object startupComplete: false @ http://localhost:5173/src/pages/ConversationPanel.tsx?t=1785126586241:704
[   24169ms] [LOG] [BackendBanner] backendStatus: null type: object startupComplete: false @ http://localhost:5173/src/pages/ConversationPanel.tsx?t=1785126586241:704
[   24183ms] [LOG] [BackendBanner] backendStatus: null type: object startupComplete: false @ http://localhost:5173/src/pages/ConversationPanel.tsx?t=1785126586241:704
[   24183ms] [LOG] [BackendBanner] backendStatus: null type: object startupComplete: false @ http://localhost:5173/src/pages/ConversationPanel.tsx?t=1785126586241:704
[   24199ms] [LOG] [BackendBanner] backendStatus: null type: object startupComplete: false @ http://localhost:5173/src/pages/ConversationPanel.tsx?t=1785126586241:704
[   24199ms] [LOG] [BackendBanner] backendStatus: null type: object startupComplete: false @ http://localhost:5173/src/pages/ConversationPanel.tsx?t=1785126586241:704
[   24218ms] [LOG] [BackendBanner] backendStatus: null type: object startupComplete: false @ http://localhost:5173/src/pages/ConversationPanel.tsx?t=1785126586241:704
[   24218ms] [LOG] [BackendBanner] backendStatus: null type: object startupComplete: false @ http://localhost:5173/src/pages/ConversationPanel.tsx?t=1785126586241:704
[   24233ms] [LOG] [BackendBanner] backendStatus: null type: object startupComplete: false @ http://localhost:5173/src/pages/ConversationPanel.tsx?t=1785126586241:704
[   24234ms] [LOG] [BackendBanner] backendStatus: null type: object startupComplete: false @ http://localhost:5173/src/pages/ConversationPanel.tsx?t=1785126586241:704
[   24250ms] [LOG] [BackendBanner] backendStatus: null type: object startupComplete: false @ http://localhost:5173/src/pages/ConversationPanel.tsx?t=1785126586241:704
[   24251ms] [LOG] [BackendBanner] backendStatus: null type: object startupComplete: false @ http://localhost:5173/src/pages/ConversationPanel.tsx?t=1785126586241:704
[   24266ms] [LOG] [BackendBanner] backendStatus: null type: object startupComplete: false @ http://localhost:5173/src/pages/ConversationPanel.tsx?t=1785126586241:704
[   24266ms] [LOG] [BackendBanner] backendStatus: null type: object startupComplete: false @ http://localhost:5173/src/pages/ConversationPanel.tsx?t=1785126586241:704
[   24282ms] [LOG] [BackendBanner] backendStatus: null type: object startupComplete: false @ http://localhost:5173/src/pages/ConversationPanel.tsx?t=1785126586241:704
[   24282ms] [LOG] [BackendBanner] backendStatus: null type: object startupComplete: false @ http://localhost:5173/src/pages/ConversationPanel.tsx?t=1785126586241:704
[   24298ms] [LOG] [BackendBanner] backendStatus: null type: object startupComplete: false @ http://localhost:5173/src/pages/ConversationPanel.tsx?t=1785126586241:704
[   24298ms] [LOG] [BackendBanner] backendStatus: null type: object startupComplete: false @ http://localhost:5173/src/pages/ConversationPanel.tsx?t=1785126586241:704
[   24315ms] [LOG] [BackendBanner] backendStatus: null type: object startupComplete: false @ http://localhost:5173/src/pages/ConversationPanel.tsx?t=1785126586241:704
[   24316ms] [LOG] [BackendBanner] backendStatus: null type: object startupComplete: false @ http://localhost:5173/src/pages/ConversationPanel.tsx?t=1785126586241:704
[   24331ms] [LOG] [BackendBanner] backendStatus: null type: object startupComplete: false @ http://localhost:5173/src/pages/ConversationPanel.tsx?t=1785126586241:704
[   24332ms] [LOG] [BackendBanner] backendStatus: null type: object startupComplete: false @ http://localhost:5173/src/pages/ConversationPanel.tsx?t=1785126586241:704
[   24348ms] [LOG] [BackendBanner] backendStatus: null type: object startupComplete: false @ http://localhost:5173/src/pages/ConversationPanel.tsx?t=1785126586241:704
[   24349ms] [LOG] [BackendBanner] backendStatus: null type: object startupComplete: false @ http://localhost:5173/src/pages/ConversationPanel.tsx?t=1785126586241:704
[   24364ms] [LOG] [BackendBanner] backendStatus: null type: object startupComplete: false @ http://localhost:5173/src/pages/ConversationPanel.tsx?t=1785126586241:704
[   24365ms] [LOG] [BackendBanner] backendStatus: null type: object startupComplete: false @ http://localhost:5173/src/pages/ConversationPanel.tsx?t=1785126586241:704
[   24381ms] [LOG] [BackendBanner] backendStatus: null type: object startupComplete: false @ http://localhost:5173/src/pages/ConversationPanel.tsx?t=1785126586241:704
[   24381ms] [LOG] [BackendBanner] backendStatus: null type: object startupComplete: false @ http://localhost:5173/src/pages/ConversationPanel.tsx?t=1785126586241:704
[   24403ms] [LOG] [BackendBanner] backendStatus: null type: object startupComplete: false @ http://localhost:5173/src/pages/ConversationPanel.tsx?t=1785126586241:704
[   24403ms] [LOG] [BackendBanner] backendStatus: null type: object startupComplete: false @ http://localhost:5173/src/pages/ConversationPanel.tsx?t=1785126586241:704
[   24415ms] [LOG] [BackendBanner] backendStatus: null type: object startupComplete: false @ http://localhost:5173/src/pages/ConversationPanel.tsx?t=1785126586241:704
[   24415ms] [LOG] [BackendBanner] backendStatus: null type: object startupComplete: false @ http://localhost:5173/src/pages/ConversationPanel.tsx?t=1785126586241:704
[   24431ms] [LOG] [BackendBanner] backendStatus: null type: object startupComplete: false @ http://localhost:5173/src/pages/ConversationPanel.tsx?t=1785126586241:704
[   24432ms] [LOG] [BackendBanner] backendStatus: null type: object startupComplete: false @ http://localhost:5173/src/pages/ConversationPanel.tsx?t=1785126586241:704
[   24450ms] [LOG] [BackendBanner] backendStatus: null type: object startupComplete: false @ http://localhost:5173/src/pages/ConversationPanel.tsx?t=1785126586241:704
[   24450ms] [LOG] [BackendBanner] backendStatus: null type: object startupComplete: false @ http://localhost:5173/src/pages/ConversationPanel.tsx?t=1785126586241:704
[   24464ms] [LOG] [BackendBanner] backendStatus: null type: object startupComplete: false @ http://localhost:5173/src/pages/ConversationPanel.tsx?t=1785126586241:704
[   24465ms] [LOG] [BackendBanner] backendStatus: null type: object startupComplete: false @ http://localhost:5173/src/pages/ConversationPanel.tsx?t=1785126586241:704
[   24481ms] [LOG] [BackendBanner] backendStatus: null type: object startupComplete: false @ http://localhost:5173/src/pages/ConversationPanel.tsx?t=1785126586241:704
[   24481ms] [LOG] [BackendBanner] backendStatus: null type: object startupComplete: false @ http://localhost:5173/src/pages/ConversationPanel.tsx?t=1785126586241:704
[   24493ms] [LOG] [Frontend] Health check attempt 1 @ http://localhost:5173/src/pages/ConversationPanel.tsx?t=1785126586241:151
[   24493ms] [LOG] [Frontend] Health response: null @ http://localhost:5173/src/pages/ConversationPanel.tsx?t=1785126586241:153
[   24493ms] [LOG] [BackendBanner] backendStatus: null type: object startupComplete: false @ http://localhost:5173/src/pages/ConversationPanel.tsx?t=1785126586241:704
[   24496ms] [LOG] [BackendBanner] backendStatus: null type: object startupComplete: false @ http://localhost:5173/src/pages/ConversationPanel.tsx?t=1785126586241:704
[   24499ms] [LOG] [BackendBanner] backendStatus: null type: object startupComplete: false @ http://localhost:5173/src/pages/ConversationPanel.tsx?t=1785126586241:704
[   24499ms] [LOG] [BackendBanner] backendStatus: null type: object startupComplete: false @ http://localhost:5173/src/pages/ConversationPanel.tsx?t=1785126586241:704
[   24515ms] [LOG] [BackendBanner] backendStatus: null type: object startupComplete: false @ http://localhost:5173/src/pages/ConversationPanel.tsx?t=1785126586241:704
[   24516ms] [LOG] [BackendBanner] backendStatus: null type: object startupComplete: false @ http://localhost:5173/src/pages/ConversationPanel.tsx?t=1785126586241:704
[   24532ms] [LOG] [BackendBanner] backendStatus: null type: object startupComplete: false @ http://localhost:5173/src/pages/ConversationPanel.tsx?t=1785126586241:704
[   24533ms] [LOG] [BackendBanner] backendStatus: null type: object startupComplete: false @ http://localhost:5173/src/pages/ConversationPanel.tsx?t=1785126586241:704
[   25165ms] [WARNING] THREE.Clock: This module has been deprecated. Please use THREE.Timer instead. @ http://localhost:5173/node_modules/.vite/deps/chunk-2LMVBLFU.js?v=6057410a:746
[   25222ms] TypeError: Cannot read properties of null (reading 'state')
    at LivingOrbCenter (http://localhost:5173/src/engine/components/LivingOrbCenter.tsx:110:25)
    at renderWithHooks (http://localhost:5173/node_modules/.vite/deps/@react-three_fiber.js?v=6057410a:5892:26)
    at mountIndeterminateComponent (http://localhost:5173/node_modules/.vite/deps/@react-three_fiber.js?v=6057410a:9375:21)
    at beginWork (http://localhost:5173/node_modules/.vite/deps/@react-three_fiber.js?v=6057410a:10358:22)
    at HTMLUnknownElement.callCallback2 (http://localhost:5173/node_modules/.vite/deps/@react-three_fiber.js?v=6057410a:10589:22)
    at Object.invokeGuardedCallbackDev (http://localhost:5173/node_modules/.vite/deps/@react-three_fiber.js?v=6057410a:10614:24)
    at invokeGuardedCallback (http://localhost:5173/node_modules/.vite/deps/@react-three_fiber.js?v=6057410a:10646:39)
    at beginWork$1 (http://localhost:5173/node_modules/.vite/deps/@react-three_fiber.js?v=6057410a:14200:15)
    at performUnitOfWork (http://localhost:5173/node_modules/.vite/deps/@react-three_fiber.js?v=6057410a:13664:20)
    at workLoopSync (http://localhost:5173/node_modules/.vite/deps/@react-three_fiber.js?v=6057410a:13604:13)
[   25227ms] TypeError: Cannot read properties of null (reading 'state')
    at LivingOrbCenter (http://localhost:5173/src/engine/components/LivingOrbCenter.tsx:110:25)
    at renderWithHooks (http://localhost:5173/node_modules/.vite/deps/@react-three_fiber.js?v=6057410a:5892:26)
    at mountIndeterminateComponent (http://localhost:5173/node_modules/.vite/deps/@react-three_fiber.js?v=6057410a:9375:21)
    at beginWork (http://localhost:5173/node_modules/.vite/deps/@react-three_fiber.js?v=6057410a:10358:22)
    at HTMLUnknownElement.callCallback2 (http://localhost:5173/node_modules/.vite/deps/@react-three_fiber.js?v=6057410a:10589:22)
    at Object.invokeGuardedCallbackDev (http://localhost:5173/node_modules/.vite/deps/@react-three_fiber.js?v=6057410a:10614:24)
    at invokeGuardedCallback (http://localhost:5173/node_modules/.vite/deps/@react-three_fiber.js?v=6057410a:10646:39)
    at beginWork$1 (http://localhost:5173/node_modules/.vite/deps/@react-three_fiber.js?v=6057410a:14200:15)
    at performUnitOfWork (http://localhost:5173/node_modules/.vite/deps/@react-three_fiber.js?v=6057410a:13664:20)
    at workLoopSync (http://localhost:5173/node_modules/.vite/deps/@react-three_fiber.js?v=6057410a:13604:13)
[   25229ms] [ERROR] The above error occurred in the <LivingOrbCenter> component:

    at LivingOrbCenter (http://localhost:5173/src/engine/components/LivingOrbCenter.tsx:23:3)
    at Suspense
    at ErrorBoundary (http://localhost:5173/node_modules/.vite/deps/@react-three_fiber.js?v=6057410a:16028:5)
    at FiberProvider (http://localhost:5173/node_modules/.vite/deps/@react-three_fiber.js?v=6057410a:17708:21)
    at Provider (http://localhost:5173/node_modules/.vite/deps/@react-three_fiber.js?v=6057410a:17317:3)

React will try to recreate this component tree from scratch using the error boundary you provided, ErrorBoundary. @ http://localhost:5173/node_modules/.vite/deps/@react-three_fiber.js?v=6057410a:17704
[   25231ms] TypeError: Cannot read properties of null (reading 'state')
    at LivingOrbCenter (http://localhost:5173/src/engine/components/LivingOrbCenter.tsx:110:25)
    at renderWithHooks (http://localhost:5173/node_modules/.vite/deps/@react-three_fiber.js?v=6057410a:5892:26)
    at mountIndeterminateComponent (http://localhost:5173/node_modules/.vite/deps/@react-three_fiber.js?v=6057410a:9375:21)
    at beginWork (http://localhost:5173/node_modules/.vite/deps/@react-three_fiber.js?v=6057410a:10358:22)
    at beginWork$1 (http://localhost:5173/node_modules/.vite/deps/@react-three_fiber.js?v=6057410a:14188:22)
    at performUnitOfWork (http://localhost:5173/node_modules/.vite/deps/@react-three_fiber.js?v=6057410a:13664:20)
    at workLoopSync (http://localhost:5173/node_modules/.vite/deps/@react-three_fiber.js?v=6057410a:13604:13)
    at renderRootSync (http://localhost:5173/node_modules/.vite/deps/@react-three_fiber.js?v=6057410a:13583:15)
    at recoverFromConcurrentError (http://localhost:5173/node_modules/.vite/deps/@react-three_fiber.js?v=6057410a:13173:28)
    at performConcurrentWorkOnRoot (http://localhost:5173/node_modules/.vite/deps/@react-three_fiber.js?v=6057410a:13121:30)
[   25244ms] TypeError: Cannot read properties of null (reading 'state')
    at LivingOrbCenter (http://localhost:5173/src/engine/components/LivingOrbCenter.tsx:110:25)
    at renderWithHooks (http://localhost:5173/node_modules/.vite/deps/@react-three_fiber.js?v=6057410a:5892:26)
    at mountIndeterminateComponent (http://localhost:5173/node_modules/.vite/deps/@react-three_fiber.js?v=6057410a:9375:21)
    at beginWork (http://localhost:5173/node_modules/.vite/deps/@react-three_fiber.js?v=6057410a:10358:22)
    at beginWork$1 (http://localhost:5173/node_modules/.vite/deps/@react-three_fiber.js?v=6057410a:14188:22)
    at performUnitOfWork (http://localhost:5173/node_modules/.vite/deps/@react-three_fiber.js?v=6057410a:13664:20)
    at workLoopSync (http://localhost:5173/node_modules/.vite/deps/@react-three_fiber.js?v=6057410a:13604:13)
    at renderRootSync (http://localhost:5173/node_modules/.vite/deps/@react-three_fiber.js?v=6057410a:13583:15)
    at recoverFromConcurrentError (http://localhost:5173/node_modules/.vite/deps/@react-three_fiber.js?v=6057410a:13173:28)
    at performConcurrentWorkOnRoot (http://localhost:5173/node_modules/.vite/deps/@react-three_fiber.js?v=6057410a:13121:30)
[   25247ms] [ERROR] The above error occurred in the <ForwardRef(Canvas)> component:

    at Canvas (http://localhost:5173/node_modules/.vite/deps/@react-three_fiber.js?v=6057410a:17774:3)
    at FiberProvider (http://localhost:5173/node_modules/.vite/deps/@react-three_fiber.js?v=6057410a:17708:21)
    at CanvasWrapper
    at div
    at UniverseView (http://localhost:5173/src/pages/UniverseView.tsx?t=1785141216816:49:7)
    at R3FErrorBoundary (http://localhost:5173/src/components/R3FErrorBoundary.tsx:7:5)
    at div
    at MotionComponent (http://localhost:5173/node_modules/.vite/deps/framer-motion.js?v=6057410a:945:40)
    at div
    at CameraController2 (http://localhost:5173/src/components/spatial/camera/CameraController.tsx?t=1785127696740:25:3)
    at div
    at DesktopShell (http://localhost:5173/src/components/layout/DesktopShell.tsx?t=1785129319275:28:32)
    at div
    at div
    at div
    at ZaramProvider (http://localhost:5173/src/context/ZaramContext.jsx:20:33)
    at App (http://localhost:5173/src/App.jsx?t=1785141216816:112:27)
    at ThemeProvider (http://localhost:5173/src/theme/ThemeProvider.tsx:22:33)
    at PresenceProvider (http://localhost:5173/src/context/PresenceContext.tsx:25:36)
    at QueryClientProvider (http://localhost:5173/node_modules/.vite/deps/@tanstack_react-query.js?v=6057410a:3239:3)
    at ErrorBoundary (http://localhost:5173/src/components/common/ErrorBoundary.tsx:7:5)

React will try to recreate this component tree from scratch using the error boundary you provided, R3FErrorBoundary. @ http://localhost:5173/node_modules/.vite/deps/@react-three_fiber.js?v=6057410a:17704
[   25247ms] [ERROR] [R3FErrorBoundary] Caught error: TypeError: Cannot read properties of null (reading 'state')
    at LivingOrbCenter (http://localhost:5173/src/engine/components/LivingOrbCenter.tsx:110:25)
    at renderWithHooks (http://localhost:5173/node_modules/.vite/deps/@react-three_fiber.js?v=6057410a:5892:26)
    at mountIndeterminateComponent (http://localhost:5173/node_modules/.vite/deps/@react-three_fiber.js?v=6057410a:9375:21)
    at beginWork (http://localhost:5173/node_modules/.vite/deps/@react-three_fiber.js?v=6057410a:10358:22)
    at beginWork$1 (http://localhost:5173/node_modules/.vite/deps/@react-three_fiber.js?v=6057410a:14188:22)
    at performUnitOfWork (http://localhost:5173/node_modules/.vite/deps/@react-three_fiber.js?v=6057410a:13664:20)
    at workLoopSync (http://localhost:5173/node_modules/.vite/deps/@react-three_fiber.js?v=6057410a:13604:13)
    at renderRootSync (http://localhost:5173/node_modules/.vite/deps/@react-three_fiber.js?v=6057410a:13583:15)
    at recoverFromConcurrentError (http://localhost:5173/node_modules/.vite/deps/@react-three_fiber.js?v=6057410a:13173:28)
    at performConcurrentWorkOnRoot (http://localhost:5173/node_modules/.vite/deps/@react-three_fiber.js?v=6057410a:13121:30) @ http://localhost:5173/node_modules/.vite/deps/@react-three_fiber.js?v=6057410a:17704
[   25248ms] [ERROR] [R3FErrorBoundary] Component stack: 
    at Canvas (http://localhost:5173/node_modules/.vite/deps/@react-three_fiber.js?v=6057410a:17774:3)
    at FiberProvider (http://localhost:5173/node_modules/.vite/deps/@react-three_fiber.js?v=6057410a:17708:21)
    at CanvasWrapper
    at div
    at UniverseView (http://localhost:5173/src/pages/UniverseView.tsx?t=1785141216816:49:7)
    at R3FErrorBoundary (http://localhost:5173/src/components/R3FErrorBoundary.tsx:7:5)
    at div
    at MotionComponent (http://localhost:5173/node_modules/.vite/deps/framer-motion.js?v=6057410a:945:40)
    at div
    at CameraController2 (http://localhost:5173/src/components/spatial/camera/CameraController.tsx?t=1785127696740:25:3)
    at div
    at DesktopShell (http://localhost:5173/src/components/layout/DesktopShell.tsx?t=1785129319275:28:32)
    at div
    at div
    at div
    at ZaramProvider (http://localhost:5173/src/context/ZaramContext.jsx:20:33)
    at App (http://localhost:5173/src/App.jsx?t=1785141216816:112:27)
    at ThemeProvider (http://localhost:5173/src/theme/ThemeProvider.tsx:22:33)
    at PresenceProvider (http://localhost:5173/src/context/PresenceContext.tsx:25:36)
    at QueryClientProvider (http://localhost:5173/node_modules/.vite/deps/@tanstack_react-query.js?v=6057410a:3239:3)
    at ErrorBoundary (http://localhost:5173/src/components/common/ErrorBoundary.tsx:7:5) @ http://localhost:5173/node_modules/.vite/deps/@react-three_fiber.js?v=6057410a:17704
[   25804ms] [LOG] THREE.WebGLRenderer: Context Lost. @ http://localhost:5173/node_modules/.vite/deps/chunk-2LMVBLFU.js?v=6057410a:721
[   28652ms] [INFO] %cDownload the React DevTools for a better development experience: https://reactjs.org/link/react-devtools font-weight:bold @ http://localhost:5173/node_modules/.vite/deps/chunk-2EG2ZD3U.js?v=6057410a:21550
[   29175ms] [WARNING] [DEPRECATED] Default export is deprecated. Instead use `import { create } from 'zustand'`. @ http://localhost:5173/node_modules/.vite/deps/zustand.js?v=6057410a:233
[   32419ms] [WARNING] THREE.Clock: This module has been deprecated. Please use THREE.Timer instead. @ http://localhost:5173/node_modules/.vite/deps/chunk-2LMVBLFU.js?v=6057410a:746
[   46612ms] [LOG] THREE.WebGLRenderer: Context Lost. @ http://localhost:5173/node_modules/.vite/deps/chunk-2LMVBLFU.js?v=6057410a:721
[   47042ms] [LOG] [Bridge] execution.onEvent subscribed @ http://localhost:5173/src/desktop/desktop-bridge.ts:97
[   47043ms] [LOG] [Bridge] execution.onEvent subscribed @ http://localhost:5173/src/desktop/desktop-bridge.ts:97
[   47877ms] [LOG] [Bridge] execution.onEvent subscribed @ http://localhost:5173/src/desktop/desktop-bridge.ts:97
[   47877ms] [LOG] [Bridge] execution.onEvent subscribed @ http://localhost:5173/src/desktop/desktop-bridge.ts:97
[   47888ms] TypeError: Cannot read properties of null (reading 'length')
    at RuntimeInspector (http://localhost:5173/src/pages/RuntimeInspector.tsx:889:25)
    at renderWithHooks (http://localhost:5173/node_modules/.vite/deps/chunk-2EG2ZD3U.js?v=6057410a:11548:26)
    at updateFunctionComponent (http://localhost:5173/node_modules/.vite/deps/chunk-2EG2ZD3U.js?v=6057410a:14582:28)
    at beginWork (http://localhost:5173/node_modules/.vite/deps/chunk-2EG2ZD3U.js?v=6057410a:15924:22)
    at HTMLUnknownElement.callCallback2 (http://localhost:5173/node_modules/.vite/deps/chunk-2EG2ZD3U.js?v=6057410a:3674:22)
    at Object.invokeGuardedCallbackDev (http://localhost:5173/node_modules/.vite/deps/chunk-2EG2ZD3U.js?v=6057410a:3699:24)
    at invokeGuardedCallback (http://localhost:5173/node_modules/.vite/deps/chunk-2EG2ZD3U.js?v=6057410a:3733:39)
    at beginWork$1 (http://localhost:5173/node_modules/.vite/deps/chunk-2EG2ZD3U.js?v=6057410a:19765:15)
    at performUnitOfWork (http://localhost:5173/node_modules/.vite/deps/chunk-2EG2ZD3U.js?v=6057410a:19198:20)
    at workLoopSync (http://localhost:5173/node_modules/.vite/deps/chunk-2EG2ZD3U.js?v=6057410a:19137:13)
[   47893ms] TypeError: Cannot read properties of null (reading 'length')
    at RuntimeInspector (http://localhost:5173/src/pages/RuntimeInspector.tsx:889:25)
    at renderWithHooks (http://localhost:5173/node_modules/.vite/deps/chunk-2EG2ZD3U.js?v=6057410a:11548:26)
    at updateFunctionComponent (http://localhost:5173/node_modules/.vite/deps/chunk-2EG2ZD3U.js?v=6057410a:14582:28)
    at beginWork (http://localhost:5173/node_modules/.vite/deps/chunk-2EG2ZD3U.js?v=6057410a:15924:22)
    at HTMLUnknownElement.callCallback2 (http://localhost:5173/node_modules/.vite/deps/chunk-2EG2ZD3U.js?v=6057410a:3674:22)
    at Object.invokeGuardedCallbackDev (http://localhost:5173/node_modules/.vite/deps/chunk-2EG2ZD3U.js?v=6057410a:3699:24)
    at invokeGuardedCallback (http://localhost:5173/node_modules/.vite/deps/chunk-2EG2ZD3U.js?v=6057410a:3733:39)
    at beginWork$1 (http://localhost:5173/node_modules/.vite/deps/chunk-2EG2ZD3U.js?v=6057410a:19765:15)
    at performUnitOfWork (http://localhost:5173/node_modules/.vite/deps/chunk-2EG2ZD3U.js?v=6057410a:19198:20)
    at workLoopSync (http://localhost:5173/node_modules/.vite/deps/chunk-2EG2ZD3U.js?v=6057410a:19137:13)
[   47898ms] [ERROR] The above error occurred in the <RuntimeInspector> component:

    at RuntimeInspector (http://localhost:5173/src/pages/RuntimeInspector.tsx:37:31)
    at div
    at MotionComponent (http://localhost:5173/node_modules/.vite/deps/framer-motion.js?v=6057410a:945:40)
    at div
    at CameraController2 (http://localhost:5173/src/components/spatial/camera/CameraController.tsx?t=1785127696740:25:3)
    at div
    at DesktopShell (http://localhost:5173/src/components/layout/DesktopShell.tsx?t=1785129319275:28:32)
    at div
    at div
    at div
    at ZaramProvider (http://localhost:5173/src/context/ZaramContext.jsx:20:33)
    at App (http://localhost:5173/src/App.jsx?t=1785141216816:112:27)
    at ThemeProvider (http://localhost:5173/src/theme/ThemeProvider.tsx:22:33)
    at PresenceProvider (http://localhost:5173/src/context/PresenceContext.tsx:25:36)
    at QueryClientProvider (http://localhost:5173/node_modules/.vite/deps/@tanstack_react-query.js?v=6057410a:3239:3)
    at ErrorBoundary (http://localhost:5173/src/components/common/ErrorBoundary.tsx:7:5)

React will try to recreate this component tree from scratch using the error boundary you provided, ErrorBoundary. @ http://localhost:5173/node_modules/.vite/deps/@react-three_fiber.js?v=6057410a:17704
[   47899ms] [ERROR] Renderer crashed: TypeError: Cannot read properties of null (reading 'length')
    at RuntimeInspector (http://localhost:5173/src/pages/RuntimeInspector.tsx:889:25)
    at renderWithHooks (http://localhost:5173/node_modules/.vite/deps/chunk-2EG2ZD3U.js?v=6057410a:11548:26)
    at updateFunctionComponent (http://localhost:5173/node_modules/.vite/deps/chunk-2EG2ZD3U.js?v=6057410a:14582:28)
    at beginWork (http://localhost:5173/node_modules/.vite/deps/chunk-2EG2ZD3U.js?v=6057410a:15924:22)
    at beginWork$1 (http://localhost:5173/node_modules/.vite/deps/chunk-2EG2ZD3U.js?v=6057410a:19753:22)
    at performUnitOfWork (http://localhost:5173/node_modules/.vite/deps/chunk-2EG2ZD3U.js?v=6057410a:19198:20)
    at workLoopSync (http://localhost:5173/node_modules/.vite/deps/chunk-2EG2ZD3U.js?v=6057410a:19137:13)
    at renderRootSync (http://localhost:5173/node_modules/.vite/deps/chunk-2EG2ZD3U.js?v=6057410a:19116:15)
    at recoverFromConcurrentError (http://localhost:5173/node_modules/.vite/deps/chunk-2EG2ZD3U.js?v=6057410a:18736:28)
    at performSyncWorkOnRoot (http://localhost:5173/node_modules/.vite/deps/chunk-2EG2ZD3U.js?v=6057410a:18879:28) {componentStack: 
    at RuntimeInspector (http://localhost:5173/sr…5173/src/components/common/ErrorBoundary.tsx:7:5)} @ http://localhost:5173/node_modules/.vite/deps/@react-three_fiber.js?v=6057410a:17704
[   49667ms] [LOG] [Bridge] execution.onEvent subscribed @ http://localhost:5173/src/desktop/desktop-bridge.ts:97
[   49669ms] [LOG] [Bridge] execution.onEvent subscribed @ http://localhost:5173/src/desktop/desktop-bridge.ts:97
[   49682ms] TypeError: Cannot read properties of null (reading 'length')
    at RuntimeInspector (http://localhost:5173/src/pages/RuntimeInspector.tsx:889:25)
    at renderWithHooks (http://localhost:5173/node_modules/.vite/deps/chunk-2EG2ZD3U.js?v=6057410a:11548:26)
    at updateFunctionComponent (http://localhost:5173/node_modules/.vite/deps/chunk-2EG2ZD3U.js?v=6057410a:14582:28)
    at beginWork (http://localhost:5173/node_modules/.vite/deps/chunk-2EG2ZD3U.js?v=6057410a:15924:22)
    at HTMLUnknownElement.callCallback2 (http://localhost:5173/node_modules/.vite/deps/chunk-2EG2ZD3U.js?v=6057410a:3674:22)
    at Object.invokeGuardedCallbackDev (http://localhost:5173/node_modules/.vite/deps/chunk-2EG2ZD3U.js?v=6057410a:3699:24)
    at invokeGuardedCallback (http://localhost:5173/node_modules/.vite/deps/chunk-2EG2ZD3U.js?v=6057410a:3733:39)
    at beginWork$1 (http://localhost:5173/node_modules/.vite/deps/chunk-2EG2ZD3U.js?v=6057410a:19765:15)
    at performUnitOfWork (http://localhost:5173/node_modules/.vite/deps/chunk-2EG2ZD3U.js?v=6057410a:19198:20)
    at workLoopSync (http://localhost:5173/node_modules/.vite/deps/chunk-2EG2ZD3U.js?v=6057410a:19137:13)
[   49688ms] TypeError: Cannot read properties of null (reading 'length')
    at RuntimeInspector (http://localhost:5173/src/pages/RuntimeInspector.tsx:889:25)
    at renderWithHooks (http://localhost:5173/node_modules/.vite/deps/chunk-2EG2ZD3U.js?v=6057410a:11548:26)
    at updateFunctionComponent (http://localhost:5173/node_modules/.vite/deps/chunk-2EG2ZD3U.js?v=6057410a:14582:28)
    at beginWork (http://localhost:5173/node_modules/.vite/deps/chunk-2EG2ZD3U.js?v=6057410a:15924:22)
    at HTMLUnknownElement.callCallback2 (http://localhost:5173/node_modules/.vite/deps/chunk-2EG2ZD3U.js?v=6057410a:3674:22)
    at Object.invokeGuardedCallbackDev (http://localhost:5173/node_modules/.vite/deps/chunk-2EG2ZD3U.js?v=6057410a:3699:24)
    at invokeGuardedCallback (http://localhost:5173/node_modules/.vite/deps/chunk-2EG2ZD3U.js?v=6057410a:3733:39)
    at beginWork$1 (http://localhost:5173/node_modules/.vite/deps/chunk-2EG2ZD3U.js?v=6057410a:19765:15)
    at performUnitOfWork (http://localhost:5173/node_modules/.vite/deps/chunk-2EG2ZD3U.js?v=6057410a:19198:20)
    at workLoopSync (http://localhost:5173/node_modules/.vite/deps/chunk-2EG2ZD3U.js?v=6057410a:19137:13)
[   49700ms] [ERROR] The above error occurred in the <RuntimeInspector> component:

    at RuntimeInspector (http://localhost:5173/src/pages/RuntimeInspector.tsx:37:31)
    at div
    at MotionComponent (http://localhost:5173/node_modules/.vite/deps/framer-motion.js?v=6057410a:945:40)
    at div
    at CameraController2 (http://localhost:5173/src/components/spatial/camera/CameraController.tsx?t=1785127696740:25:3)
    at div
    at DesktopShell (http://localhost:5173/src/components/layout/DesktopShell.tsx?t=1785129319275:28:32)
    at div
    at div
    at div
    at ZaramProvider (http://localhost:5173/src/context/ZaramContext.jsx:20:33)
    at App (http://localhost:5173/src/App.jsx?t=1785141216816:112:27)
    at ThemeProvider (http://localhost:5173/src/theme/ThemeProvider.tsx:22:33)
    at PresenceProvider (http://localhost:5173/src/context/PresenceContext.tsx:25:36)
    at QueryClientProvider (http://localhost:5173/node_modules/.vite/deps/@tanstack_react-query.js?v=6057410a:3239:3)
    at ErrorBoundary (http://localhost:5173/src/components/common/ErrorBoundary.tsx:7:5)

React will try to recreate this component tree from scratch using the error boundary you provided, ErrorBoundary. @ http://localhost:5173/node_modules/.vite/deps/@react-three_fiber.js?v=6057410a:17704
[   49701ms] [ERROR] Renderer crashed: TypeError: Cannot read properties of null (reading 'length')
    at RuntimeInspector (http://localhost:5173/src/pages/RuntimeInspector.tsx:889:25)
    at renderWithHooks (http://localhost:5173/node_modules/.vite/deps/chunk-2EG2ZD3U.js?v=6057410a:11548:26)
    at updateFunctionComponent (http://localhost:5173/node_modules/.vite/deps/chunk-2EG2ZD3U.js?v=6057410a:14582:28)
    at beginWork (http://localhost:5173/node_modules/.vite/deps/chunk-2EG2ZD3U.js?v=6057410a:15924:22)
    at beginWork$1 (http://localhost:5173/node_modules/.vite/deps/chunk-2EG2ZD3U.js?v=6057410a:19753:22)
    at performUnitOfWork (http://localhost:5173/node_modules/.vite/deps/chunk-2EG2ZD3U.js?v=6057410a:19198:20)
    at workLoopSync (http://localhost:5173/node_modules/.vite/deps/chunk-2EG2ZD3U.js?v=6057410a:19137:13)
    at renderRootSync (http://localhost:5173/node_modules/.vite/deps/chunk-2EG2ZD3U.js?v=6057410a:19116:15)
    at recoverFromConcurrentError (http://localhost:5173/node_modules/.vite/deps/chunk-2EG2ZD3U.js?v=6057410a:18736:28)
    at performSyncWorkOnRoot (http://localhost:5173/node_modules/.vite/deps/chunk-2EG2ZD3U.js?v=6057410a:18879:28) {componentStack: 
    at RuntimeInspector (http://localhost:5173/sr…5173/src/components/common/ErrorBoundary.tsx:7:5)} @ http://localhost:5173/node_modules/.vite/deps/@react-three_fiber.js?v=6057410a:17704
[   50830ms] [INFO] %cDownload the React DevTools for a better development experience: https://reactjs.org/link/react-devtools font-weight:bold @ http://localhost:5173/node_modules/.vite/deps/chunk-2EG2ZD3U.js?v=6057410a:21550
[   51318ms] [WARNING] [DEPRECATED] Default export is deprecated. Instead use `import { create } from 'zustand'`. @ http://localhost:5173/node_modules/.vite/deps/zustand.js?v=6057410a:233
[   54391ms] [LOG] [Bridge] execution.onEvent subscribed @ http://localhost:5173/src/desktop/desktop-bridge.ts:97
[   54392ms] [LOG] [Bridge] execution.onEvent subscribed @ http://localhost:5173/src/desktop/desktop-bridge.ts:97
[   54435ms] TypeError: Cannot read properties of null (reading 'length')
    at RuntimeInspector (http://localhost:5173/src/pages/RuntimeInspector.tsx:889:25)
    at renderWithHooks (http://localhost:5173/node_modules/.vite/deps/chunk-2EG2ZD3U.js?v=6057410a:11548:26)
    at updateFunctionComponent (http://localhost:5173/node_modules/.vite/deps/chunk-2EG2ZD3U.js?v=6057410a:14582:28)
    at beginWork (http://localhost:5173/node_modules/.vite/deps/chunk-2EG2ZD3U.js?v=6057410a:15924:22)
    at HTMLUnknownElement.callCallback2 (http://localhost:5173/node_modules/.vite/deps/chunk-2EG2ZD3U.js?v=6057410a:3674:22)
    at Object.invokeGuardedCallbackDev (http://localhost:5173/node_modules/.vite/deps/chunk-2EG2ZD3U.js?v=6057410a:3699:24)
    at invokeGuardedCallback (http://localhost:5173/node_modules/.vite/deps/chunk-2EG2ZD3U.js?v=6057410a:3733:39)
    at beginWork$1 (http://localhost:5173/node_modules/.vite/deps/chunk-2EG2ZD3U.js?v=6057410a:19765:15)
    at performUnitOfWork (http://localhost:5173/node_modules/.vite/deps/chunk-2EG2ZD3U.js?v=6057410a:19198:20)
    at workLoopSync (http://localhost:5173/node_modules/.vite/deps/chunk-2EG2ZD3U.js?v=6057410a:19137:13)
[   54445ms] TypeError: Cannot read properties of null (reading 'length')
    at RuntimeInspector (http://localhost:5173/src/pages/RuntimeInspector.tsx:889:25)
    at renderWithHooks (http://localhost:5173/node_modules/.vite/deps/chunk-2EG2ZD3U.js?v=6057410a:11548:26)
    at updateFunctionComponent (http://localhost:5173/node_modules/.vite/deps/chunk-2EG2ZD3U.js?v=6057410a:14582:28)
    at beginWork (http://localhost:5173/node_modules/.vite/deps/chunk-2EG2ZD3U.js?v=6057410a:15924:22)
    at HTMLUnknownElement.callCallback2 (http://localhost:5173/node_modules/.vite/deps/chunk-2EG2ZD3U.js?v=6057410a:3674:22)
    at Object.invokeGuardedCallbackDev (http://localhost:5173/node_modules/.vite/deps/chunk-2EG2ZD3U.js?v=6057410a:3699:24)
    at invokeGuardedCallback (http://localhost:5173/node_modules/.vite/deps/chunk-2EG2ZD3U.js?v=6057410a:3733:39)
    at beginWork$1 (http://localhost:5173/node_modules/.vite/deps/chunk-2EG2ZD3U.js?v=6057410a:19765:15)
    at performUnitOfWork (http://localhost:5173/node_modules/.vite/deps/chunk-2EG2ZD3U.js?v=6057410a:19198:20)
    at workLoopSync (http://localhost:5173/node_modules/.vite/deps/chunk-2EG2ZD3U.js?v=6057410a:19137:13)
[   54450ms] [ERROR] The above error occurred in the <RuntimeInspector> component:

    at RuntimeInspector (http://localhost:5173/src/pages/RuntimeInspector.tsx:37:31)
    at div
    at MotionComponent (http://localhost:5173/node_modules/.vite/deps/framer-motion.js?v=6057410a:945:40)
    at div
    at CameraController2 (http://localhost:5173/src/components/spatial/camera/CameraController.tsx?t=1785127696740:25:3)
    at div
    at DesktopShell (http://localhost:5173/src/components/layout/DesktopShell.tsx?t=1785129319275:28:32)
    at div
    at div
    at div
    at ZaramProvider (http://localhost:5173/src/context/ZaramContext.jsx:20:33)
    at App (http://localhost:5173/src/App.jsx?t=1785141216816:112:27)
    at ThemeProvider (http://localhost:5173/src/theme/ThemeProvider.tsx:22:33)
    at PresenceProvider (http://localhost:5173/src/context/PresenceContext.tsx:25:36)
    at QueryClientProvider (http://localhost:5173/node_modules/.vite/deps/@tanstack_react-query.js?v=6057410a:3239:3)
    at ErrorBoundary (http://localhost:5173/src/components/common/ErrorBoundary.tsx:7:5)

React will try to recreate this component tree from scratch using the error boundary you provided, ErrorBoundary. @ http://localhost:5173/node_modules/.vite/deps/@react-three_fiber.js?v=6057410a:17704
[   54450ms] [ERROR] Renderer crashed: TypeError: Cannot read properties of null (reading 'length')
    at RuntimeInspector (http://localhost:5173/src/pages/RuntimeInspector.tsx:889:25)
    at renderWithHooks (http://localhost:5173/node_modules/.vite/deps/chunk-2EG2ZD3U.js?v=6057410a:11548:26)
    at updateFunctionComponent (http://localhost:5173/node_modules/.vite/deps/chunk-2EG2ZD3U.js?v=6057410a:14582:28)
    at beginWork (http://localhost:5173/node_modules/.vite/deps/chunk-2EG2ZD3U.js?v=6057410a:15924:22)
    at beginWork$1 (http://localhost:5173/node_modules/.vite/deps/chunk-2EG2ZD3U.js?v=6057410a:19753:22)
    at performUnitOfWork (http://localhost:5173/node_modules/.vite/deps/chunk-2EG2ZD3U.js?v=6057410a:19198:20)
    at workLoopSync (http://localhost:5173/node_modules/.vite/deps/chunk-2EG2ZD3U.js?v=6057410a:19137:13)
    at renderRootSync (http://localhost:5173/node_modules/.vite/deps/chunk-2EG2ZD3U.js?v=6057410a:19116:15)
    at recoverFromConcurrentError (http://localhost:5173/node_modules/.vite/deps/chunk-2EG2ZD3U.js?v=6057410a:18736:28)
    at performConcurrentWorkOnRoot (http://localhost:5173/node_modules/.vite/deps/chunk-2EG2ZD3U.js?v=6057410a:18684:30) {componentStack: 
    at RuntimeInspector (http://localhost:5173/sr…5173/src/components/common/ErrorBoundary.tsx:7:5)} @ http://localhost:5173/node_modules/.vite/deps/@react-three_fiber.js?v=6057410a:17704
[   55816ms] [LOG] [Bridge] execution.onEvent subscribed @ http://localhost:5173/src/desktop/desktop-bridge.ts:97
[   55817ms] [LOG] [Bridge] execution.onEvent subscribed @ http://localhost:5173/src/desktop/desktop-bridge.ts:97
[   55835ms] TypeError: Cannot read properties of null (reading 'length')
    at RuntimeInspector (http://localhost:5173/src/pages/RuntimeInspector.tsx:889:25)
    at renderWithHooks (http://localhost:5173/node_modules/.vite/deps/chunk-2EG2ZD3U.js?v=6057410a:11548:26)
    at updateFunctionComponent (http://localhost:5173/node_modules/.vite/deps/chunk-2EG2ZD3U.js?v=6057410a:14582:28)
    at beginWork (http://localhost:5173/node_modules/.vite/deps/chunk-2EG2ZD3U.js?v=6057410a:15924:22)
    at HTMLUnknownElement.callCallback2 (http://localhost:5173/node_modules/.vite/deps/chunk-2EG2ZD3U.js?v=6057410a:3674:22)
    at Object.invokeGuardedCallbackDev (http://localhost:5173/node_modules/.vite/deps/chunk-2EG2ZD3U.js?v=6057410a:3699:24)
    at invokeGuardedCallback (http://localhost:5173/node_modules/.vite/deps/chunk-2EG2ZD3U.js?v=6057410a:3733:39)
    at beginWork$1 (http://localhost:5173/node_modules/.vite/deps/chunk-2EG2ZD3U.js?v=6057410a:19765:15)
    at performUnitOfWork (http://localhost:5173/node_modules/.vite/deps/chunk-2EG2ZD3U.js?v=6057410a:19198:20)
    at workLoopSync (http://localhost:5173/node_modules/.vite/deps/chunk-2EG2ZD3U.js?v=6057410a:19137:13)
[   55840ms] TypeError: Cannot read properties of null (reading 'length')
    at RuntimeInspector (http://localhost:5173/src/pages/RuntimeInspector.tsx:889:25)
    at renderWithHooks (http://localhost:5173/node_modules/.vite/deps/chunk-2EG2ZD3U.js?v=6057410a:11548:26)
    at updateFunctionComponent (http://localhost:5173/node_modules/.vite/deps/chunk-2EG2ZD3U.js?v=6057410a:14582:28)
    at beginWork (http://localhost:5173/node_modules/.vite/deps/chunk-2EG2ZD3U.js?v=6057410a:15924:22)
    at HTMLUnknownElement.callCallback2 (http://localhost:5173/node_modules/.vite/deps/chunk-2EG2ZD3U.js?v=6057410a:3674:22)
    at Object.invokeGuardedCallbackDev (http://localhost:5173/node_modules/.vite/deps/chunk-2EG2ZD3U.js?v=6057410a:3699:24)
    at invokeGuardedCallback (http://localhost:5173/node_modules/.vite/deps/chunk-2EG2ZD3U.js?v=6057410a:3733:39)
    at beginWork$1 (http://localhost:5173/node_modules/.vite/deps/chunk-2EG2ZD3U.js?v=6057410a:19765:15)
    at performUnitOfWork (http://localhost:5173/node_modules/.vite/deps/chunk-2EG2ZD3U.js?v=6057410a:19198:20)
    at workLoopSync (http://localhost:5173/node_modules/.vite/deps/chunk-2EG2ZD3U.js?v=6057410a:19137:13)
[   55849ms] [ERROR] The above error occurred in the <RuntimeInspector> component:

    at RuntimeInspector (http://localhost:5173/src/pages/RuntimeInspector.tsx:37:31)
    at div
    at MotionComponent (http://localhost:5173/node_modules/.vite/deps/framer-motion.js?v=6057410a:945:40)
    at div
    at CameraController2 (http://localhost:5173/src/components/spatial/camera/CameraController.tsx?t=1785127696740:25:3)
    at div
    at DesktopShell (http://localhost:5173/src/components/layout/DesktopShell.tsx?t=1785129319275:28:32)
    at div
    at div
    at div
    at ZaramProvider (http://localhost:5173/src/context/ZaramContext.jsx:20:33)
    at App (http://localhost:5173/src/App.jsx?t=1785141216816:112:27)
    at ThemeProvider (http://localhost:5173/src/theme/ThemeProvider.tsx:22:33)
    at PresenceProvider (http://localhost:5173/src/context/PresenceContext.tsx:25:36)
    at QueryClientProvider (http://localhost:5173/node_modules/.vite/deps/@tanstack_react-query.js?v=6057410a:3239:3)
    at ErrorBoundary (http://localhost:5173/src/components/common/ErrorBoundary.tsx:7:5)

React will try to recreate this component tree from scratch using the error boundary you provided, ErrorBoundary. @ http://localhost:5173/node_modules/.vite/deps/@react-three_fiber.js?v=6057410a:17704
[   55849ms] [ERROR] Renderer crashed: TypeError: Cannot read properties of null (reading 'length')
    at RuntimeInspector (http://localhost:5173/src/pages/RuntimeInspector.tsx:889:25)
    at renderWithHooks (http://localhost:5173/node_modules/.vite/deps/chunk-2EG2ZD3U.js?v=6057410a:11548:26)
    at updateFunctionComponent (http://localhost:5173/node_modules/.vite/deps/chunk-2EG2ZD3U.js?v=6057410a:14582:28)
    at beginWork (http://localhost:5173/node_modules/.vite/deps/chunk-2EG2ZD3U.js?v=6057410a:15924:22)
    at beginWork$1 (http://localhost:5173/node_modules/.vite/deps/chunk-2EG2ZD3U.js?v=6057410a:19753:22)
    at performUnitOfWork (http://localhost:5173/node_modules/.vite/deps/chunk-2EG2ZD3U.js?v=6057410a:19198:20)
    at workLoopSync (http://localhost:5173/node_modules/.vite/deps/chunk-2EG2ZD3U.js?v=6057410a:19137:13)
    at renderRootSync (http://localhost:5173/node_modules/.vite/deps/chunk-2EG2ZD3U.js?v=6057410a:19116:15)
    at recoverFromConcurrentError (http://localhost:5173/node_modules/.vite/deps/chunk-2EG2ZD3U.js?v=6057410a:18736:28)
    at performSyncWorkOnRoot (http://localhost:5173/node_modules/.vite/deps/chunk-2EG2ZD3U.js?v=6057410a:18879:28) {componentStack: 
    at RuntimeInspector (http://localhost:5173/sr…5173/src/components/common/ErrorBoundary.tsx:7:5)} @ http://localhost:5173/node_modules/.vite/deps/@react-three_fiber.js?v=6057410a:17704
[   56567ms] [INFO] %cDownload the React DevTools for a better development experience: https://reactjs.org/link/react-devtools font-weight:bold @ http://localhost:5173/node_modules/.vite/deps/chunk-2EG2ZD3U.js?v=6057410a:21550
[   57037ms] [WARNING] [DEPRECATED] Default export is deprecated. Instead use `import { create } from 'zustand'`. @ http://localhost:5173/node_modules/.vite/deps/zustand.js?v=6057410a:233
[   60105ms] [LOG] [Bridge] execution.onEvent subscribed @ http://localhost:5173/src/desktop/desktop-bridge.ts:97
[   60107ms] [LOG] [Bridge] execution.onEvent subscribed @ http://localhost:5173/src/desktop/desktop-bridge.ts:97
[   60140ms] TypeError: Cannot read properties of null (reading 'length')
    at RuntimeInspector (http://localhost:5173/src/pages/RuntimeInspector.tsx:889:25)
    at renderWithHooks (http://localhost:5173/node_modules/.vite/deps/chunk-2EG2ZD3U.js?v=6057410a:11548:26)
    at updateFunctionComponent (http://localhost:5173/node_modules/.vite/deps/chunk-2EG2ZD3U.js?v=6057410a:14582:28)
    at beginWork (http://localhost:5173/node_modules/.vite/deps/chunk-2EG2ZD3U.js?v=6057410a:15924:22)
    at HTMLUnknownElement.callCallback2 (http://localhost:5173/node_modules/.vite/deps/chunk-2EG2ZD3U.js?v=6057410a:3674:22)
    at Object.invokeGuardedCallbackDev (http://localhost:5173/node_modules/.vite/deps/chunk-2EG2ZD3U.js?v=6057410a:3699:24)
    at invokeGuardedCallback (http://localhost:5173/node_modules/.vite/deps/chunk-2EG2ZD3U.js?v=6057410a:3733:39)
    at beginWork$1 (http://localhost:5173/node_modules/.vite/deps/chunk-2EG2ZD3U.js?v=6057410a:19765:15)
    at performUnitOfWork (http://localhost:5173/node_modules/.vite/deps/chunk-2EG2ZD3U.js?v=6057410a:19198:20)
    at workLoopSync (http://localhost:5173/node_modules/.vite/deps/chunk-2EG2ZD3U.js?v=6057410a:19137:13)
[   60150ms] TypeError: Cannot read properties of null (reading 'length')
    at RuntimeInspector (http://localhost:5173/src/pages/RuntimeInspector.tsx:889:25)
    at renderWithHooks (http://localhost:5173/node_modules/.vite/deps/chunk-2EG2ZD3U.js?v=6057410a:11548:26)
    at updateFunctionComponent (http://localhost:5173/node_modules/.vite/deps/chunk-2EG2ZD3U.js?v=6057410a:14582:28)
    at beginWork (http://localhost:5173/node_modules/.vite/deps/chunk-2EG2ZD3U.js?v=6057410a:15924:22)
    at HTMLUnknownElement.callCallback2 (http://localhost:5173/node_modules/.vite/deps/chunk-2EG2ZD3U.js?v=6057410a:3674:22)
    at Object.invokeGuardedCallbackDev (http://localhost:5173/node_modules/.vite/deps/chunk-2EG2ZD3U.js?v=6057410a:3699:24)
    at invokeGuardedCallback (http://localhost:5173/node_modules/.vite/deps/chunk-2EG2ZD3U.js?v=6057410a:3733:39)
    at beginWork$1 (http://localhost:5173/node_modules/.vite/deps/chunk-2EG2ZD3U.js?v=6057410a:19765:15)
    at performUnitOfWork (http://localhost:5173/node_modules/.vite/deps/chunk-2EG2ZD3U.js?v=6057410a:19198:20)
    at workLoopSync (http://localhost:5173/node_modules/.vite/deps/chunk-2EG2ZD3U.js?v=6057410a:19137:13)
[   60154ms] [ERROR] The above error occurred in the <RuntimeInspector> component:

    at RuntimeInspector (http://localhost:5173/src/pages/RuntimeInspector.tsx:37:31)
    at div
    at MotionComponent (http://localhost:5173/node_modules/.vite/deps/framer-motion.js?v=6057410a:945:40)
    at div
    at CameraController2 (http://localhost:5173/src/components/spatial/camera/CameraController.tsx?t=1785127696740:25:3)
    at div
    at DesktopShell (http://localhost:5173/src/components/layout/DesktopShell.tsx?t=1785129319275:28:32)
    at div
    at div
    at div
    at ZaramProvider (http://localhost:5173/src/context/ZaramContext.jsx:20:33)
    at App (http://localhost:5173/src/App.jsx?t=1785141216816:112:27)
    at ThemeProvider (http://localhost:5173/src/theme/ThemeProvider.tsx:22:33)
    at PresenceProvider (http://localhost:5173/src/context/PresenceContext.tsx:25:36)
    at QueryClientProvider (http://localhost:5173/node_modules/.vite/deps/@tanstack_react-query.js?v=6057410a:3239:3)
    at ErrorBoundary (http://localhost:5173/src/components/common/ErrorBoundary.tsx:7:5)

React will try to recreate this component tree from scratch using the error boundary you provided, ErrorBoundary. @ http://localhost:5173/node_modules/.vite/deps/@react-three_fiber.js?v=6057410a:17704
[   60155ms] [ERROR] Renderer crashed: TypeError: Cannot read properties of null (reading 'length')
    at RuntimeInspector (http://localhost:5173/src/pages/RuntimeInspector.tsx:889:25)
    at renderWithHooks (http://localhost:5173/node_modules/.vite/deps/chunk-2EG2ZD3U.js?v=6057410a:11548:26)
    at updateFunctionComponent (http://localhost:5173/node_modules/.vite/deps/chunk-2EG2ZD3U.js?v=6057410a:14582:28)
    at beginWork (http://localhost:5173/node_modules/.vite/deps/chunk-2EG2ZD3U.js?v=6057410a:15924:22)
    at beginWork$1 (http://localhost:5173/node_modules/.vite/deps/chunk-2EG2ZD3U.js?v=6057410a:19753:22)
    at performUnitOfWork (http://localhost:5173/node_modules/.vite/deps/chunk-2EG2ZD3U.js?v=6057410a:19198:20)
    at workLoopSync (http://localhost:5173/node_modules/.vite/deps/chunk-2EG2ZD3U.js?v=6057410a:19137:13)
    at renderRootSync (http://localhost:5173/node_modules/.vite/deps/chunk-2EG2ZD3U.js?v=6057410a:19116:15)
    at recoverFromConcurrentError (http://localhost:5173/node_modules/.vite/deps/chunk-2EG2ZD3U.js?v=6057410a:18736:28)
    at performConcurrentWorkOnRoot (http://localhost:5173/node_modules/.vite/deps/chunk-2EG2ZD3U.js?v=6057410a:18684:30) {componentStack: 
    at RuntimeInspector (http://localhost:5173/sr…5173/src/components/common/ErrorBoundary.tsx:7:5)} @ http://localhost:5173/node_modules/.vite/deps/@react-three_fiber.js?v=6057410a:17704
[   61401ms] [LOG] [Bridge] execution.onEvent subscribed @ http://localhost:5173/src/desktop/desktop-bridge.ts:97
[   61403ms] [LOG] [Bridge] execution.onEvent subscribed @ http://localhost:5173/src/desktop/desktop-bridge.ts:97
[   61422ms] TypeError: Cannot read properties of null (reading 'length')
    at RuntimeInspector (http://localhost:5173/src/pages/RuntimeInspector.tsx:889:25)
    at renderWithHooks (http://localhost:5173/node_modules/.vite/deps/chunk-2EG2ZD3U.js?v=6057410a:11548:26)
    at updateFunctionComponent (http://localhost:5173/node_modules/.vite/deps/chunk-2EG2ZD3U.js?v=6057410a:14582:28)
    at beginWork (http://localhost:5173/node_modules/.vite/deps/chunk-2EG2ZD3U.js?v=6057410a:15924:22)
    at HTMLUnknownElement.callCallback2 (http://localhost:5173/node_modules/.vite/deps/chunk-2EG2ZD3U.js?v=6057410a:3674:22)
    at Object.invokeGuardedCallbackDev (http://localhost:5173/node_modules/.vite/deps/chunk-2EG2ZD3U.js?v=6057410a:3699:24)
    at invokeGuardedCallback (http://localhost:5173/node_modules/.vite/deps/chunk-2EG2ZD3U.js?v=6057410a:3733:39)
    at beginWork$1 (http://localhost:5173/node_modules/.vite/deps/chunk-2EG2ZD3U.js?v=6057410a:19765:15)
    at performUnitOfWork (http://localhost:5173/node_modules/.vite/deps/chunk-2EG2ZD3U.js?v=6057410a:19198:20)
    at workLoopSync (http://localhost:5173/node_modules/.vite/deps/chunk-2EG2ZD3U.js?v=6057410a:19137:13)
[   61430ms] TypeError: Cannot read properties of null (reading 'length')
    at RuntimeInspector (http://localhost:5173/src/pages/RuntimeInspector.tsx:889:25)
    at renderWithHooks (http://localhost:5173/node_modules/.vite/deps/chunk-2EG2ZD3U.js?v=6057410a:11548:26)
    at updateFunctionComponent (http://localhost:5173/node_modules/.vite/deps/chunk-2EG2ZD3U.js?v=6057410a:14582:28)
    at beginWork (http://localhost:5173/node_modules/.vite/deps/chunk-2EG2ZD3U.js?v=6057410a:15924:22)
    at HTMLUnknownElement.callCallback2 (http://localhost:5173/node_modules/.vite/deps/chunk-2EG2ZD3U.js?v=6057410a:3674:22)
    at Object.invokeGuardedCallbackDev (http://localhost:5173/node_modules/.vite/deps/chunk-2EG2ZD3U.js?v=6057410a:3699:24)
    at invokeGuardedCallback (http://localhost:5173/node_modules/.vite/deps/chunk-2EG2ZD3U.js?v=6057410a:3733:39)
    at beginWork$1 (http://localhost:5173/node_modules/.vite/deps/chunk-2EG2ZD3U.js?v=6057410a:19765:15)
    at performUnitOfWork (http://localhost:5173/node_modules/.vite/deps/chunk-2EG2ZD3U.js?v=6057410a:19198:20)
    at workLoopSync (http://localhost:5173/node_modules/.vite/deps/chunk-2EG2ZD3U.js?v=6057410a:19137:13)
[   61437ms] [ERROR] The above error occurred in the <RuntimeInspector> component:

    at RuntimeInspector (http://localhost:5173/src/pages/RuntimeInspector.tsx:37:31)
    at div
    at MotionComponent (http://localhost:5173/node_modules/.vite/deps/framer-motion.js?v=6057410a:945:40)
    at div
    at CameraController2 (http://localhost:5173/src/components/spatial/camera/CameraController.tsx?t=1785127696740:25:3)
    at div
    at DesktopShell (http://localhost:5173/src/components/layout/DesktopShell.tsx?t=1785129319275:28:32)
    at div
    at div
    at div
    at ZaramProvider (http://localhost:5173/src/context/ZaramContext.jsx:20:33)
    at App (http://localhost:5173/src/App.jsx?t=1785141216816:112:27)
    at ThemeProvider (http://localhost:5173/src/theme/ThemeProvider.tsx:22:33)
    at PresenceProvider (http://localhost:5173/src/context/PresenceContext.tsx:25:36)
    at QueryClientProvider (http://localhost:5173/node_modules/.vite/deps/@tanstack_react-query.js?v=6057410a:3239:3)
    at ErrorBoundary (http://localhost:5173/src/components/common/ErrorBoundary.tsx:7:5)

React will try to recreate this component tree from scratch using the error boundary you provided, ErrorBoundary. @ http://localhost:5173/node_modules/.vite/deps/@react-three_fiber.js?v=6057410a:17704
[   61437ms] [ERROR] Renderer crashed: TypeError: Cannot read properties of null (reading 'length')
    at RuntimeInspector (http://localhost:5173/src/pages/RuntimeInspector.tsx:889:25)
    at renderWithHooks (http://localhost:5173/node_modules/.vite/deps/chunk-2EG2ZD3U.js?v=6057410a:11548:26)
    at updateFunctionComponent (http://localhost:5173/node_modules/.vite/deps/chunk-2EG2ZD3U.js?v=6057410a:14582:28)
    at beginWork (http://localhost:5173/node_modules/.vite/deps/chunk-2EG2ZD3U.js?v=6057410a:15924:22)
    at beginWork$1 (http://localhost:5173/node_modules/.vite/deps/chunk-2EG2ZD3U.js?v=6057410a:19753:22)
    at performUnitOfWork (http://localhost:5173/node_modules/.vite/deps/chunk-2EG2ZD3U.js?v=6057410a:19198:20)
    at workLoopSync (http://localhost:5173/node_modules/.vite/deps/chunk-2EG2ZD3U.js?v=6057410a:19137:13)
    at renderRootSync (http://localhost:5173/node_modules/.vite/deps/chunk-2EG2ZD3U.js?v=6057410a:19116:15)
    at recoverFromConcurrentError (http://localhost:5173/node_modules/.vite/deps/chunk-2EG2ZD3U.js?v=6057410a:18736:28)
    at performSyncWorkOnRoot (http://localhost:5173/node_modules/.vite/deps/chunk-2EG2ZD3U.js?v=6057410a:18879:28) {componentStack: 
    at RuntimeInspector (http://localhost:5173/sr…5173/src/components/common/ErrorBoundary.tsx:7:5)} @ http://localhost:5173/node_modules/.vite/deps/@react-three_fiber.js?v=6057410a:17704
[   62150ms] [INFO] %cDownload the React DevTools for a better development experience: https://reactjs.org/link/react-devtools font-weight:bold @ http://localhost:5173/node_modules/.vite/deps/chunk-2EG2ZD3U.js?v=6057410a:21550
[   62583ms] [WARNING] [DEPRECATED] Default export is deprecated. Instead use `import { create } from 'zustand'`. @ http://localhost:5173/node_modules/.vite/deps/zustand.js?v=6057410a:233
[   65656ms] [LOG] [Bridge] execution.onEvent subscribed @ http://localhost:5173/src/desktop/desktop-bridge.ts:97
[   65657ms] [LOG] [Bridge] execution.onEvent subscribed @ http://localhost:5173/src/desktop/desktop-bridge.ts:97
[   65678ms] TypeError: Cannot read properties of null (reading 'length')
    at RuntimeInspector (http://localhost:5173/src/pages/RuntimeInspector.tsx:889:25)
    at renderWithHooks (http://localhost:5173/node_modules/.vite/deps/chunk-2EG2ZD3U.js?v=6057410a:11548:26)
    at updateFunctionComponent (http://localhost:5173/node_modules/.vite/deps/chunk-2EG2ZD3U.js?v=6057410a:14582:28)
    at beginWork (http://localhost:5173/node_modules/.vite/deps/chunk-2EG2ZD3U.js?v=6057410a:15924:22)
    at HTMLUnknownElement.callCallback2 (http://localhost:5173/node_modules/.vite/deps/chunk-2EG2ZD3U.js?v=6057410a:3674:22)
    at Object.invokeGuardedCallbackDev (http://localhost:5173/node_modules/.vite/deps/chunk-2EG2ZD3U.js?v=6057410a:3699:24)
    at invokeGuardedCallback (http://localhost:5173/node_modules/.vite/deps/chunk-2EG2ZD3U.js?v=6057410a:3733:39)
    at beginWork$1 (http://localhost:5173/node_modules/.vite/deps/chunk-2EG2ZD3U.js?v=6057410a:19765:15)
    at performUnitOfWork (http://localhost:5173/node_modules/.vite/deps/chunk-2EG2ZD3U.js?v=6057410a:19198:20)
    at workLoopSync (http://localhost:5173/node_modules/.vite/deps/chunk-2EG2ZD3U.js?v=6057410a:19137:13)
[   65682ms] TypeError: Cannot read properties of null (reading 'length')
    at RuntimeInspector (http://localhost:5173/src/pages/RuntimeInspector.tsx:889:25)
    at renderWithHooks (http://localhost:5173/node_modules/.vite/deps/chunk-2EG2ZD3U.js?v=6057410a:11548:26)
    at updateFunctionComponent (http://localhost:5173/node_modules/.vite/deps/chunk-2EG2ZD3U.js?v=6057410a:14582:28)
    at beginWork (http://localhost:5173/node_modules/.vite/deps/chunk-2EG2ZD3U.js?v=6057410a:15924:22)
    at HTMLUnknownElement.callCallback2 (http://localhost:5173/node_modules/.vite/deps/chunk-2EG2ZD3U.js?v=6057410a:3674:22)
    at Object.invokeGuardedCallbackDev (http://localhost:5173/node_modules/.vite/deps/chunk-2EG2ZD3U.js?v=6057410a:3699:24)
    at invokeGuardedCallback (http://localhost:5173/node_modules/.vite/deps/chunk-2EG2ZD3U.js?v=6057410a:3733:39)
    at beginWork$1 (http://localhost:5173/node_modules/.vite/deps/chunk-2EG2ZD3U.js?v=6057410a:19765:15)
    at performUnitOfWork (http://localhost:5173/node_modules/.vite/deps/chunk-2EG2ZD3U.js?v=6057410a:19198:20)
    at workLoopSync (http://localhost:5173/node_modules/.vite/deps/chunk-2EG2ZD3U.js?v=6057410a:19137:13)
[   65686ms] [ERROR] The above error occurred in the <RuntimeInspector> component:

    at RuntimeInspector (http://localhost:5173/src/pages/RuntimeInspector.tsx:37:31)
    at div
    at MotionComponent (http://localhost:5173/node_modules/.vite/deps/framer-motion.js?v=6057410a:945:40)
    at div
    at CameraController2 (http://localhost:5173/src/components/spatial/camera/CameraController.tsx?t=1785127696740:25:3)
    at div
    at DesktopShell (http://localhost:5173/src/components/layout/DesktopShell.tsx?t=1785129319275:28:32)
    at div
    at div
    at div
    at ZaramProvider (http://localhost:5173/src/context/ZaramContext.jsx:20:33)
    at App (http://localhost:5173/src/App.jsx?t=1785141216816:112:27)
    at ThemeProvider (http://localhost:5173/src/theme/ThemeProvider.tsx:22:33)
    at PresenceProvider (http://localhost:5173/src/context/PresenceContext.tsx:25:36)
    at QueryClientProvider (http://localhost:5173/node_modules/.vite/deps/@tanstack_react-query.js?v=6057410a:3239:3)
    at ErrorBoundary (http://localhost:5173/src/components/common/ErrorBoundary.tsx:7:5)

React will try to recreate this component tree from scratch using the error boundary you provided, ErrorBoundary. @ http://localhost:5173/node_modules/.vite/deps/@react-three_fiber.js?v=6057410a:17704
[   65686ms] [ERROR] Renderer crashed: TypeError: Cannot read properties of null (reading 'length')
    at RuntimeInspector (http://localhost:5173/src/pages/RuntimeInspector.tsx:889:25)
    at renderWithHooks (http://localhost:5173/node_modules/.vite/deps/chunk-2EG2ZD3U.js?v=6057410a:11548:26)
    at updateFunctionComponent (http://localhost:5173/node_modules/.vite/deps/chunk-2EG2ZD3U.js?v=6057410a:14582:28)
    at beginWork (http://localhost:5173/node_modules/.vite/deps/chunk-2EG2ZD3U.js?v=6057410a:15924:22)
    at beginWork$1 (http://localhost:5173/node_modules/.vite/deps/chunk-2EG2ZD3U.js?v=6057410a:19753:22)
    at performUnitOfWork (http://localhost:5173/node_modules/.vite/deps/chunk-2EG2ZD3U.js?v=6057410a:19198:20)
    at workLoopSync (http://localhost:5173/node_modules/.vite/deps/chunk-2EG2ZD3U.js?v=6057410a:19137:13)
    at renderRootSync (http://localhost:5173/node_modules/.vite/deps/chunk-2EG2ZD3U.js?v=6057410a:19116:15)
    at recoverFromConcurrentError (http://localhost:5173/node_modules/.vite/deps/chunk-2EG2ZD3U.js?v=6057410a:18736:28)
    at performConcurrentWorkOnRoot (http://localhost:5173/node_modules/.vite/deps/chunk-2EG2ZD3U.js?v=6057410a:18684:30) {componentStack: 
    at RuntimeInspector (http://localhost:5173/sr…5173/src/components/common/ErrorBoundary.tsx:7:5)} @ http://localhost:5173/node_modules/.vite/deps/@react-three_fiber.js?v=6057410a:17704
